our_slug	polycab_url
industries/cables-by-application/automation-and-process-control/polycab-01y-k-1100v-ac-is-694-twin-parallel-and-twisted	https://polycab.com/polycab-01y-k-1100v-ac-is-694-twin-parallel-twisted/a-5040/p-55632
industries/cables-by-application/automation-and-process-control/polycab-classic-100-300500v-ac	https://polycab.com/polycab-classic-100-300500v-ac/a-5040/p-55550
cable-terminal/copper	https://polycab.com/elanza-pedestal-fan-400mm-sweep-5-blades-white-grey-with-copper-motor/c-4984/p-53763
conduit-accessories/concealed-box	https://polycab.com/concealed-plastic-box-standard-1-2-module/c-20063/p-56759
industries/cables-by-application/automation-and-process-control/polycab-classic-100-cy-450750v-ac	https://polycab.com/polycab-classic-100-cy-450750v-ac/a-5040/p-55558
industries/cables-by-application/automation-and-process-control/polycab-flexible-cords-type-sjoow-ul-62-300v	https://polycab.com/polycab-flexible-cords-type-sjoow-ul-62-300v/a-5040/p-54971
industries/cables-by-type/others/industrial-cable/polycab-h03s-k-bsen-50525-2-41-sc-300300v-ac	https://polycab.com/polycab-h03s-k-bsen-50525-2-41-sc-300300v-ac/a-5050/p-54937
industries/cables-by-application/aerospace-industry	https://polycab.com/cables/applications/mobility-infrastructure/aerospace-industry
industries/cables-by-application/aerospace-industry/polycab-mv-cu-bs-6622-63511kv	https://polycab.com/polycab-mv-cu-bs-6622-63511kv/a-5051/p-54995
industries/cables-by-application/automation-and-process-control/polycab-02yy-r-1100v-ac-is-694	https://polycab.com/polycab-02yy-r-1100v-ac-is-694/a-5040/p-55630
industries/cables-by-application/automation-and-process-control/polycab-110-cy-iec-60227-7-screened-control-cable-300500v-ac	https://polycab.com/polycab-110-cy-iec-60227-7-screened-control-cable-300500v-ac/a-5040/p-54824
industries/cables-by-application/automation-and-process-control/polycab-al-type-tc-thhnthwn-2-cable-600v	https://polycab.com/polycab-al-type-tc-thhnthwn-2-cable-600v/a-5040/p-54961
industries/cables-by-application/automation-and-process-control/polycab-festoon-flat-15sqmm-multicore-cable	https://polycab.com/polycab-festoon-flat-15sqmm-multicore-cable/a-5040/p-55499
industries/cables-by-application/automation-and-process-control/polycab-classic-110-cy-screened-300500v-ac	https://polycab.com/polycab-classic-110-cy-screened-300500v-ac/a-5040/p-55650
industries/cables-by-application/automation-and-process-control/polycab-classic-100-bk-6001000v-ac	https://polycab.com/polycab-classic-100-bk-6001000v-ac/a-5040/p-55562
industries/cables-by-application/automation-and-process-control/polycab-classic-100-cy-300500v-ac	https://polycab.com/polycab-classic-100-cy-300500v-ac/a-5040/p-55552
industries/cables-by-application/automation-and-process-control/polycab-classic-100-sy-300500v-ac	https://polycab.com/polycab-classic-100-sy-300500v-ac/a-5040/p-55554
industries/cables-by-application/automation-and-process-control/polycab-classic-110-300500v-ac	https://polycab.com/polycab-classic-110-300500v-ac/a-5040/p-55602
industries/cables-by-application/automation-and-process-control/polycab-classic-110-bk-300500v-ac	https://polycab.com/polycab-classic-110-bk-300500v-ac/a-5040/p-55598
industries/cables-by-application/automation-and-process-control/polycab-classic-110-orange-300500v-ac	https://polycab.com/polycab-classic-110-orange-300500v-ac/a-5040/p-55604
industries/cables-by-application/automation-and-process-control/polycab-festoon-flat-4sqmm-multicore-cable	https://polycab.com/polycab-festoon-flat-4sqmm-multicore-cable/a-5040/p-55503
industries/cables-by-application/automation-and-process-control/polycab-cu-type-tctc-er-thhnthwn-2-16-awg-tray-cable	https://polycab.com/polycab-cu-type-tctc-er-thhnthwn-2-16-awg-tray-cable/a-3904/p-54959
industries/cables-by-application/automation-and-process-control/polycab-cu-type-tctc-er-xhhw-2-tray-cable	https://polycab.com/polycab-cu-type-tctc-er-xhhw-2-tray-cable/a-3904/p-54977
industries/cables-by-application/automation-and-process-control/polycab-festoon-flat-05sqmm-multicore-cable	https://polycab.com/polycab-festoon-flat-05sqmm-multicore-cable/a-5040/p-55493
industries/cables-by-application/automation-and-process-control/polycab-festoon-flat-075sqmm-multicore-cable	https://polycab.com/polycab-festoon-flat-075sqmm-multicore-cable/a-5040/p-55495
industries/cables-by-application/automation-and-process-control/polycab-festoon-flat-25sqmm-multicore-cable	https://polycab.com/polycab-festoon-flat-25sqmm-multicore-cable/a-5040/p-55501
industries/cables-by-application/automation-and-process-control/polycab-flexible-cords-type-soow-ul-62-600v	https://polycab.com/polycab-flexible-cords-type-soow-ul-62-600v/a-5040/p-54973
industries/cables-by-application/automation-and-process-control/polycab-h03vv-f-bsen-50525-2-11-mc-300300v-ac	https://polycab.com/polycab-h03vv-f-bsen-50525-2-11-mc-300300v-ac/a-5040/p-55538
industries/cables-by-application/automation-and-process-control/polycab-h03vvh2-f-bsen-50525-2-11-mc-300300v-ac	https://polycab.com/polycab-h03vvh2-f-bsen-50525-2-11-mc-300300v-ac/a-5040/p-55540
industries/cables-by-application/automation-and-process-control/polycab-h05v2-kh07v2-k-bsen-50525-2-31-sc-300500vand450750v-ac	https://polycab.com/polycab-h05v2-kh07v2-k-bsen-50525-2-31-sc-300500v450750v-ac/a-5040/p-55327
industries/cables-by-application/automation-and-process-control/polycab-h05v2v2d3-f-bsen-50525-2-11-mc-300500v-ac	https://polycab.com/polycab-h05v2v2d3-f-bsen-50525-2-11-mc-300500v-ac/a-5040/p-55542
industries/cables-by-application/automation-and-process-control/polycab-h05vv-f-bsen-50525-2-11-mc-300500v-ac	https://polycab.com/polycab-h05vv-f-bsen-50525-2-11-mc-300500v-ac/a-5040/p-54913
industries/cables-by-application/automation-and-process-control/polycab-h03z1z1-f-bsen-50525-3-11-300300v-ac	https://polycab.com/polycab-h03z1z1-f-bsen-50525-3-11-300300v-ac/a-5040/p-55594
industries/cables-by-application/automation-and-process-control	https://polycab.com/cables/applications/manufacturing-industries/automation-process-control
industries/cables-by-application/building-infrastructure	https://polycab.com/cables/applications/building-infrastructure
industries/cables-by-application/automation-and-process-control/polycab-h05z-uh07z-u-bsen-50525-3-41-sc-300500vand450750v-ac	https://polycab.com/polycab-h05z-uh07z-u-bsen-50525-3-41-sc-300500v450750v-ac/a-5040/p-55323
industries/cables-by-application/automation-and-process-control/polycab-h07v-uh07v-r-bsen-50525-2-31-sc-450750v-ac	https://polycab.com/polycab-h07v-uh07v-r-bsen-50525-2-31-sc-450750v-ac/a-5040/p-55331
industries/cables-by-application/automation-and-process-control/polycab-rs-485-300500v-ac-unarmoured-cable	https://polycab.com/polycab-rs-485-300500v-ac-unarmoured-cable/a-5040/p-55652
industries/cables-by-application/automation-and-process-control/polycab-type-bk-bs-6231-switch-gear-and-control-gear-wiring-061kv-ac	https://polycab.com/polycab-type-bk-bs-6231-switch-gear-control-gear-wiring-061kv-ac/a-5040/p-54834
industries/cables-by-application/automation-and-process-control/polycab-h07z-r-bsen-50525-3-41-450750v-ac	https://polycab.com/polycab-h07z-r-bsen-50525-3-41-450750v-ac/a-5040/p-55321
industries/cables-by-application/automation-and-process-control/polycab-h07v-k-bsen-50525-2-31-sc-450750v-ac	https://polycab.com/polycab-h07v-k-bsen-50525-2-31-sc-450750v-ac/a-5040/p-55329
industries/cables-by-application/cement-industry/polycab-02yy-k-1100v-ac-is-694	https://polycab.com/polycab-02yy-k-1100v-ac-is-694/a-5046/p-54810
industries/cables-by-application/cement-industry/polycab-h03s-k-bsen-50525-2-41-sc-300300v-ac	https://polycab.com/polycab-h03s-k-bsen-50525-2-41-sc-300300v-ac/a-5050/p-54937
industries/cables-by-application/cement-industry/polycab-h05rn-f-bsen-50525-2-21-mc-300500v-ac	https://polycab.com/polycab-h05rn-f-bsen-50525-2-21-mc-300500v-ac/a-5050/p-54830
industries/cables-by-application/cement-industry/polycab-h05rr-f-bsen-50525-2-21-mc-300500v-ac	https://polycab.com/polycab-h05rr-f-bsen-50525-2-21-mc-300500v-ac/a-5050/p-54945
industries/cables-by-application/cement-industry/polycab-h05s-uh05s-k-bsen-50525-2-41-sc-300500v-ac	https://polycab.com/polycab-h05s-uh05s-k-bsen-50525-2-41-sc-300500v-ac/a-5050/p-54943
industries/cables-by-application/automation-and-process-control/polycab-type-mc-al-conductor-ul-1569-600v	https://polycab.com/polycab-type-mc-al-conductor-ul-1569-600v/a-5040/p-54951
industries/cables-by-application/cement-industry/polycab-h07rn-f-bsen-50525-2-21-mc-450750v-ac	https://polycab.com/polycab-h07rn-f-bsen-50525-2-21-mc-450750v-ac/a-5050/p-54832
industries/cables-by-application/cement-industry/polycab-hffr-01zz-k03xzz-k-1100v-ac-is-17048	https://polycab.com/polycab-hffr-01zz-k03xzz-k-1100v-ac-is-17048/a-5044/p-54816
industries/cables-by-application/cement-industry/polycab-hffr-01zz-k03xzz-k-mc-1100v-ac-is-17048	https://polycab.com/polycab-hffr-01zz-k03xzz-k-mc-1100v-ac-is-17048/a-5044/p-54820
industries/cables-by-application/cement-industry/polycab-hffr-04xz-k-1100v-ac-is-17048	https://polycab.com/polycab-hffr-04xz-k-1100v-ac-is-17048/a-5044/p-54923
lighting/downlight/pearl-led-swivel-spot-3-in-1	https://polycab.com/pearl-led-swivel-spot-3-in-1-6-wattage-round-3-in-1/c-4990/p-58021
industries/cables-by-application/automation-and-process-control/polycab-type-mc-pvc-jacketed-al-conductor-ul-1569-600v	https://polycab.com/polycab-type-mc-pvc-jacketed-al-conductor-ul-1569-600v/a-5040/p-54953
industries/cables-by-application/cement-industry/polycab-h05bn4-f-bsen-50525-2-21-mc-300500v-ac	https://polycab.com/polycab-h05bn4-f-bsen-50525-2-21-mc-300500v-ac/a-5050/p-55588
industries/cables-by-application/cement-industry/polycab-lv-15-cu-iec-60502-1-061kv-mc-swa	https://polycab.com/polycab-lv-15-cu-iec-60502-1-061kv-mc-swa/a-5043/p-55307
industries/cables-by-application/cement-industry	https://polycab.com/cables/applications/manufacturing-industries/cement-industry
industries/cables-by-application/cement-industry/polycab-lv-15-cu-iec-60502-1-061kv-mc-ua	https://polycab.com/polycab-lv-15-cu-iec-60502-1-061kv-mc-ua/a-5043/p-55303
industries/cables-by-application/cement-industry/polycab-lv-25-cu-iec-60502-1-061kv-mc-ua	https://polycab.com/polycab-lv-25-cu-iec-60502-1-061kv-mc-ua/a-5043/p-55309
industries/cables-by-application/cement-industry/polycab-h05ss-k-bsen-50525-2-41-sc-300500v-ac	https://polycab.com/polycab-h05ss-k-bsen-50525-2-41-sc-300500v-ac/a-5050/p-54941
industries/cables-by-application/cement-industry/polycab-lv-al-iec-60502-1-061kv-mc-4-sfa	https://polycab.com/polycab-lv-al-iec-60502-1-061kv-mc-4-sfa/a-5046/p-55291
industries/cables-by-application/cement-industry/polycab-lv-al-iec-60502-1-061kv-mc-4-ua	https://polycab.com/polycab-lv-al-iec-60502-1-061kv-mc-4-ua/a-5046/p-55295
industries/cables-by-application/cement-industry/polycab-lv-al-iec-60502-1-061kv-sc-ua	https://polycab.com/polycab-lv-al-iec-60502-1-061kv-sc-ua/a-5046/p-55243
industries/cables-by-application/cement-industry/polycab-lv-cu-iec-60502-1-061kv-mc-2-sfa	https://polycab.com/polycab-lv-cu-iec-60502-1-061kv-mc-2-sfa/a-5046/p-55261
industries/cables-by-standards/as-nzs-5000/polycab-solar-as-nzs-5000-pvc-twist-at	https://polycab.com/polycab-solar-as-nzs-5000-pvc-twist-at/a-5034/p-55507
industries/cables-by-application/cement-industry/polycab-lv-al-iec-60502-1-061kv-mc-2-ua	https://polycab.com/polycab-lv-al-iec-60502-1-061kv-mc-2-ua/a-5046/p-55259
industries/cables-by-application/cement-industry/polycab-lv-cu-iec-60502-1-061kv-mc-35-sfa	https://polycab.com/polycab-lv-cu-iec-60502-1-061kv-mc-35-sfa/a-5046/p-55273
industries/cables-by-application/cement-industry/polycab-lv-cu-iec-60502-1-061kv-mc-35-swa	https://polycab.com/polycab-lv-cu-iec-60502-1-061kv-mc-35-swa/a-5046/p-55275
industries/cables-by-application/cement-industry/polycab-lv-cu-iec-60502-1-061kv-mc-4-swa	https://polycab.com/polycab-lv-cu-iec-60502-1-061kv-mc-4-swa/a-5046/p-55299
industries/cables-by-application/cement-industry/polycab-lv-cu-iec-60502-1-061kv-mc-4-ua	https://polycab.com/polycab-lv-cu-iec-60502-1-061kv-mc-4-ua/a-5046/p-55301
industries/cables-by-application/cement-industry/polycab-lv-cu-iec-60502-1-061kv-sc-sfa	https://polycab.com/polycab-lv-cu-iec-60502-1-061kv-sc-sfa/a-5046/p-55251
industries/cables-by-application/cement-industry/polycab-lv-is-7098-i-1c-a2xfay-a2xway	https://polycab.com/polycab-lv-is-7098-i-1c-a2xfay-a2xway/a-5043/p-54734
industries/cables-by-application/cement-industry/polycab-lv-is-7098-i-1c-a2xy	https://polycab.com/polycab-lv-is-7098-i-1c-a2xy/a-5043/p-54738
industries/cables-by-application/cement-industry/polycab-lv-is-7098-i-2c-2xy	https://polycab.com/polycab-lv-is-7098-i-2c-2xy/a-5043/p-54740
industries/cables-by-application/cement-industry/polycab-lv-is-7098-i-2c-a2xfy	https://polycab.com/polycab-lv-is-7098-i-2c-a2xfy/a-5043/p-54704
industries/cables-by-application/cement-industry/polycab-lv-is-7098-i-2c-a2xwy	https://polycab.com/polycab-lv-is-7098-i-2c-a2xwy/a-5043/p-54706
industries/cables-by-application/cement-industry/polycab-hffr-01zz-k03xzz-k-1100v-ac-is-17048-flat-cable	https://polycab.com/polycab-hffr-01zz-k03xzz-k-1100v-ac-is-17048-flat-cable/a-5044/p-55644
industries/cables-by-application/cement-industry/polycab-lv-is-7098-i-35c-a2xwy	https://polycab.com/polycab-lv-is-7098-i-35c-a2xwy/a-5043/p-54714
industries/cables-by-application/cement-industry/polycab-lv-is-7098-i-3c-2xwy	https://polycab.com/polycab-lv-is-7098-i-3c-2xwy/a-5043/p-54718
industries/cables-by-application/cement-industry/polycab-lv-is-7098-i-3c-2xy	https://polycab.com/polycab-lv-is-7098-i-3c-2xy/a-5043/p-54748
industries/cables-by-application/cement-industry/polycab-lv-is-7098-i-3c-a2xfy	https://polycab.com/polycab-lv-is-7098-i-3c-a2xfy/a-5043/p-54720
industries/cables-by-application/cement-industry/polycab-lv-15-cu-iec-60502-1-061kv-mc-sfa	https://polycab.com/polycab-lv-15-cu-iec-60502-1-061kv-mc-sfa/a-5043/p-55305
industries/cables-by-application/cement-industry/polycab-lv-is-7098-i-4c-2xy	https://polycab.com/polycab-lv-is-7098-i-4c-2xy/a-5046/p-54752
industries/cables-by-application/cement-industry/polycab-lv-is-7098-i-mc-25-2xfy	https://polycab.com/polycab-lv-is-7098-i-mc-25-2xfy/a-5043/p-54762
industries/cables-by-application/cement-industry/polycab-lv-is-7098-i-mc-25-2xwy	https://polycab.com/polycab-lv-is-7098-i-mc-25-2xwy/a-5043/p-54764
industries/cables-by-application/cement-industry/polycab-sir-1100v-ac-is-9968-1	https://polycab.com/polycab-sir-1100v-ac-is-9968-1/a-5050/p-54935
industries/cables-by-standards/as-nzs-5000/polycab-solar-as-nzs-5000-xlpo	https://polycab.com/polycab-solar-as-nzs-5000-xlpo/a-5034/p-55521
industries/cables-by-application/commercial/polycab-6181b6182b6183b6184b6185b-bs-7211-450750v-ac	https://polycab.com/polycab-6181b6182b6183b6184b6185b-bs-7211-450750v-ac/a-3904/p-55489
industries/cables-by-application/commercial/polycab-6181y-bs-6004-sc-300500v-ac	https://polycab.com/polycab-6181y-bs-6004-sc-300500v-ac/a-3904/p-55481
industries/cables-by-application/commercial/polycab-6192y6193y-bs-6004-mc-300500v-ac	https://polycab.com/polycab-6192y6193y-bs-6004-mc-300500v-ac/a-3904/p-55475
industries/cables-by-application/commercial/polycab-6241b6242b6243b-bs-7211-mc-300500v-ac	https://polycab.com/polycab-6241b6242b6243b-bs-7211-mc-300500v-ac/a-3904/p-55491
industries/cables-by-application/commercial/polycab-6241y6242y6243y-bs-6004-mc-300500v-ac	https://polycab.com/polycab-6241y6242y6243y-bs-6004-mc-300500v-ac/a-3904/p-55479
industries/cables-by-application/commercial/polycab-al-xhhw-2-type-mc-al	https://polycab.com/polycab-al-xhhw-2-type-mc-al-armoured-pvc-jacket-ul-1569-600v/a-5040/p-54957
industries/cables-by-application/cement-industry/polycab-sir-sc-1100v-ac-is-9968-1	https://polycab.com/polycab-sir-sc-1100v-ac-is-9968-1/a-5050/p-54931
industries/cables-by-application/commercial/polycab-bms-300-mc-a7	https://polycab.com/polycab-bms-300-mc-a7/a-3901/p-54796
industries/cables-by-application/commercial/polycab-bms-500-mc-a7	https://polycab.com/polycab-bms-500-mc-a7/a-3901/p-54800
industries/cables-by-application/commercial/polycab-coaxial-cable	https://polycab.com/polycab-coaxial-cable/a-3903/p-55616
industries/cables-by-application/commercial/polycab-cu-type-tctc-er-thhnthwn-2-16-awg-tray-cable	https://polycab.com/polycab-cu-type-tctc-er-thhnthwn-2-16-awg-tray-cable/a-3904/p-54959
industries/cables-by-application/commercial/polycab-cu-type-tctc-er-thhnthwn-2-tray-cable	https://polycab.com/polycab-cu-type-tctc-er-thhnthwn-2-tray-cable/a-3904/p-55564
industries/cables-by-application/commercial/polycab-etira-fr-1100v-ac-is-694	https://polycab.com/polycab-etira-fr-1100v-ac-is-694/a-3901/p-55658
industries/cables-by-application/commercial/polycab-etira-frlsh-1100v-ac-is-694	https://polycab.com/polycab-etira-frlsh-1100v-ac-is-694/a-3901/p-55660
industries/cables-by-application/commercial/polycab-festoon-flat-075sqmm-multicore-cable	https://polycab.com/polycab-festoon-flat-075sqmm-multicore-cable/a-5040/p-55495
industries/cables-by-application/commercial/polycab-festoon-flat-15sqmm-multicore-cable	https://polycab.com/polycab-festoon-flat-15sqmm-multicore-cable/a-5040/p-55499
industries/cables-by-application/commercial/polycab-festoon-flat-4sqmm-multicore-cable	https://polycab.com/polycab-festoon-flat-4sqmm-multicore-cable/a-5040/p-55503
industries/cables-by-application/commercial/polycab-fr-lf-1100v-ac-is-694	https://polycab.com/polycab-fr-lf-1100v-ac-is-694/a-3901/p-54919
industries/cables-by-application/commercial/polycab-fr-lsh-1100v-ac-is-694	https://polycab.com/polycab-fr-lsh-1100v-ac-is-694/a-3901/p-54917
industries/cables-by-application/commercial/polycab-h05v2v2d3-f-bsen-50525-2-11-mc-300500v-ac	https://polycab.com/polycab-h05v2v2d3-f-bsen-50525-2-11-mc-300500v-ac/a-5040/p-55542
industries/cables-by-application/commercial/polycab-h05vvh2-f-bsen-50525-2-11-mc-300500v-ac	https://polycab.com/polycab-h05vvh2-f-bsen-50525-2-11-mc-300500v-ac/a-5040/p-55544
industries/cables-by-application/commercial/polycab-speaker-cable	https://polycab.com/polycab-speaker-cable/a-3901/p-54802
industries/cables-by-application/commercial/polycab-nmb-cable-ul-719-600v	https://polycab.com/polycab-nmb-cable-ul-719-600v/a-3901/p-54967
industries/cables-by-application/commercial	https://polycab.com/cables/applications/building-infrastructure/commercial
industries/cables-by-application/datacenters	https://polycab.com/cables/applications/building-infrastructure/datacenters
industries/cables-by-application/commercial/polycab-thhn-cu-ul-83-600v	https://polycab.com/polycab-thhn-cu-ul-83-600v/a-3901/p-54840
industries/cables-by-application/datacenters/polycab-h07z-r-bsen-50525-3-41-450750v-ac	https://polycab.com/polycab-h07z-r-bsen-50525-3-41-450750v-ac/a-5040/p-55321
industries/cables-by-application/commercial/polycab-ufb-cable-ul-493-600v	https://polycab.com/polycab-ufb-cable-ul-493-600v/a-3901/p-54965
industries/cables-by-application/datacenters/polycab-mv-cu-bs-7835-6351112kv	https://polycab.com/polycab-mv-cu-bs-7835-63511-12-kv/a-3902/p-55011
industries/cables-by-application/defence-and-armaments-industry/polycab-h05rn-f-bsen-50525-2-21-mc-300500v-ac	https://polycab.com/polycab-h05rn-f-bsen-50525-2-21-mc-300500v-ac/a-5050/p-54830
industries/cables-by-application/defence-and-armaments-industry/polycab-h05s-uh05s-k-bsen-50525-2-41-sc-300500v-ac	https://polycab.com/polycab-h05s-uh05s-k-bsen-50525-2-41-sc-300500v-ac/a-5050/p-54943
industries/cables-by-application/defence-and-armaments-industry/polycab-h05sj-uh05sj-k-bsen-50525-2-41-sc-300500v-ac	https://polycab.com/polycab-h05sj-uh05sj-k-bsen-50525-2-41-sc-300500v-ac/a-5050/p-54939
industries/cables-by-application/datacenters/polycab-rs-485-300500v-ac-armoured-cable	https://polycab.com/polycab-rs-485-300500v-ac-armoured-cable/a-5040/p-55654
industries/cables-by-application/datacenters/polycab-rs-485-300500v-ac-unarmoured-cable	https://polycab.com/polycab-rs-485-300500v-ac-unarmoured-cable/a-5040/p-55652
industries/cables-by-application/cement-industry/polycab-lv-25-cu-iec-60502-1-061kv-mc-sfa	https://polycab.com/polycab-lv-25-cu-iec-60502-1-061kv-mc-sfa/a-5043/p-55311
industries/cables-by-application/defence-and-armaments-industry/polycab-sir-s-1100v-ac-is-9968-1	https://polycab.com/polycab-sir-s-1100v-ac-is-9968-1/a-5050/p-54933
industries/cables-by-application/defence-and-armaments-industry	https://polycab.com/cables/applications/mobility-infrastructure/defence-armaments-industry
industries/cables-by-application/energy-and-power-grid	https://polycab.com/cables/applications/energy-and-power-grid
industries/cables-by-application/exploration-industries	https://polycab.com/cables/applications/exploration-industries
industries/cables-by-application/defence-and-armaments-industry/polycab-sir-sc-1100v-ac-is-9968-1	https://polycab.com/polycab-sir-sc-1100v-ac-is-9968-1/a-5050/p-54931
industries/cables-by-application/food-and-beverages/polycab-h05bq-f-bsen-50525-2-21-mc-300500v-ac	https://polycab.com/polycab-h05bq-f-bsen-50525-2-21-mc-300500v-ac/a-5043/p-54826
industries/cables-by-application/food-and-beverages/polycab-hffr-01zz-r03xzz-r-1100v-ac-is-17048	https://polycab.com/polycab-hffr-01zz-r03xzz-r-1100v-ac-is-17048/a-5042/p-55656
industries/cables-by-application/cement-industry/polycab-lv-al-iec-60502-1-061kv-mc-35-swa	https://polycab.com/polycab-lv-al-iec-60502-1-061kv-mc-35-swa/a-5046/p-55269
industries/cables-by-application/food-and-beverages	https://polycab.com/cables/applications/manufacturing-industries/food-beverages
industries/cables-by-application/healthcare/polycab-6181b6182b6183b6184b6185b-bs-7211-450750v-ac	https://polycab.com/polycab-6181b6182b6183b6184b6185b-bs-7211-450750v-ac/a-3904/p-55489
industries/cables-by-application/healthcare/polycab-bms-300-mc-a7	https://polycab.com/polycab-bms-300-mc-a7/a-3901/p-54796
industries/cables-by-application/healthcare/polycab-bms-500-mc-a7	https://polycab.com/polycab-bms-500-mc-a7/a-3901/p-54800
industries/cables-by-application/healthcare/polycab-bms-500-mc-c4	https://polycab.com/polycab-bms-500-mc-c4/a-3901/p-54798
industries/cables-by-application/healthcare/polycab-etira-fr-1100v-ac-is-694	https://polycab.com/polycab-etira-fr-1100v-ac-is-694/a-3901/p-55658
industries/cables-by-application/healthcare	https://polycab.com/cables/applications/manufacturing-industries/healthcare
industries/cables-by-application/it-industry/polycab-instrumentation-300-sttimf	https://polycab.com/polycab-instrumentation-300-st-timf/a-3905/p-54778
industries/cables-by-application/it-industry/polycab-cctv-cable	https://polycab.com/polycab-cctv-cable/a-3905/p-54804
industries/cables-by-application/healthcare/polycab-speaker-cable	https://polycab.com/polycab-speaker-cable/a-3901/p-54802
industries/cables-by-application/it-industry/polycab-instrumentation-500-mcst	https://polycab.com/polycab-instrumentation-500-mc-st/a-3905/p-54770
industries/cables-by-application/it-industry/polycab-lv-al-iec-60502-1-061kv-mc-35-swa	https://polycab.com/polycab-lv-al-iec-60502-1-061kv-mc-35-swa/a-5046/p-55269
industries/cables-by-application/it-industry/polycab-instrumentation-500-tst	https://polycab.com/polycab-instrumentation-500-t-st/a-3905/p-54784
industries/cables-by-application/it-industry/polycab-lv-al-iec-60502-1-061kv-mc-2-sfa	https://polycab.com/polycab-lv-al-iec-60502-1-061kv-mc-2-sfa/a-5046/p-55255
industries/cables-by-application/it-industry/polycab-lv-15-cu-iec-60502-1-061kv-mc-sfa	https://polycab.com/polycab-lv-15-cu-iec-60502-1-061kv-mc-sfa/a-5043/p-55305
industries/cables-by-application/it-industry/polycab-lv-15-cu-iec-60502-1-061kv-mc-swa	https://polycab.com/polycab-lv-15-cu-iec-60502-1-061kv-mc-swa/a-5043/p-55307
industries/cables-by-application/it-industry/polycab-lv-15-cu-iec-60502-1-061kv-mc-ua	https://polycab.com/polycab-lv-15-cu-iec-60502-1-061kv-mc-ua/a-5043/p-55303
industries/cables-by-application/it-industry/polycab-lv-al-iec-60502-1-061kv-mc-2-swa	https://polycab.com/polycab-lv-al-iec-60502-1-061kv-mc-2-swa/a-5046/p-55257
industries/cables-by-application/it-industry/polycab-lv-al-iec-60502-1-061kv-mc-4-ua	https://polycab.com/polycab-lv-al-iec-60502-1-061kv-mc-4-ua/a-5046/p-55295
industries/cables-by-application/it-industry/polycab-lv-al-iec-60502-1-061kv-mc-3-sfa	https://polycab.com/polycab-lv-al-iec-60502-1-061kv-mc-3-sfa/a-5046/p-55279
industries/cables-by-application/it-industry/polycab-lv-al-iec-60502-1-061kv-mc-3-swa	https://polycab.com/polycab-lv-al-iec-60502-1-061kv-mc-3-swa/a-5046/p-55281
industries/cables-by-application/it-industry/polycab-lv-al-iec-60502-1-061kv-mc-35-sfa	https://polycab.com/polycab-lv-al-iec-60502-1-061kv-mc-35-sfa/a-5046/p-55267
industries/cables-by-application/it-industry/polycab-lv-al-iec-60502-1-061kv-mc-4-swa	https://polycab.com/polycab-lv-al-iec-60502-1-061kv-mc-4-swa/a-5046/p-55293
industries/cables-by-application/it-industry/polycab-lv-al-iec-60502-1-061kv-sc-sfa	https://polycab.com/polycab-lv-al-iec-60502-1-061kv-sc-sfa/a-5046/p-55247
industries/cables-by-application/it-industry/polycab-lv-cu-iec-60502-1-061kv-mc-3-ua	https://polycab.com/polycab-lv-cu-iec-60502-1-061kv-mc-3-ua/a-5046/p-55289
industries/cables-by-application/it-industry/polycab-lv-cu-iec-60502-1-061kv-mc-2-sfa	https://polycab.com/polycab-lv-cu-iec-60502-1-061kv-mc-2-sfa/a-5046/p-55261
industries/cables-by-application/it-industry/polycab-lv-cu-iec-60502-1-061kv-mc-2-ua	https://polycab.com/polycab-lv-cu-iec-60502-1-061kv-mc-2-ua/a-5046/p-55265
industries/cables-by-application/it-industry/polycab-lv-cu-iec-60502-1-061kv-mc-35-sfa	https://polycab.com/polycab-lv-cu-iec-60502-1-061kv-mc-35-sfa/a-5046/p-55273
industries/cables-by-application/it-industry/polycab-lv-cu-iec-60502-1-061kv-mc-35-ua	https://polycab.com/polycab-lv-cu-iec-60502-1-061kv-mc-35-ua/a-5046/p-55277
industries/cables-by-application/it-industry/polycab-lv-cu-iec-60502-1-061kv-sc-ua	https://polycab.com/polycab-lv-cu-iec-60502-1-061kv-sc-ua/a-5046/p-55253
industries/cables-by-application/it-industry/polycab-lv-cu-iec-60502-1-061kv-mc-4-ua	https://polycab.com/polycab-lv-cu-iec-60502-1-061kv-mc-4-ua/a-5046/p-55301
industries/cables-by-application/it-industry/polycab-lv-is-7098-i-1c-a2xfay-a2xway	https://polycab.com/polycab-lv-is-7098-i-1c-a2xfay-a2xway/a-5043/p-54734
industries/cables-by-application/it-industry/polycab-lv-is-7098-i-1c-a2xy	https://polycab.com/polycab-lv-is-7098-i-1c-a2xy/a-5043/p-54738
industries/cables-by-application/it-industry/polycab-lv-is-7098-i-2c-2xfy	https://polycab.com/polycab-lv-is-7098-i-2c-2xfy/a-5043/p-54700
industries/cables-by-application/it-industry/polycab-lv-is-7098-i-2c-2xy	https://polycab.com/polycab-lv-is-7098-i-2c-2xy/a-5043/p-54740
industries/cables-by-application/it-industry/polycab-lv-is-7098-i-2c-a2xwy	https://polycab.com/polycab-lv-is-7098-i-2c-a2xwy/a-5043/p-54706
industries/cables-by-application/it-industry/polycab-lv-is-7098-i-35c-2xwy	https://polycab.com/polycab-lv-is-7098-i-35c-2xwy/a-5043/p-54710
industries/cables-by-application/it-industry/polycab-lv-is-7098-i-35c-2xy	https://polycab.com/polycab-lv-is-7098-i-35c-2xy/a-5046/p-54744
industries/cables-by-application/it-industry/polycab-lv-is-7098-i-35c-a2xfy	https://polycab.com/polycab-lv-is-7098-i-35c-a2xfy/a-5043/p-54712
industries/cables-by-application/it-industry/polycab-lv-is-7098-i-3c-2xfy	https://polycab.com/polycab-lv-is-7098-i-3c-2xfy/a-5043/p-54716
industries/cables-by-application/it-industry/polycab-lv-is-7098-i-3c-a2xy	https://polycab.com/polycab-lv-is-7098-i-3c-a2xy/a-5046/p-54750
industries/cables-by-application/it-industry/polycab-lv-is-7098-i-4c-2xy	https://polycab.com/polycab-lv-is-7098-i-4c-2xy/a-5046/p-54752
industries/cables-by-application/it-industry/polycab-lv-is-7098-i-4c-a2xfy	https://polycab.com/polycab-lv-is-7098-i-4c-a2xfy/a-5043/p-54728
industries/cables-by-application/it-industry/polycab-lv-is-7098-i-4c-a2xwy	https://polycab.com/polycab-lv-is-7098-i-4c-a2xwy/a-5043/p-54730
industries/cables-by-application/it-industry/polycab-lv-is-7098-i-mc-15-2xfy	https://polycab.com/polycab-lv-is-7098-i-mc-15-2xfy/a-5043/p-54756
industries/cables-by-application/it-industry/polycab-lv-is-7098-i-mc-15-2xwy	https://polycab.com/polycab-lv-is-7098-i-mc-15-2xwy/a-5043/p-54758
industries/cables-by-application/it-industry	https://polycab.com/cables/applications/building-infrastructure/it-industry
industries/cables-by-application/manufacturing-industries	https://polycab.com/cables/applications/manufacturing-industries
industries/cables-by-application/mining-drilling-and-tunneling	https://polycab.com/cables/applications/exploration-industries/mining-drilling-and-tunneling
industries/cables-by-application/cement-industry/polycab-lv-al-iec-60502-1-061kv-mc-4-swa	https://polycab.com/polycab-lv-al-iec-60502-1-061kv-mc-4-swa/a-5046/p-55293
industries/cables-by-application/it-industry/polycab-lv-is-7098-i-mc-25-2xy	https://polycab.com/polycab-lv-is-7098-i-mc-25-2xy/a-5043/p-54766
industries/cables-by-application/mass-transit-railways-and-marine/polycab-hydro-type-tc-eritc-er-cic-tctype-sp-os	https://polycab.com/polycab-hydro-type-tc-eritc-er-cic-tc-type-sp-os/a-5037/p-55485
industries/cables-by-application/mass-transit-railways-and-marine/polycab-hydro-type-lsxlpo-sc-ieee-1580-061kv-or-2kv	https://polycab.com/polycab-hydro-type-lsxlpo-sc-ieee-1580-061kv-or-2kv/a-5037/p-55317
industries/cables-by-application/mass-transit-railways-and-marine/polycab-mv-al-bs-6622-1933kv	https://polycab.com/polycab-mv-al-bs-6622-1933kv/a-5049/p-54979
industries/cables-by-application/mobility-infrastructure	https://polycab.com/cables/applications/mobility-infrastructure
industries/cables-by-application/cement-industry/polycab-lv-cu-iec-60502-1-061kv-mc-3-swa	https://polycab.com/polycab-lv-cu-iec-60502-1-061kv-mc-3-swa/a-5046/p-55287
industries/cables-by-application/mass-transit-railways-and-marine/polymarine-iec-60092-353-0610kv-uarmoured-cable	https://polycab.com/polymarine-iec-60092-353-0610kv-uarmoured-cable/a-5049/p-54888
industries/cables-by-application/mass-transit-railways-and-marine	https://polycab.com/cables/applications/mobility-infrastructure/mass-transit-railways-marine
industries/cables-by-application/mass-transit-railways-and-marine/polymarine-iec-60092-354-1220kv	https://polycab.com/polymarine-iec-60092-354-1220kv/a-5049/p-54902
industries/cables-by-application/mass-transit-railways-and-marine/polymarine-iec-60092-354-610kv	https://polycab.com/polymarine-iec-60092-354-610kv/a-5049/p-54898
industries/cables-by-application/mass-transit-railways-and-marine/polymarine-instrumentation-pair-250v-br-isos-iec-60092-376	https://polycab.com/polymarine-instrumentation-pair-250v-br-isos-iec-60092-376/a-5049/p-55049
lighting/led-batten/high-wattage-led-batten	https://polycab.com/high-wattage-led-batten-24-wattage-6500k-cool-white/c-4988/p-54158
industries/cables-by-application/cement-industry/polycab-sir-g-1100v-ac-is-9968-1	https://polycab.com/polycab-sir-g-1100v-ac-is-9968-1/a-5050/p-54929
industries/cables-by-application/metal-industry	https://polycab.com/cables/applications/manufacturing-industries/metal-industry
industries/cables-by-application/mass-transit-railways-and-marine/polymarine-instrumentation-pair-250v-fs-isos-iec-60092-376	https://polycab.com/polymarine-instrumentation-pair-250v-fs-isos-iec-60092-376/a-5049/p-55045
industries/cables-by-application/mass-transit-railways-and-marine/polymarine-instrumentation-pair-250v-fs-os-iec-60092-376	https://polycab.com/polymarine-instrumentation-pair-250v-fs-os-iec-60092-376/a-5049/p-55043
industries/cables-by-application/mass-transit-railways-and-marine/polymarine-instrumentation-pair-250v-os-iec-60092-376	https://polycab.com/polymarine-instrumentation-pair-250v-os-iec-60092-376/a-5049/p-55051
industries/cables-by-application/metal-industry/polycab-02yy-k-1100v-ac-is-694	https://polycab.com/polycab-02yy-k-1100v-ac-is-694/a-5046/p-54810
industries/cables-by-application/metal-industry/polycab-02yy-k-mc-1100v-ac-is-694	https://polycab.com/polycab-02yy-k-mc-1100v-ac-is-694/a-5046/p-54812
industries/cables-by-application/cement-industry/polycab-lv-cu-iec-60502-1-061kv-sc-ua	https://polycab.com/polycab-lv-cu-iec-60502-1-061kv-sc-ua/a-5046/p-55253
industries/cables-by-application/cement-industry/polycab-lv-is-7098-i-35c-2xy	https://polycab.com/polycab-lv-is-7098-i-35c-2xy/a-5046/p-54744
industries/cables-by-application/mining-drilling-and-tunneling/polycab-mv-cu-is-9968-2-1933e-or-3333uekv	https://polycab.com/polycab-mv-cu-is-9968-2-1933-e-or-3333-ue-kv/a-5038/p-55608
industries/cables-by-application/metal-industry/polycab-hffr-04xzz-k04xzxz-k-1100v-ac-is-17048	https://polycab.com/polycab-hffr-04xzz-k04xzxz-k-1100v-ac-is-17048/a-5044/p-54818
industries/cables-by-application/metal-industry/polycab-hffr-4xzz-k04xzxz-k-1100v-ac-is-17048-flat-cable	https://polycab.com/polycab-hffr-4xzz-k04xzxz-k-1100v-ac-is-17048-flat-cable/a-5044/p-55646
industries/cables-by-application/mining-drilling-and-tunneling/polycab-mv-cu-is-9968-2-3866ekv	https://polycab.com/polycab-mv-cu-is-9968-2-3866-e-kv/a-5038/p-55610
industries/cables-by-application/mining-drilling-and-tunneling/polycab-rr-c-mc-1100v-ac-is-9968-1	https://polycab.com/polycab-rr-c-mc-1100v-ac-is-9968-1/a-5038/p-55576
industries/cables-by-application/mining-drilling-and-tunneling/polycab-rr-p-1100v-ac-is-9968-1	https://polycab.com/polycab-rr-p-1100v-ac-is-9968-1/a-5038/p-55570
industries/cables-by-application/mining-drilling-and-tunneling/polycab-rr-p-mc-1100v-ac-is-9968-1	https://polycab.com/polycab-rr-p-mc-1100v-ac-is-9968-1/a-5038/p-55572
industries/cables-by-application/oil-gas-and-petrochemical/polycab-hydro-type-lsxlpo-061kv-or-2kv	https://polycab.com/polycab-hydro-type-lsxlpo-061kv-or-2kv/a-5037/p-55315
industries/cables-by-application/oil-gas-and-petrochemical/polycab-hydro-type-lsxlpo-mc-ieee-1580-061kv-or-2kv	https://polycab.com/polycab-hydro-type-lsxlpo-mc-ieee-1580-061kv-or-2kv/a-5037/p-55319
industries/cables-by-application/cement-industry/polycab-lv-is-7098-i-3c-a2xwy	https://polycab.com/polycab-lv-is-7098-i-3c-a2xwy/a-5043/p-54722
industries/cables-by-application/oil-gas-and-petrochemical/polycab-type-mc-al-conductor-ul-1569-600v	https://polycab.com/polycab-type-mc-al-conductor-ul-1569-600v/a-5040/p-54951
industries/cables-by-application/oil-gas-and-petrochemical	https://polycab.com/cables/applications/exploration-industries/oil-gas-petrochemical
industries/cables-by-application/pharmaceutical-industry/polycab-firealarm-shielded-armoured-cable	https://polycab.com/polycab-firealarm-shielded-armoured-cable/a-5047/p-54790
industries/cables-by-application/pharmaceutical-industry/polycab-firealarm-shielded-unarmoured-cable	https://polycab.com/polycab-firealarm-shielded-unarmoured-cable/a-5047/p-54792
industries/cables-by-application/pharmaceutical-industry/polycab-firealarm-unarmoured-cable	https://polycab.com/polycab-firealarm-unarmoured-cable/a-5047/p-54788
industries/cables-by-standards/bsen-50525-2-21/polycab-h05rn-f-bsen-50525-2-21-mc-300500v-ac	https://polycab.com/polycab-h05rn-f-bsen-50525-2-21-mc-300500v-ac/a-5050/p-54830
industries/cables-by-application/cement-industry/polycab-lv-is-7098-i-4c-2xwy	https://polycab.com/polycab-lv-is-7098-i-4c-2xwy/a-5043/p-54726
industries/cables-by-application/cement-industry/polycab-lv-is-7098-i-mc-15-2xwy	https://polycab.com/polycab-lv-is-7098-i-mc-15-2xwy/a-5043/p-54758
industries/cables-by-application/pharmaceutical-industry/polycab-ignis-200	https://polycab.com/polycab-ignis-200/a-5047/p-54864
industries/cables-by-application/pharmaceutical-industry/polycab-ignis-211	https://polycab.com/polycab-ignis-211/a-5047/p-54872
industries/cables-by-application/pharmaceutical-industry/polycab-ignis-213	https://polycab.com/polycab-ignis-213/a-5047/p-54876
lighting/outdoor-lights/vigaro-clear-led-gate-light	https://polycab.com/vigaro-clear-led-gate-light-20-wattage-pole-mount-type-6500k-cool-white/c-52944/p-54240
industries/cables-by-application/commercial/polycab-6181b-bs-7211-sc-450750v-ac	https://polycab.com/polycab-6181b-bs-7211-sc-450750v-ac/a-3904/p-55487
industries/cables-by-application/pharmaceutical-industry/polycab-ignis-241	https://polycab.com/polycab-ignis-241/a-5047/p-54884
industries/cables-by-application/pharmaceutical-industry	https://polycab.com/cables/applications/manufacturing-industries/pharmaceutical-industry
industries/cables-by-application/pharmaceutical-industry/polycab-lv-15-cu-iec-60502-1-061kv-mc-swa	https://polycab.com/polycab-lv-15-cu-iec-60502-1-061kv-mc-swa/a-5043/p-55307
industries/cables-by-application/pharmaceutical-industry/polycab-lv-15-cu-iec-60502-1-061kv-mc-ua	https://polycab.com/polycab-lv-15-cu-iec-60502-1-061kv-mc-ua/a-5043/p-55303
industries/cables-by-application/pharmaceutical-industry/polycab-lv-25-cu-iec-60502-1-061kv-mc-swa	https://polycab.com/polycab-lv-25-cu-iec-60502-1-061kv-mc-swa/a-5043/p-55313
industries/cables-by-application/pharmaceutical-industry/polycab-lv-cu-iec-60502-1-061kv-sc-ua	https://polycab.com/polycab-lv-cu-iec-60502-1-061kv-sc-ua/a-5046/p-55253
industries/cables-by-application/commercial/polycab-al-type-tc-xhhw-2-cable-600v	https://polycab.com/polycab-al-type-tc-xhhw-2-cable-600v/a-5040/p-54963
industries/cables-by-application/pharmaceutical-industry/polycab-lv-al-iec-60502-1-061kv-mc-3-ua	https://polycab.com/polycab-lv-al-iec-60502-1-061kv-mc-3-ua/a-5046/p-55283
industries/cables-by-application/pharmaceutical-industry/polycab-lv-al-iec-60502-1-061kv-mc-35-ua	https://polycab.com/polycab-lv-al-iec-60502-1-061kv-mc-35-ua/a-5046/p-55271
industries/cables-by-application/utility/polycab-mv-3c-al-epr-iceanema-35kv	https://polycab.com/polycab-mv-3c-al-epr-iceanema-35kv/a-3908/p-55241
industries/cables-by-application/residential/polycab-speaker-cable	https://polycab.com/polycab-speaker-cable/a-3901/p-54802
lighting/rope-and-strip-lights/120-led-rope-light	https://polycab.com/120-led-rope-light-360-wattage-surface-mount-type-6500k-cool-white/c-52958/p-54274
industries/cables-by-application/pharmaceutical-industry/polycab-lv-cu-iec-60502-1-061kv-mc-2-swa	https://polycab.com/polycab-lv-cu-iec-60502-1-061kv-mc-2-swa/a-5046/p-55263
industries/cables-by-application/commercial/polycab-bms-300-mc-c4	https://polycab.com/polycab-bms-300-mc-c4/a-3901/p-54794
industries/cables-by-application/pharmaceutical-industry/polycab-lv-cu-iec-60502-1-061kv-mc-3-sfa	https://polycab.com/polycab-lv-cu-iec-60502-1-061kv-mc-3-sfa/a-5046/p-55285
industries/cables-by-application/pharmaceutical-industry/polycab-lv-cu-iec-60502-1-061kv-mc-3-ua	https://polycab.com/polycab-lv-cu-iec-60502-1-061kv-mc-3-ua/a-5046/p-55289
industries/cables-by-application/utility/polycab-mv-3c-al-epr-iceanema-5kv	https://polycab.com/polycab-mv-3c-al-epr-iceanema-5kv/a-3908/p-55233
lighting/rope-and-strip-lights/240-led-strip-light	https://polycab.com/240-led-strip-light-60-wattage-surface-mount-type-4000k-daylightneutral-white/c-52958/p-54293
industries/cables-by-application/commercial/polycab-cu-type-tctc-er-xhhw-2-tray-cable	https://polycab.com/polycab-cu-type-tctc-er-xhhw-2-tray-cable/a-3904/p-54977
industries/cables-by-application/commercial/polycab-festoon-flat-05sqmm-multicore-cable	https://polycab.com/polycab-festoon-flat-05sqmm-multicore-cable/a-5040/p-55493
industries/cables-by-application/pharmaceutical-industry/polycab-lv-cu-iec-60502-1-061kv-sc-awa	https://polycab.com/polycab-lv-cu-iec-60502-1-061kv-sc-awa/a-5046/p-55249
industries/cables-by-application/pharmaceutical-industry/polycab-lv-is-7098-i-1c-a2xy	https://polycab.com/polycab-lv-is-7098-i-1c-a2xy/a-5043/p-54738
industries/cables-by-application/pharmaceutical-industry/polycab-lv-is-7098-i-2c-2xfy	https://polycab.com/polycab-lv-is-7098-i-2c-2xfy/a-5043/p-54700
lighting/rope-and-strip-lights/led-strip-light-driver	https://polycab.com/led-strip-light-driver-60-wattage-surface-mount-type/c-52958/p-54313
industries/cables-by-application/commercial/polycab-festoon-flat-25sqmm-multicore-cable	https://polycab.com/polycab-festoon-flat-25sqmm-multicore-cable/a-5040/p-55501
industries/cables-by-application/pharmaceutical-industry/polycab-lv-is-7098-i-2c-2xy	https://polycab.com/polycab-lv-is-7098-i-2c-2xy/a-5043/p-54740
industries/cables-by-application/pharmaceutical-industry/polycab-lv-is-7098-i-35c-2xwy	https://polycab.com/polycab-lv-is-7098-i-35c-2xwy/a-5043/p-54710
industries/cables-by-application/pharmaceutical-industry/polycab-lv-is-7098-i-35c-a2xy	https://polycab.com/polycab-lv-is-7098-i-35c-a2xy/a-5046/p-54746
industries/cables-by-application/pharmaceutical-industry/polycab-lv-is-7098-i-3c-2xfy	https://polycab.com/polycab-lv-is-7098-i-3c-2xfy/a-5043/p-54716
lighting/led-cob/gliss-cob-surface-spot-light-rd-white-hsg-and-gm-refltr	https://polycab.com/gliss-cob-surface-spot-light-rd-white-hsg-gm-refltr/c-64427/p-64521
lighting/led-cob/gliss-cob-surface-spot-light-rd-black-hsg-and-rg-refltr	https://polycab.com/gliss-cob-surface-spot-light-rd-black-hsg-rg-refltr/c-64427/p-64511
industries/cables-by-application/commercial/polycab-hr-fr-lsh-lf-green-wire-1100v-ac-is-694	https://polycab.com/polycab-hr-fr-lsh-lf-green-wire-1100v-ac-is-694/a-3901/p-54921
industries/cables-by-application/pharmaceutical-industry/polycab-lv-is-7098-i-4c-2xfy	https://polycab.com/polycab-lv-is-7098-i-4c-2xfy/a-5043/p-54724
industries/cables-by-application/pharmaceutical-industry/polycab-lv-is-7098-i-4c-a2xwy	https://polycab.com/polycab-lv-is-7098-i-4c-a2xwy/a-5043/p-54730
industries/cables-by-application/pharmaceutical-industry/polycab-lv-is-7098-i-mc-15-2xfy	https://polycab.com/polycab-lv-is-7098-i-mc-15-2xfy/a-5043/p-54756
lighting/led-cob/gliss-cob-surface-track-light-white-hsg	https://polycab.com/gliss-cob-surface-track-light-white-hsg/c-64427/p-64545
lighting/led-cob/gliss-cob-track-light-black-hsg	https://polycab.com/gliss-cob-track-light-black-hsg/c-64427/p-64549
lighting/led-cob/gliss-cob-surface-track-light-black-hsg	https://polycab.com/gliss-cob-surface-track-light-black-hsg/c-64427/p-64541
industries/cables-by-application/power-and-network/polycab-aerial-bunched-cable-1933kv-acabc	https://polycab.com/polycab-aerial-bunched-cable-1933kv-ac-abc/a-3907/p-55620
industries/cables-by-application/pharmaceutical-industry/polycab-lv-is-7098-i-mc-25-2xwy	https://polycab.com/polycab-lv-is-7098-i-mc-25-2xwy/a-5043/p-54764
lighting/led-cob/gliss-deco-cob-downlight-black-hsg-and-rg-refltr	https://polycab.com/gliss-deco-cob-downlight-black-hsg-rg-refltr/c-64427/p-64481
industries/cables-by-application/power-and-network/polycab-bs-5467-mc-1933kv-ac	https://polycab.com/polycab-bs-5467-mc-1933kv-ac/a-3907/p-55471
industries/cables-by-application/power-and-network/polycab-bs-5467-mcshaped-conductor1933kv-ac	https://polycab.com/polycab-bs-5467-mc-shaped-conductor-1933kv-ac/a-3907/p-55473
lighting/led-cob/gliss-deco-cob-downlight-white-hsg-and-gm-refltr	https://polycab.com/gliss-deco-cob-downlight-white-hsg-gm-refltr/c-64427/p-64471
lighting/led-cob/gliss-deco-cob-downlight-black-hsg-and-gm-refltr	https://polycab.com/gliss-deco-cob-downlight-black-hsg-gm-refltr/c-64427/p-64491
industries/cables-by-application/power-and-network	https://polycab.com/cables/applications/energy-and-power-grid/power-network
industries/cables-by-application/commercial/polycab-type-mc-pvc-jacketed-cu-conductor-ul-1569-600v	https://polycab.com/polycab-type-mc-pvc-jacketed-cu-conductor-ul-1569-600v/a-5040/p-54862
industries/cables-by-application/power-and-network/polycab-bs-6724-sc-awa-lszh-061kv-ac	https://polycab.com/polycab-bs-6724-sc-awa-lszh-061kv-ac/a-3907/p-55455
industries/cables-by-application/renewable-energy/polycab-classic-100-cy-450750v-ac	https://polycab.com/polycab-classic-100-cy-450750v-ac/a-5040/p-55558
lighting/led-cob/gliss-deep-recess-cob-downlight-black-hsg-and-gm-refltr	https://polycab.com/gliss-deep-recess-cob-downlight-black-hsg-gm-refltr/c-64427/p-64435
industries/cables-by-application/renewable-energy/polycab-classic-100-300500v-ac	https://polycab.com/polycab-classic-100-300500v-ac/a-5040/p-55550
industries/cables-by-application/datacenters/polycab-mv-cu-bs-7835-193336kv	https://polycab.com/polycab-mv-cu-bs-7835-1933-36-kv/a-5049/p-54949
industries/cables-by-application/renewable-energy/polycab-classic-110-bk-300500v-ac	https://polycab.com/polycab-classic-110-bk-300500v-ac/a-5040/p-55598
industries/cables-by-application/renewable-energy/polycab-classic-110-black-6001000v-ac	https://polycab.com/polycab-classic-110-black-6001000v-ac/a-5040/p-55600
industries/cables-by-application/renewable-energy/polycab-classic-110-sy-screened-300500v-ac	https://polycab.com/polycab-classic-110-sy-screened-300500v-ac/a-5040/p-55606
industries/cables-by-application/renewable-energy/polycab-cu-solar-ul-4703-2000v-ac	https://polycab.com/polycab-cu-solar-ul-4703-2000v-ac/a-5034/p-54848
industries/cables-by-application/renewable-energy/polycab-mv-is-7098-ii-1c-2xway2xfay-1.9-3.3kve	https://polycab.com/polycab-mv-is-7098-ii-1c-2xway2xfay-1933kv-e/a-3908/p-55055
industries/cables-by-application/renewable-energy/polycab-mv-is-7098-ii-1c-2xway2xfay-12722kve	https://polycab.com/polycab-mv-is-7098-ii-1c-2xway2xfay-12722kv-e/a-3908/p-55067
industries/cables-by-application/defence-and-armaments-industry/polycab-h05gg-fh05ggh2-f-bsen-50525-2-21-mc-300500v-ac	https://polycab.com/polycab-h05gg-fh05ggh2-f-bsen-50525-2-21-mc-300500v-ac/a-5050/p-55590
industries/cables-by-application/renewable-energy/polycab-mv-is-7098-ii-1c-2xway2xfay-6666kvue	https://polycab.com/polycab-mv-is-7098-ii-1c-2xway2xfay-6666kv-ue/a-3908/p-55061
industries/cables-by-application/renewable-energy/polycab-mv-is-7098-ii-1c-a2xwaya2xfay-19-33kve	https://polycab.com/polycab-mv-is-7098-ii-1c-a2xwaya2xfay-19-33kv-e/a-3908/p-55071
industries/cables-by-application/renewable-energy/polycab-mv-is-7098-ii-1c-a2xwaya2xfay-1933kve	https://polycab.com/polycab-mv-is-7098-ii-1c-a2xwaya2xfay-19-33kv-e/a-3908/p-55071
industries/cables-by-application/renewable-energy/polycab-mv-is-7098-ii-1c-a2xwaya2xfay-3866kve	https://polycab.com/polycab-mv-is-7098-ii-1c-a2xwaya2xfay-3866kv-e/a-3908/p-55075
industries/cables-by-application/renewable-energy/polycab-mv-is-7098-ii-1c-a2xwaya2xfay-6666kvue	https://polycab.com/polycab-mv-is-7098-ii-1c-a2xwaya2xfay-6666kv-ue/a-3908/p-55077
lighting/led-cob/gliss-deep-recess-cob-downlight-white-hsg	https://polycab.com/gliss-deep-recess-cob-downlight-white-hsg/c-64427/p-64451
industries/cables-by-application/defence-and-armaments-industry/polycab-h05rr-f-bsen-50525-2-21-mc-300500v-ac	https://polycab.com/polycab-h05rr-f-bsen-50525-2-21-mc-300500v-ac/a-5050/p-54945
industries/cables-by-application/renewable-energy/polycab-mv-is-7098-ii-3c-2xwy2xfy-3866kve	https://polycab.com/polycab-mv-is-7098-ii-3c-2xwy2xfy-3866kv-e/a-3908/p-55091
industries/cables-by-application/renewable-energy/polycab-mv-is-7098-ii-3c-2xwy2xfy-6666kvue	https://polycab.com/polycab-mv-is-7098-ii-3c-2xwy2xfy-6666kv-ue/a-3908/p-55093
industries/cables-by-application/renewable-energy/polycab-mv-is-7098-ii-3c-a2xwya2xfy-1111kvue	https://polycab.com/polycab-mv-is-7098-ii-3c-a2xwya2xfy-1111kv-ue/a-3908/p-55113
industries/cables-by-application/renewable-energy/polycab-mv-is-7098-ii-3c-a2xwya2xfy-12722kve	https://polycab.com/polycab-mv-is-7098-ii-3c-a2xwya2xfy-12722kv-e/a-3908/p-55115
industries/cables-by-application/renewable-energy/polycab-mv-is-7098-ii-3c-a2xwya2xfy-3333kvue	https://polycab.com/polycab-mv-is-7098-ii-3c-a2xwya2xfy-3333kv-ue/a-3908/p-55105
industries/cables-by-application/defence-and-armaments-industry/polycab-h07rn-f-bsen-50525-2-21-mc-450750v-ac	https://polycab.com/polycab-h07rn-f-bsen-50525-2-21-mc-450750v-ac/a-5050/p-54832
industries/cables-by-application/renewable-energy/polycab-solar-as-nzs-5000-pvc-twist	https://polycab.com/polycab-solar-as-nzs-5000-pvc-twist/a-5034/p-55509
industries/cables-by-application/renewable-energy	https://polycab.com/cables/types/renewable-energy
industries/cables-by-application/renewable-energy/polycab-solar-as-nzs-5000-pvc	https://polycab.com/polycab-solar-as-nzs-5000-pvc/a-5034/p-55511
industries/cables-by-application/renewable-energy/polycab-solar-as-nzs-5000-rfh-twist	https://polycab.com/polycab-solar-as-nzs-5000-rfh-twist/a-5034/p-55519
industries/cables-by-application/renewable-energy/polycab-solar-as-nzs-5000-rfh	https://polycab.com/polycab-solar-as-nzs-5000-rfh/a-5034/p-55513
industries/cables-by-application/renewable-energy/polycab-solar-as-nzs-5000-xlpo-at	https://polycab.com/polycab-solar-as-nzs-5000-xlpo-at/a-5034/p-55523
industries/cables-by-application/renewable-energy/polycab-solar-as-nzs-5000-xlpo	https://polycab.com/polycab-solar-as-nzs-5000-xlpo/a-5034/p-55521
industries/cables-by-application/food-and-beverages/polycab-h07bq-f-bsen-50525-2-21-mc-450750v-ac	https://polycab.com/polycab-h07bq-f-bsen-50525-2-21-mc-450750v-ac/a-5043/p-54828
industries/cables-by-application/residential/polycab-bms-300-mc-c4	https://polycab.com/polycab-bms-300-mc-c4/a-3901/p-54794
industries/cables-by-application/residential/polycab-bms-500-mc-c4	https://polycab.com/polycab-bms-500-mc-c4/a-3901/p-54798
industries/cables-by-application/renewable-energy/polycab-solar-h1z2z2-k-bsen-50618	https://polycab.com/polycab-solar-h1z2z2-k-bsen-50618/a-5034/p-55529
industries/cables-by-application/residential/polycab-al-type-tc-xhhw-2-cable-600v	https://polycab.com/polycab-al-type-tc-xhhw-2-cable-600v/a-5040/p-54963
industries/cables-by-application/residential/polycab-al-xhhw-2-ul-44-600v	https://polycab.com/polycab-al-xhhw-2-ul-44-600v/a-3901/p-54846
industries/cables-by-application/renewable-energy/polycab-solar-h1z2z2-k-bsen-50618-twin	https://polycab.com/polycab-solar-h1z2z2-k-bsen-50618-twin/a-5034/p-55533
industries/cables-by-application/residential	https://polycab.com/cables/applications/building-infrastructure/residential
industries/cables-by-application/residential/polycab-etira-fr-1100v-ac-is-694	https://polycab.com/polycab-etira-fr-1100v-ac-is-694/a-3901/p-55658
industries/cables-by-application/residential/polycab-etira-frlsh-1100v-ac-is-694	https://polycab.com/polycab-etira-frlsh-1100v-ac-is-694/a-3901/p-55660
industries/cables-by-application/residential/polycab-fr-lsh-1100v-ac-is-694	https://polycab.com/polycab-fr-lsh-1100v-ac-is-694/a-3901/p-54917
industries/cables-by-application/residential/polycab-hr-fr-lsh-lf-green-wire-1100v-ac-is-694	https://polycab.com/polycab-hr-fr-lsh-lf-green-wire-1100v-ac-is-694/a-3901/p-54921
industries/cables-by-application/residential/polycab-thhn-cu-ul-83-600v	https://polycab.com/polycab-thhn-cu-ul-83-600v/a-3901/p-54840
industries/cables-by-application/residential/polycab-type-mc-cu-conductor-ul-1569-600v	https://polycab.com/polycab-type-mc-cu-conductor-ul-1569-600v/a-5040/p-54860
industries/cables-by-application/residential/polycab-type-mc-pvc-jacketed-al-conductor-ul-1569-600v	https://polycab.com/polycab-type-mc-pvc-jacketed-al-conductor-ul-1569-600v/a-5040/p-54953
industries/cables-by-application/defence-and-armaments-industry/polycab-h03s-k-bsen-50525-2-41-sc-300300v-ac	https://polycab.com/polycab-h03s-k-bsen-50525-2-41-sc-300300v-ac/a-5050/p-54937
industries/cables-by-application/healthcare/polycab-6181b-bs-7211-sc-450750v-ac	https://polycab.com/polycab-6181b-bs-7211-sc-450750v-ac/a-3904/p-55487
industries/cables-by-application/service-entrance	https://polycab.com/cables/applications/energy-and-power-grid/service-entrance
industries/cables-by-application/residential/polycab-ufb-cable-ul-493-600v	https://polycab.com/polycab-ufb-cable-ul-493-600v/a-3901/p-54965
industries/cables-by-application/service-entrance/polycab-cu-se-style-r-ul-854-600v	https://polycab.com/polycab-cu-se-style-r-ul-854-600v/a-5035/p-54852
industries/cables-by-application/utility/polycab-mv-3c-al-epr-iceanema-8kv	https://polycab.com/polycab-mv-3c-al-epr-iceanema-8kv/a-3908/p-55235
industries/cables-by-application/sugar-industry/polycab-hffr-01z-k03xz-k-sc-1100v-ac-is-17048	https://polycab.com/polycab-hffr-01z-k03xz-k-sc-1100v-ac-is-17048/a-5044/p-54808
industries/cables-by-application/service-entrance/polycab-al-se-style-u-ul-854-600v	https://polycab.com/polycab-al-se-style-u-ul-854-600v/a-5035/p-54858
industries/cables-by-application/healthcare/polycab-fr-lf-1100v-ac-is-694	https://polycab.com/polycab-fr-lf-1100v-ac-is-694/a-3901/p-54919
industries/cables-by-application/it-industry/polycab-instrumentation-300-pst	https://polycab.com/polycab-instrumentation-300-p-st/a-3905/p-54909
industries/cables-by-application/mining-drilling-and-tunneling/polycab-h01n2-d-bsen-50525-2-81-100100v-ac	https://polycab.com/polycab-h01n2-d-bsen-50525-2-81-100100v-ac/a-5038/p-55592
industries/cables-by-application/sugar-industry/polycab-lv-15-cu-iec-60502-1-061kv-mc-sfa	https://polycab.com/polycab-lv-15-cu-iec-60502-1-061kv-mc-sfa/a-5043/p-55305
industries/cables-by-application/sugar-industry/polycab-lv-25-cu-iec-60502-1-061kv-mc-sfa	https://polycab.com/polycab-lv-25-cu-iec-60502-1-061kv-mc-sfa/a-5043/p-55311
industries/cables-by-application/sugar-industry/polycab-hffr-01zz-k03xzz-k-1100v-ac-is-17048	https://polycab.com/polycab-hffr-01zz-k03xzz-k-1100v-ac-is-17048/a-5044/p-54816
industries/cables-by-application/healthcare/polycab-hr-fr-lsh-lf-green-wire-1100v-ac-is-694	https://polycab.com/polycab-hr-fr-lsh-lf-green-wire-1100v-ac-is-694/a-3901/p-54921
industries/cables-by-application/sugar-industry/polycab-lv-al-iec-60502-1-061kv-mc-2-ua	https://polycab.com/polycab-lv-al-iec-60502-1-061kv-mc-2-ua/a-5046/p-55259
industries/cables-by-application/sugar-industry/polycab-lv-al-iec-60502-1-061kv-mc-3-sfa	https://polycab.com/polycab-lv-al-iec-60502-1-061kv-mc-3-sfa/a-5046/p-55279
industries/cables-by-application/sugar-industry/polycab-lv-al-iec-60502-1-061kv-mc-3-ua	https://polycab.com/polycab-lv-al-iec-60502-1-061kv-mc-3-ua/a-5046/p-55283
industries/cables-by-application/sugar-industry/polycab-lv-al-iec-60502-1-061kv-sc-awa	https://polycab.com/polycab-lv-al-iec-60502-1-061kv-sc-awa/a-5046/p-55245
industries/cables-by-application/sugar-industry/polycab-lv-al-iec-60502-1-061kv-sc-ua	https://polycab.com/polycab-lv-al-iec-60502-1-061kv-sc-ua/a-5046/p-55243
industries/cables-by-application/sugar-industry/polycab-lv-cu-iec-60502-1-061kv-mc-2-sfa	https://polycab.com/polycab-lv-cu-iec-60502-1-061kv-mc-2-sfa/a-5046/p-55261
industries/cables-by-application/sugar-industry/polycab-lv-cu-iec-60502-1-061kv-mc-2-swa	https://polycab.com/polycab-lv-cu-iec-60502-1-061kv-mc-2-swa/a-5046/p-55263
industries/cables-by-application/sugar-industry/polycab-lv-cu-iec-60502-1-061kv-mc-3-sfa	https://polycab.com/polycab-lv-cu-iec-60502-1-061kv-mc-3-sfa/a-5046/p-55285
industries/cables-by-application/it-industry/polycab-lv-25-cu-iec-60502-1-061kv-mc-ua	https://polycab.com/polycab-lv-25-cu-iec-60502-1-061kv-mc-ua/a-5043/p-55309
industries/cables-by-standards/bs-6622	https://polycab.com/cables/standards/international-standards/bs-6622
industries/cables-by-application/sugar-industry/polycab-lv-cu-iec-60502-1-061kv-mc-4-sfa	https://polycab.com/polycab-lv-cu-iec-60502-1-061kv-mc-4-sfa/a-5046/p-55297
industries/cables-by-application/sugar-industry/polycab-lv-cu-iec-60502-1-061kv-mc-4-swa	https://polycab.com/polycab-lv-cu-iec-60502-1-061kv-mc-4-swa/a-5046/p-55299
industries/cables-by-application/sugar-industry/polycab-lv-cu-iec-60502-1-061kv-mc-4-ua	https://polycab.com/polycab-lv-cu-iec-60502-1-061kv-mc-4-ua/a-5046/p-55301
industries/cables-by-application/sugar-industry/polycab-lv-cu-iec-60502-1-061kv-sc-sfa	https://polycab.com/polycab-lv-cu-iec-60502-1-061kv-sc-sfa/a-5046/p-55251
industries/cables-by-application/sugar-industry/polycab-lv-is-7098-i-2c-a2xwy	https://polycab.com/polycab-lv-is-7098-i-2c-a2xwy/a-5043/p-54706
industries/cables-by-application/it-industry/polycab-lv-al-iec-60502-1-061kv-mc-2-ua	https://polycab.com/polycab-lv-al-iec-60502-1-061kv-mc-2-ua/a-5046/p-55259
industries/cables-by-application/sugar-industry/polycab-lv-is-7098-i-35c-2xfy	https://polycab.com/polycab-lv-is-7098-i-35c-2xfy/a-5043/p-54708
industries/cables-by-application/sugar-industry/polycab-lv-is-7098-i-35c-2xy	https://polycab.com/polycab-lv-is-7098-i-35c-2xy/a-5046/p-54744
industries/cables-by-application/it-industry/polycab-lv-al-iec-60502-1-061kv-sc-awa	https://polycab.com/polycab-lv-al-iec-60502-1-061kv-sc-awa/a-5046/p-55245
industries/cables-by-application/sugar-industry/polycab-lv-is-7098-i-3c-a2xfy	https://polycab.com/polycab-lv-is-7098-i-3c-a2xfy/a-5043/p-54720
industries/cables-by-application/it-industry/polycab-lv-al-iec-60502-1-061kv-sc-ua	https://polycab.com/polycab-lv-al-iec-60502-1-061kv-sc-ua/a-5046/p-55243
industries/cables-by-application/sugar-industry/polycab-lv-is-7098-i-3c-a2xy	https://polycab.com/polycab-lv-is-7098-i-3c-a2xy/a-5046/p-54750
industries/cables-by-application/sugar-industry/polycab-lv-is-7098-i-4c-2xwy	https://polycab.com/polycab-lv-is-7098-i-4c-2xwy/a-5043/p-54726
industries/cables-by-application/utility/polycab-mv-3c-al-xlpe-as-nzs-1933kv	https://polycab.com/polycab-mv-3c-al-xlpe-as-nzs-1933kv/a-3908/p-55151
industries/cables-by-application/sugar-industry	https://polycab.com/cables/applications/manufacturing-industries/sugar-industry
industries/cables-by-application/telecommunication	https://polycab.com/cables/applications/building-infrastructure/telecommunication
industries/cables-by-application/sugar-industry/polycab-lv-is-7098-i-4c-a2xy	https://polycab.com/polycab-lv-is-7098-i-4c-a2xy/a-5046/p-54754
industries/cables-by-application/sugar-industry/polycab-lv-is-7098-i-mc-15-2xwy	https://polycab.com/polycab-lv-is-7098-i-mc-15-2xwy/a-5043/p-54758
industries/cables-by-application/sugar-industry/polycab-lv-is-7098-i-mc-15-2xy	https://polycab.com/polycab-lv-is-7098-i-mc-15-2xy/a-5043/p-54760
industries/cables-by-application/sugar-industry/polycab-lv-is-7098-i-mc-25-2xfy	https://polycab.com/polycab-lv-is-7098-i-mc-25-2xfy/a-5043/p-54762
industries/cables-by-standards/iec-60840/polycab-ehv-cu-al-cor-66kv	https://polycab.com/polycab-ehv-cu-al-cor-66kv/a-3908/p-55351
industries/cables-by-application/it-industry/polycab-lv-cu-iec-60502-1-061kv-mc-35-swa	https://polycab.com/polycab-lv-cu-iec-60502-1-061kv-mc-35-swa/a-5046/p-55275
industries/cables-by-application/utility/polycab-ehv-al-al-cor-132kv	https://polycab.com/polycab-ehv-al-al-cor-132kv/a-3908/p-55385
industries/cables-by-application/it-industry/polycab-lv-cu-iec-60502-1-061kv-mc-4-sfa	https://polycab.com/polycab-lv-cu-iec-60502-1-061kv-mc-4-sfa/a-5046/p-55297
industries/cables-by-application/utility/polycab-ehv-al-pb-132kv	https://polycab.com/polycab-ehv-al-pb-132kv/a-3908/p-55393
industries/cables-by-application/utility/polycab-ehv-al-pb-66kv	https://polycab.com/polycab-ehv-al-pb-66kv/a-3908/p-55389
industries/cables-by-application/utility/polycab-ehv-cu-al-cor-220kv	https://polycab.com/polycab-ehv-cu-al-cor-220kv/a-3908/p-55357
industries/cables-by-application/utility/polycab-ehv-cu-al-cor-66kv	https://polycab.com/polycab-ehv-cu-al-cor-66kv/a-3908/p-55351
industries/cables-by-application/utility/polycab-ehv-cu-pb-220kv	https://polycab.com/polycab-ehv-cu-pb-220kv/a-3908/p-55365
industries/cables-by-application/utility/polycab-mv-15kv-al-ul-1072-epr-100	https://polycab.com/polycab-mv-15kv-al-ul-1072-epr-100/a-3908/p-55423
industries/cables-by-application/utility/polycab-mv-15kv-al-ul-1072-epr-133	https://polycab.com/polycab-mv-15kv-al-ul-1072-epr-133/a-3908/p-55425
industries/cables-by-application/utility/polycab-mv-15kv-al-ul-1072-trxlpe-133	https://polycab.com/polycab-mv-15kv-al-ul-1072-trxlpe-133/a-3908/p-55429
industries/cables-by-application/utility/polycab-mv-15kv-cu-ul-1072-epr-100	https://polycab.com/polycab-mv-15kv-cu-ul-1072-epr-100/a-3908/p-55431
industries/cables-by-application/utility/polycab-mv-15kv-cu-ul-1072-tr-xlpe-100	https://polycab.com/polycab-mv-15kv-cu-ul-1072-tr-xlpe-100/a-3908/p-55435
industries/cables-by-application/utility/polycab-mv-1t-al-xlpe-as-nzs-12.7-22kv-atr	https://polycab.com/polycab-mv-1t-al-xlpe-as-nzs-12722kv-atr/a-3908/p-55195
industries/cables-by-application/utility/polycab-mv-1t-al-xlpe-as-nzs-12.7-22kv	https://polycab.com/polycab-mv-1t-al-xlpe-as-nzs-12722kv/a-3908/p-55193
industries/cables-by-application/utility/polycab-mv-1t-al-xlpe-as-nzs-3.8-6.6kv-atr	https://polycab.com/polycab-mv-1t-al-xlpe-as-nzs-3866kv-atr/a-3908/p-55183
industries/cables-by-application/utility/polycab-mv-1t-al-xlpe-as-nzs-6.35-11kv	https://polycab.com/polycab-mv-1t-al-xlpe-as-nzs-63511kv/a-3908/p-55187
industries/cables-by-application/utility/polycab-mv-35kv-al-ul-1072-epr-100	https://polycab.com/polycab-mv-35kv-al-ul-1072-epr-100/a-3908/p-55439
industries/cables-by-application/utility/polycab-mv-35kv-al-ul-1072-trxlpe-133	https://polycab.com/polycab-mv-35kv-al-ul-1072-trxlpe-133/a-3908/p-55445
industries/cables-by-application/utility/polycab-mv-35kv-cu-ul-1072-epr-100	https://polycab.com/polycab-mv-35kv-cu-ul-1072-epr-100/a-3908/p-55447
industries/cables-by-application/utility/polycab-mv-35kv-cu-ul-1072-epr-133	https://polycab.com/polycab-mv-35kv-cu-ul-1072-epr-133/a-3908/p-55449
industries/cables-by-application/utility/polycab-mv-35kv-cu-ul-1072-trxlpe-100	https://polycab.com/polycab-mv-35kv-cu-ul-1072-trxlpe-100/a-3908/p-55451
industries/cables-by-application/utility/polycab-mv-3c-al-epr-iceanema-15kv	https://polycab.com/polycab-mv-3c-al-epr-iceanema-15kv/a-3908/p-55237
industries/cables-by-application/utility/polycab-mv-3c-al-xlpe-atr-as-nzs-12.7-22kv	https://polycab.com/polycab-mv-3c-al-xlpe-atr-as-nzs-12722kv/a-3908/p-55171
industries/cables-by-application/utility/polycab-mv-3c-al-xlpe-atr-as-nzs-19-33kv	https://polycab.com/polycab-mv-3c-al-xlpe-atr-as-nzs-1933kv/a-3908/p-55153
industries/cables-by-application/utility/polycab-mv-3c-al-xlpe-atr-as-nzs-6.35-11kv	https://polycab.com/polycab-mv-3c-al-xlpe-atr-as-nzs-63511kv/a-3908/p-55165
industries/cables-by-application/utility/polycab-mv-3c-cu-epr-iceanema-15kv	https://polycab.com/polycab-mv-3c-cu-epr-iceanema-15kv/a-3908/p-55227
industries/cables-by-application/it-industry/polycab-lv-is-7098-i-1c-2xfay-2xway	https://polycab.com/polycab-lv-is-7098-i-1c-2xfay-2xway/a-5043/p-54732
industries/cables-by-application/utility/polycab-mv-3c-cu-epr-iceanema-25kv	https://polycab.com/polycab-mv-3c-cu-epr-iceanema-25kv/a-3908/p-55229
industries/cables-by-application/utility/polycab-mv-al-bs-6622-12722kv	https://polycab.com/polycab-mv-al-bs-6622-12722kv/a-3908/p-54983
industries/cables-by-application/it-industry/polycab-lv-is-7098-i-2c-a2xfy	https://polycab.com/polycab-lv-is-7098-i-2c-a2xfy/a-5043/p-54704
industries/cables-by-application/utility/polycab-mv-al-bs-6622-3.8-6.6kv	https://polycab.com/polycab-mv-al-bs-6622-3866kv/a-3908/p-54985
industries/cables-by-application/utility/polycab-mv-al-bs-6622-6.35-11kv	https://polycab.com/polycab-mv-al-bs-6622-63511kv/a-3908/p-54987
industries/cables-by-application/utility/polycab-mv-al-bs-6622-8.7-15kv	https://polycab.com/polycab-mv-al-bs-6622-8715kv/a-3908/p-54989
industries/cables-by-application/utility/polycab-mv-al-bs-7835-6.35-11-12kv	https://polycab.com/polycab-mv-al-bs-7835-63511-12-kv/a-3908/p-55003
industries/cables-by-application/utility/polycab-mv-al-bs-7870-4-10-12.7-22kv-triplex	https://polycab.com/polycab-mv-al-bs-7870-4-10-12722kv-triplex/a-3908/p-55027
industries/cables-by-application/utility/polycab-mv-al-bs-7870-4-10-6.35-11kv	https://polycab.com/polycab-mv-al-bs-7870-4-10-63511kv/a-3908/p-55019
industries/cables-by-application/utility/polycab-mv-al-bs-7870-4-20-63511kv	https://polycab.com/polycab-mv-al-bs-7870-4-20-63511kv/a-3908/p-55399
industries/cables-by-application/utility/polycab-mv-al-iec-60502-2-12-20kv	https://polycab.com/polycab-mv-al-iec-60502-2-1220kv/a-3908/p-55419
industries/cables-by-application/utility/polycab-mv-al-iec-60502-2-3.6-6.0kv	https://polycab.com/polycab-mv-al-iec-60502-2-3660kv/a-3908/p-55413
industries/cables-by-application/utility/polycab-mv-al-iec-60502-2-6.0-10kv	https://polycab.com/polycab-mv-al-iec-60502-2-6010kv/a-3908/p-55415
industries/cables-by-application/utility/polycab-mv-cu-bs-6622-12722kv	https://polycab.com/polycab-mv-cu-bs-6622-12722kv/a-3908/p-54991
industries/cables-by-application/utility/polycab-mv-cu-bs-7835-3.8-6.6-7.2kv	https://polycab.com/polycab-mv-cu-bs-7835-3866-72-kv/a-3908/p-55007
industries/cables-by-application/utility/polycab-mv-cu-bs-7835-6351112kv	https://polycab.com/polycab-mv-cu-bs-7835-63511-12-kv/a-3902/p-55011
industries/cables-by-application/utility/polycab-mv-cu-bs-7870-4-10-19-33kv	https://polycab.com/polycab-mv-cu-bs-7870-4-10-1933kv/a-3908/p-55023
industries/cables-by-application/utility/polycab-mv-cu-iec-60502-2-3660kv	https://polycab.com/polycab-mv-cu-iec-60502-2-3660kv/a-3908/p-55403
industries/cables-by-application/utility/polycab-mv-is-7098-ii-1c-2xway2xfay-3.8-6.6kve	https://polycab.com/polycab-mv-is-7098-ii-1c-2xway2xfay-3866kv-e/a-3908/p-55059
industries/cables-by-application/utility/polycab-mv-cu-iec-60502-2-87-15kv	https://polycab.com/polycab-mv-cu-iec-60502-2-87-15kv/a-3908/p-55407
industries/cables-by-application/utility/polycab-mv-is-7098-ii-1c-2xway2xfay-1111kvue	https://polycab.com/polycab-mv-is-7098-ii-1c-2xway2xfay-1111kv-ue/a-3908/p-55065
industries/cables-by-application/utility/polycab-mv-is-7098-ii-1c-2xway2xfay-12722kve	https://polycab.com/polycab-mv-is-7098-ii-1c-2xway2xfay-12722kv-e/a-3908/p-55067
industries/cables-by-application/utility/polycab-mv-is-7098-ii-1c-2xway2xfay-3.3-3.3kvue	https://polycab.com/polycab-mv-is-7098-ii-1c-2xway2xfay-3333kv-ue/a-3908/p-55057
industries/cables-by-application/utility/polycab-mv-cu-bs-7870-4-20-6.35-11kv	https://polycab.com/polycab-mv-cu-bs-7870-4-20-63511kv/a-3908/p-55401
industries/cables-by-application/it-industry/polycab-lv-is-7098-i-3c-2xwy	https://polycab.com/polycab-lv-is-7098-i-3c-2xwy/a-5043/p-54718
industries/cables-by-application/utility/polycab-mv-is-7098-ii-3c-2xwy2xfy-19-33kve	https://polycab.com/polycab-mv-is-7098-ii-3c-2xwy-2xfy-1933kv-e/a-3908/p-55087
industries/cables-by-application/utility/polycab-mv-is-7098-ii-1c-a2xwaya2xfay-3.3-3.3kvue	https://polycab.com/polycab-mv-is-7098-ii-1c-a2xwaya2xfay-3333kv-ue/a-3908/p-55073
industries/cables-by-application/utility/polycab-mv-is-7098-ii-1ca2xwaya2xfay-12.7-22kve	https://polycab.com/polycab-mv-is-7098-ii-1ca2xwaya2xfay-12722kv-e/a-3908/p-55083
industries/cables-by-application/utility/polycab-mv-is-7098-ii-3c-2xwy-2xfy-1933kve	https://polycab.com/polycab-mv-is-7098-ii-3c-2xwy-2xfy-1933kv-e/a-3908/p-55087
industries/cables-by-application/utility/polycab-mv-is-7098-ii-3c-2xwy-2xfy-3.8-6.6kv-e	https://polycab.com/polycab-mv-is-7098-ii-3c-2xwy2xfy-3866kv-e/a-3908/p-55091
industries/cables-by-application/utility/polycab-mv-is-7098-ii-1c-a2xway-a2xfay-3.8-6.6kv-e	https://polycab.com/polycab-mv-is-7098-ii-1c-a2xwaya2xfay-3866kv-e/a-3908/p-55075
industries/cables-by-application/utility/polycab-mv-is-7098-ii-1c-a2xwaya2xfay-6.6-6.6kvue	https://polycab.com/polycab-mv-is-7098-ii-1c-a2xwaya2xfay-6666kv-ue/a-3908/p-55077
industries/cables-by-application/utility/polycab-mv-is-7098-ii-3c-2xwy2xfy-6.35-11kve	https://polycab.com/polycab-mv-is-7098-ii-3c-2xwy2xfy-63511kv-e/a-3908/p-55095
industries/cables-by-application/utility/polycab-mv-is-7098-ii-3c-2xwy2xfy-11-11kvue	https://polycab.com/polycab-mv-is-7098-ii-3c-2xwy2xfy-1111kv-ue/a-3908/p-55097
industries/cables-by-application/utility/polycab-mv-is-7098-ii-3c-a2xwy2xfy-19-33kve	https://polycab.com/polycab-mv-is-7098-ii-3c-a2xwya2xfy-1933kv-e/a-3908/p-55103
industries/cables-by-application/utility/polycab-mv-is-7098-ii-3c-2xwy2xfy-6666kvue	https://polycab.com/polycab-mv-is-7098-ii-3c-2xwy2xfy-6666kv-ue/a-3908/p-55093
industries/cables-by-application/utility/polycab-mv-is-7098-ii-3c-a2xwy2xfy-3.3-3.3kvue	https://polycab.com/polycab-mv-is-7098-ii-3c-a2xwya2xfy-3333kv-ue/a-3908/p-55105
industries/cables-by-application/utility/polycab-mv-is-7098-ii-3c-a2xwy2xfy-6.6-6.6kvue	https://polycab.com/polycab-mv-is-7098-ii-3c-a2xwya2xfy-6666kv-ue/a-3908/p-55109
industries/cables-by-application/utility/polycab-mv-is-7098-ii-3c-a2xwya2xfy-12722kve	https://polycab.com/polycab-mv-is-7098-ii-3c-a2xwya2xfy-12722kv-e/a-3908/p-55115
industries/cables-by-application/utility/polycab-mv-sc-al-epr-iceanema-15kva	https://polycab.com/polycab-mv-sc-al-epr-iceanema-15kv/a-3908/p-55217
industries/cables-by-application/utility/polycab-mv-sc-al-xlpe-as-nzs-1.9-3.3kv	https://polycab.com/polycab-mv-sc-al-xlpe-as-nzs-1933kv/a-3908/p-55121
industries/cables-by-application/it-industry/polycab-lv-is-7098-i-3c-2xy	https://polycab.com/polycab-lv-is-7098-i-3c-2xy/a-5043/p-54748
industries/cables-by-application/utility/polycab-mv-sc-al-xlpe-as-nzs-12.7-22kv	https://polycab.com/polycab-mv-sc-al-xlpe-as-nzs-12722kv/a-3908/p-55139
industries/cables-by-application/utility/polycab-mv-sc-al-xlpe-as-nzs-3866kv	https://polycab.com/polycab-mv-sc-al-xlpe-as-nzs-3866kv/a-3908/p-55127
industries/cables-by-application/utility/polycab-mv-sc-al-xlpe-as-nzs-6.35-11kv	https://polycab.com/polycab-mv-sc-al-xlpe-as-nzs-63511kv/a-3908/p-55133
industries/cables-by-application/utility/polycab-mv-sc-al-epr-iceanema-8kv	https://polycab.com/polycab-mv-sc-al-epr-iceanema-8kv/a-3908/p-55215
industries/cables-by-application/utility/polycab-mv-sc-al-xlpe-atr-as-nzs-63511kv	https://polycab.com/polycab-mv-sc-al-xlpe-atr-as-nzs-63511kv/a-3908/p-55135
industries/cables-by-application/utility/polycab-mv-sc-cu-epr-iceanema-15kv	https://polycab.com/polycab-mv-sc-cu-epr-iceanema-15kv/a-3908/p-55207
industries/cables-by-application/utility/polycab-mv-sc-cu-epr-iceanema-35kv	https://polycab.com/polycab-mv-sc-cu-epr-iceanema-35kv/a-3908/p-55211
industries/cables-by-application/utility/polycab-mv-sc-cu-epr-iceanema-5kv	https://polycab.com/polycab-mv-sc-cu-epr-iceanema-5kv/a-3908/p-55203
industries/cables-by-application/utility/polycab-mv-sc-cu-epr-iceanema-8kv	https://polycab.com/polycab-mv-sc-cu-epr-iceanema-8kv/a-3908/p-55205
industries/cables-by-application/utility/polycab-mv-sc-cu-xlpe-as-nzs-1933kv	https://polycab.com/polycab-mv-sc-cu-xlpe-as-nzs-1933kv/a-3908/p-55119
industries/cables-by-application/utility/polycab-mv-3c-al-epr-iceanema-25kv	https://polycab.com/polycab-mv-3c-al-epr-iceanema-25kv/a-3908/p-55239
industries/cables-by-application/utility	https://polycab.com/cables/applications/energy-and-power-grid/utility
industries/cables-by-application/water-treatment-and-waste-disposal/polycab-h07bq-f-bsen-50525-2-21-mc-450750v-ac	https://polycab.com/polycab-h07bq-f-bsen-50525-2-21-mc-450750v-ac/a-5043/p-54828
industries/cables-by-application/water-treatment-and-waste-disposal/polycab-lv-15-cu-iec-60502-1-061kv-mc-sfa	https://polycab.com/polycab-lv-15-cu-iec-60502-1-061kv-mc-sfa/a-5043/p-55305
industries/cables-by-application/water-treatment-and-waste-disposal/polycab-lv-15-cu-iec-60502-1-061kv-mc-swa	https://polycab.com/polycab-lv-15-cu-iec-60502-1-061kv-mc-swa/a-5043/p-55307
industries/cables-by-application/water-treatment-and-waste-disposal/polycab-lv-15-cu-iec-60502-1-061kv-mc-ua	https://polycab.com/polycab-lv-15-cu-iec-60502-1-061kv-mc-ua/a-5043/p-55303
industries/cables-by-standards/is-14255/polycab-aerial-bunched-cable-1100v-ac-abc	https://polycab.com/polycab-aerial-bunched-cable-1100v-ac-abc/a-3907/p-55618
industries/cables-by-application/water-treatment-and-waste-disposal/polycab-lv-al-iec-60502-1-061kv-mc-2-ua	https://polycab.com/polycab-lv-al-iec-60502-1-061kv-mc-2-ua/a-5046/p-55259
industries/cables-by-application/water-treatment-and-waste-disposal/polycab-lv-al-iec-60502-1-061kv-mc-3-sfa	https://polycab.com/polycab-lv-al-iec-60502-1-061kv-mc-3-sfa/a-5046/p-55279
industries/cables-by-application/water-treatment-and-waste-disposal/polycab-lv-al-iec-60502-1-061kv-mc-3-swa	https://polycab.com/polycab-lv-al-iec-60502-1-061kv-mc-3-swa/a-5046/p-55281
industries/cables-by-application/water-treatment-and-waste-disposal/polycab-lv-al-iec-60502-1-061kv-mc-3-ua	https://polycab.com/polycab-lv-al-iec-60502-1-061kv-mc-3-ua/a-5046/p-55283
industries/cables-by-application/it-industry/polycab-lv-is-7098-i-4c-2xwy	https://polycab.com/polycab-lv-is-7098-i-4c-2xwy/a-5043/p-54726
industries/cables-by-application/water-treatment-and-waste-disposal/polycab-lv-al-iec-60502-1-061kv-sc-ua	https://polycab.com/polycab-lv-al-iec-60502-1-061kv-sc-ua/a-5046/p-55243
industries/cables-by-application/water-treatment-and-waste-disposal/polycab-lv-cu-iec-60502-1-061kv-mc-2-swa	https://polycab.com/polycab-lv-cu-iec-60502-1-061kv-mc-2-swa/a-5046/p-55263
industries/cables-by-application/water-treatment-and-waste-disposal/polycab-lv-cu-iec-60502-1-061kv-mc-2-ua	https://polycab.com/polycab-lv-cu-iec-60502-1-061kv-mc-2-ua/a-5046/p-55265
industries/cables-by-application/water-treatment-and-waste-disposal/polycab-lv-cu-iec-60502-1-061kv-mc-3-ua	https://polycab.com/polycab-lv-cu-iec-60502-1-061kv-mc-3-ua/a-5046/p-55289
industries/cables-by-application/water-treatment-and-waste-disposal/polycab-lv-cu-iec-60502-1-061kv-mc-35-swa	https://polycab.com/polycab-lv-cu-iec-60502-1-061kv-mc-35-swa/a-5046/p-55275
industries/cables-by-application/it-industry/polycab-lv-is-7098-i-mc-15-2xy	https://polycab.com/polycab-lv-is-7098-i-mc-15-2xy/a-5043/p-54760
industries/cables-by-application/mass-transit-railways-and-marine/polycab-hydro-type-tc-eritc-er-cic-tctype-p-os	https://polycab.com/polycab-hydro-type-tc-eritc-er-cic-tc-type-p-os/a-5037/p-55483
industries/cables-by-application/water-treatment-and-waste-disposal/polycab-lv-cu-iec-60502-1-061kv-sc-sfa	https://polycab.com/polycab-lv-cu-iec-60502-1-061kv-sc-sfa/a-5046/p-55251
industries/cables-by-application/water-treatment-and-waste-disposal/polycab-lv-is-7098-i-1c-2xy	https://polycab.com/polycab-lv-is-7098-i-1c-2xy/a-5046/p-54736
industries/cables-by-application/water-treatment-and-waste-disposal/polycab-lv-is-7098-i-1c-a2xfay-a2xway	https://polycab.com/polycab-lv-is-7098-i-1c-a2xfay-a2xway/a-5043/p-54734
industries/cables-by-application/water-treatment-and-waste-disposal/polycab-lv-is-7098-i-1c-a2xy	https://polycab.com/polycab-lv-is-7098-i-1c-a2xy/a-5043/p-54738
industries/cables-by-application/water-treatment-and-waste-disposal/polycab-lv-is-7098-i-2c-a2xfy	https://polycab.com/polycab-lv-is-7098-i-2c-a2xfy/a-5043/p-54704
industries/cables-by-application/water-treatment-and-waste-disposal/polycab-lv-is-7098-i-2c-a2xwy	https://polycab.com/polycab-lv-is-7098-i-2c-a2xwy/a-5043/p-54706
industries/cables-by-application/water-treatment-and-waste-disposal/polycab-lv-is-7098-i-2c-a2xy	https://polycab.com/polycab-lv-is-7098-i-2c-a2xy/a-5046/p-54742
industries/cables-by-application/water-treatment-and-waste-disposal/polycab-lv-is-7098-i-35c-2xy	https://polycab.com/polycab-lv-is-7098-i-35c-2xy/a-5046/p-54744
industries/cables-by-application/water-treatment-and-waste-disposal/polycab-lv-is-7098-i-35c-a2xfy	https://polycab.com/polycab-lv-is-7098-i-35c-a2xfy/a-5043/p-54712
industries/cables-by-standards/iec-60840/polycab-ehv-cu-pb-220kv	https://polycab.com/polycab-ehv-cu-pb-220kv/a-3908/p-55365
industries/cables-by-application/mass-transit-railways-and-marine/polymarine-iec-60092-353-0610kv-armoured-cable	https://polycab.com/polymarine-iec-60092-353-0610kv-armoured-cable/a-5049/p-54890
industries/cables-by-application/mass-transit-railways-and-marine/polymarine-iec-60092-353-0610kv-fs-uarmoured-cable	https://polycab.com/polymarine-iec-60092-353-0610kv-fs-uarmoured-cable/a-5049/p-54904
industries/cables-by-application/water-treatment-and-waste-disposal/polycab-lv-is-7098-i-3c-2xy	https://polycab.com/polycab-lv-is-7098-i-3c-2xy/a-5043/p-54748
industries/cables-by-application/water-treatment-and-waste-disposal/polycab-lv-is-7098-i-4c-2xfy	https://polycab.com/polycab-lv-is-7098-i-4c-2xfy/a-5043/p-54724
industries/cables-by-application/water-treatment-and-waste-disposal/polycab-lv-is-7098-i-4c-2xy	https://polycab.com/polycab-lv-is-7098-i-4c-2xy/a-5046/p-54752
industries/cables-by-application/water-treatment-and-waste-disposal/polycab-lv-is-7098-i-4c-a2xfy	https://polycab.com/polycab-lv-is-7098-i-4c-a2xfy/a-5043/p-54728
industries/cables-by-application/mass-transit-railways-and-marine/polymarine-iec-60092-353-1830kv-armoured-cable	https://polycab.com/polymarine-iec-60092-353-1830kv-armoured-cable/a-5049/p-54894
industries/cables-by-application/water-treatment-and-waste-disposal	https://polycab.com/cables/applications/manufacturing-industries/water-treatment-and-waste-disposal
industries/cables-by-application/water-treatment-and-waste-disposal/polycab-lv-is-7098-i-mc-15-2xy	https://polycab.com/polycab-lv-is-7098-i-mc-15-2xy/a-5043/p-54760
industries/cables-by-application/water-treatment-and-waste-disposal/polycab-lv-is-7098-i-mc-25-2xfy	https://polycab.com/polycab-lv-is-7098-i-mc-25-2xfy/a-5043/p-54762
industries/cables-by-standards/ansiicea-s-93-639/polycab-mv-3c-al-epr-iceanema-35kv	https://polycab.com/polycab-mv-3c-al-epr-iceanema-35kv/a-3908/p-55241
industries/cables-by-standards/ansiicea-s-93-639/polycab-mv-3c-al-epr-iceanema-5kv	https://polycab.com/polycab-mv-3c-al-epr-iceanema-5kv/a-3908/p-55233
industries/cables-by-standards/ansiicea-s-93-639/polycab-mv-3c-cu-epr-iceanema-25kv	https://polycab.com/polycab-mv-3c-cu-epr-iceanema-25kv/a-3908/p-55229
industries/cables-by-standards/ansiicea-s-93-639	https://polycab.com/cables/standards/international-standards/ansiicea-s-93-639
industries/cables-by-standards/ansinema-wc-74icea-s-93-639	https://polycab.com/cables/standards/international-standards/ansinema-wc-74icea-s-93-639
industries/cables-by-standards/ansiscte-74	https://polycab.com/cables/standards/international-standards/ansiscte-74
industries/cables-by-standards/ansiicea-s-93-639/polycab-mv-sc-al-epr-iceanema-8kv	https://polycab.com/polycab-mv-sc-al-epr-iceanema-8kv/a-3908/p-55215
industries/cables-by-standards/ansiicea-s-93-639/polycab-mv-sc-cu-epr-iceanema-15kv	https://polycab.com/polycab-mv-sc-cu-epr-iceanema-15kv/a-3908/p-55207
industries/cables-by-standards/ansiicea-s-93-639/polycab-mv-sc-cu-epr-iceanema-25kv	https://polycab.com/polycab-mv-sc-cu-epr-iceanema-25kv/a-3908/p-55209
industries/cables-by-standards/ansiicea-s-93-639/polycab-mv-sc-cu-epr-iceanema-35kv	https://polycab.com/polycab-mv-sc-cu-epr-iceanema-35kv/a-3908/p-55211
industries/cables-by-standards/ansiicea-s-93-639/polycab-mv-sc-cu-epr-iceanema-8kv	https://polycab.com/polycab-mv-sc-cu-epr-iceanema-8kv/a-3908/p-55205
industries/cables-by-application/mass-transit-railways-and-marine/polymarine-instrumentation-pair-250v-isos-iec-60092-376	https://polycab.com/polymarine-instrumentation-pair-250v-isos-iec-60092-376/a-5049/p-55053
industries/cables-by-standards/as-nzs-5000	https://polycab.com/cables/standards/international-standards/as-nzs-5000
industries/cables-by-standards/bs-6622/polycab-mv-cu-bs-6622-63511kv	https://polycab.com/polycab-mv-cu-bs-6622-63511kv/a-5051/p-54995
industries/cables-by-standards/as-nzs-5000/polycab-solar-as-nzs-5000-pvc-twist	https://polycab.com/polycab-solar-as-nzs-5000-pvc-twist/a-5034/p-55509
industries/cables-by-standards/as-nzs-5000/polycab-solar-as-nzs-5000-rfh-at	https://polycab.com/polycab-solar-as-nzs-5000-rfh-at/a-5034/p-55515
industries/cables-by-standards/as-nzs-5000/polycab-solar-as-nzs-5000-rfh-twist	https://polycab.com/polycab-solar-as-nzs-5000-rfh-twist/a-5034/p-55519
industries/cables-by-standards/as-nzs-5000/polycab-solar-as-nzs-5000-rfh	https://polycab.com/polycab-solar-as-nzs-5000-rfh/a-5034/p-55513
industries/cables-by-standards/as-nzs-5000/polycab-solar-as-nzs-5000-xlpo-at	https://polycab.com/polycab-solar-as-nzs-5000-xlpo-at/a-5034/p-55523
industries/cables-by-standards/asnzs-14291/polycab-mv-1t-al-xlpe-as-nzs-12722kv	https://polycab.com/polycab-mv-1t-al-xlpe-as-nzs-12722kv/a-3908/p-55193
industries/cables-by-standards/asnzs-14291/polycab-mv-1t-al-xlpe-as-nzs-1933kv-atr	https://polycab.com/polycab-mv-1t-al-xlpe-as-nzs-1933kv-atr/a-3908/p-55201
industries/cables-by-standards/asnzs-14291/polycab-mv-1t-al-xlpe-as-nzs-3866kv-atr	https://polycab.com/polycab-mv-1t-al-xlpe-as-nzs-3866kv-atr/a-3908/p-55183
industries/cables-by-standards/asnzs-14291/polycab-mv-1t-al-xlpe-as-nzs-3866kv	https://polycab.com/polycab-mv-1t-al-xlpe-as-nzs-3866kv/a-3908/p-55181
industries/cables-by-standards/asnzs-14291/polycab-mv-1t-al-xlpe-as-nzs-63511kv	https://polycab.com/polycab-mv-1t-al-xlpe-as-nzs-63511kv/a-3908/p-55187
industries/cables-by-application/metal-industry/polycab-hffr-04xzz-k04xzxz-k-mc-1100v-ac-is-17048	https://polycab.com/polycab-hffr-04xzz-k04xzxz-k-mc-1100v-ac-is-17048/a-5044/p-54822
industries/cables-by-standards/asnzs-14291/polycab-mv-3c-al-xlpe-as-nzs-3866kv	https://polycab.com/polycab-mv-3c-al-xlpe-as-nzs-3866kv/a-3908/p-55157
industries/cables-by-standards/asnzs-14291/polycab-mv-3c-al-xlpe-atr-as-nzs-3866kv	https://polycab.com/polycab-mv-3c-al-xlpe-atr-as-nzs-3866kv/a-3908/p-55159
industries/cables-by-standards/asnzs-14291/polycab-mv-3c-cu-xlpe-as-nzs-12722kv	https://polycab.com/polycab-mv-3c-cu-xlpe-as-nzs-12722kv/a-3908/p-55167
industries/cables-by-standards/asnzs-14291/polycab-mv-3c-cu-xlpe-as-nzs-1933kv	https://polycab.com/polycab-mv-3c-cu-xlpe-as-nzs-1933kv/a-3908/p-55149
industries/cables-by-standards/asnzs-14291/polycab-mv-1t-al-xlpe-as-nzs-63511kv-atr	https://polycab.com/polycab-mv-1t-al-xlpe-as-nzs-63511kv-atr/a-3908/p-55189
industries/cables-by-standards/asnzs-14291	https://polycab.com/cables/standards/international-standards/asnzs-14291
industries/cables-by-standards/bs-5467	https://polycab.com/cables/standards/international-standards/bs-5467
industries/cables-by-standards/asnzs-14291/polycab-mv-sc-al-xlpe-as-nzs-63511kv	https://polycab.com/polycab-mv-sc-al-xlpe-as-nzs-63511kv/a-3908/p-55133
industries/cables-by-standards/asnzs-14291/polycab-mv-sc-al-xlpe-atr-as-nzs-12722kv	https://polycab.com/polycab-mv-sc-al-xlpe-atr-as-nzs-12722kv/a-3908/p-55141
industries/cables-by-standards/asnzs-14291/polycab-mv-sc-al-xlpe-atr-as-nzs-3866kv	https://polycab.com/polycab-mv-sc-al-xlpe-atr-as-nzs-3866kv/a-3908/p-55129
industries/cables-by-standards/asnzs-14291/polycab-mv-sc-al-xlpe-atr-as-nzs-63511kv	https://polycab.com/polycab-mv-sc-al-xlpe-atr-as-nzs-63511kv/a-3908/p-55135
industries/cables-by-standards/asnzs-14291/polycab-mv-sc-cu-xlpe-as-nzs-12722kv	https://polycab.com/polycab-mv-sc-cu-xlpe-as-nzs-12722kv/a-3908/p-55137
industries/cables-by-application/metal-industry/polycab-hffr-01zz-k03xzz-k-mc-1100v-ac-is-17048	https://polycab.com/polycab-hffr-01zz-k03xzz-k-mc-1100v-ac-is-17048/a-5044/p-54820
industries/cables-by-standards/bs-5467/polycab-bs-5467-sc-061kv-ac	https://polycab.com/polycab-bs-5467-sc-061kv-ac/a-3907/p-55465
industries/cables-by-standards/bs-6004	https://polycab.com/cables/standards/international-standards/bs-6004
industries/cables-by-standards/bs-6231	https://polycab.com/cables/standards/international-standards/bs-6231
industries/cables-by-standards/bs-5467/polycab-bs-5467-sc-1933kv-ac	https://polycab.com/polycab-bs-5467-sc-1933kv-ac/a-3907/p-55469
industries/cables-by-standards/bs-6004/polycab-3192a3182a3183a3184a3185a-bs-6004-mc-300500v-ac	https://polycab.com/polycab-3192a3182a3183a3184a3185a-bs-6004-mc-300500v-ac/a-3904/p-55477
industries/cables-by-standards/bs-6004/polycab-6181y-bs-6004-sc-300500v-ac	https://polycab.com/polycab-6181y-bs-6004-sc-300500v-ac/a-3904/p-55481
industries/cables-by-standards/bs-5467/polycab-firealarm-armoured-cable	https://polycab.com/polycab-firealarm-armoured-cable/a-5047/p-54786
industries/cables-by-standards/asnzs-14291/polycab-mv-1t-cu-xlpe-as-nzs-12722kv	https://polycab.com/polycab-mv-1t-cu-xlpe-as-nzs-12722kv/a-3908/p-55191
industries/cables-by-standards/bs-6622/polycab-mv-al-bs-6622-12722kv	https://polycab.com/polycab-mv-al-bs-6622-12722kv/a-3908/p-54983
industries/cables-by-standards/bs-6724	https://polycab.com/cables/standards/international-standards/bs-6724
industries/cables-by-standards/bs-7211	https://polycab.com/cables/standards/international-standards/bs-7211
industries/cables-by-standards/bs-6622/polycab-mv-al-bs-6622-3866kv	https://polycab.com/polycab-mv-al-bs-6622-3866kv/a-3908/p-54985
industries/cables-by-standards/bs-6622/polycab-mv-al-bs-6622-63511kv	https://polycab.com/polycab-mv-al-bs-6622-63511kv/a-3908/p-54987
industries/cables-by-standards/bs-6622/polycab-mv-al-bs-6622-8715kv	https://polycab.com/polycab-mv-al-bs-6622-8715kv/a-3908/p-54989
industries/cables-by-standards/bs-6622/polycab-mv-cu-bs-6622-1933kv	https://polycab.com/polycab-mv-cu-bs-6622-1933kv/a-5051/p-54981
industries/cables-by-standards/bs-6622/polycab-mv-cu-bs-6622-3866kv	https://polycab.com/polycab-mv-cu-bs-6622-3866kv/a-3908/p-54993
industries/cables-by-standards/bs-7629-1	https://polycab.com/cables/standards/international-standards/bs-7629-1
industries/cables-by-standards/bs-6724/polycab-bs-6724-sc-awa-lszh-1933kv-ac	https://polycab.com/polycab-bs-6724-sc-awa-lszh-1933kv-ac/a-3907/p-55459
industries/cables-by-standards/bs-7211/polycab-6241b6242b6243b-bs-7211-mc-300500v-ac	https://polycab.com/polycab-6241b6242b6243b-bs-7211-mc-300500v-ac/a-3904/p-55491
industries/cables-by-standards/bs-7211/polycab-ignis-241	https://polycab.com/polycab-ignis-241/a-5047/p-54884
industries/cables-by-standards/bs-7629-1/polycab-ignis-213	https://polycab.com/polycab-ignis-213/a-5047/p-54876
industries/cables-by-standards/bs-7629-1/polycab-ignis-214	https://polycab.com/polycab-ignis-214/a-5047/p-54878
industries/cables-by-standards/bs-7211/polycab-6181b6182b6183b6184b6185b-bs-7211-450750v-ac	https://polycab.com/polycab-6181b6182b6183b6184b6185b-bs-7211-450750v-ac/a-3904/p-55489
industries/cables-by-standards/bs-7835/polycab-mv-al-bs-7835-386672kv	https://polycab.com/polycab-mv-al-bs-7835-3866-72-kv/a-3908/p-55001
industries/cables-by-standards/bs-7835	https://polycab.com/cables/standards/international-standards/bs-7835
industries/cables-by-standards/bs-7846	https://polycab.com/cables/standards/international-standards/bs-7846
industries/cables-by-standards/bs-7835/polycab-mv-al-bs-7835-6.35-11-12kv	https://polycab.com/polycab-mv-al-bs-7835-63511-12-kv/a-3908/p-55003
industries/cables-by-standards/bs-7835/polycab-mv-al-bs-7835-871515kv	https://polycab.com/polycab-mv-al-bs-7835-8715-15-kv/a-3908/p-55005
industries/cables-by-standards/bs-7835/polycab-mv-cu-bs-7835-6351112kv	https://polycab.com/polycab-mv-cu-bs-7835-63511-12-kv/a-3902/p-55011
industries/cables-by-standards/bs-7835/polycab-mv-cu-bs-7835-8.7-15-15kv	https://polycab.com/polycab-mv-cu-bs-7835-8715-15-kv/a-3908/p-55013
industries/cables-by-standards/bs-7846/polycab-ignis-210	https://polycab.com/polycab-ignis-210/a-5047/p-54866
industries/cables-by-standards/asnzs-14291/polycab-mv-3c-al-xlpe-as-nzs-1933kv	https://polycab.com/polycab-mv-3c-al-xlpe-as-nzs-1933kv/a-3908/p-55151
industries/cables-by-standards/bs-7870-4-10	https://polycab.com/cables/standards/international-standards/bs-7870-4-10
industries/cables-by-standards/bs-7870-4-20/polycab-mv-al-bs-7870-4-20-63511kv	https://polycab.com/polycab-mv-al-bs-7870-4-20-63511kv/a-3908/p-55399
industries/cables-by-standards/bs-7870-4-10/polycab-mv-al-bs-7870-4-10-63511kv	https://polycab.com/polycab-mv-al-bs-7870-4-10-63511kv/a-3908/p-55019
industries/cables-by-standards/bs-7870-4-10/polycab-mv-cu-bs-7870-4-10-12722kv-triplex	https://polycab.com/polycab-mv-cu-bs-7870-4-10-12722kv-triplex/a-3908/p-55037
industries/cables-by-standards/bs-7870-4-10/polycab-mv-cu-bs-7870-4-10-12722kv	https://polycab.com/polycab-mv-cu-bs-7870-4-10-12722kv/a-3908/p-55021
switches-accessories/accessories/3-pin-4-plus1-1-5-mtr	https://polycab.com/2-pin-4-mtr-flex-boxes-6-ampere-whiteplusgrey/c-20067/p-56792
industries/cables-by-application/mining-drilling-and-tunneling/polycab-rr-reinforced1100v-ac-is-9968-1	https://polycab.com/polycab-rr-reinforced-1100v-ac-is-9968-1/a-5038/p-55578
industries/cables-by-standards/bs-7870-4-20	https://polycab.com/cables/standards/international-standards/bs-7870-4-20
industries/cables-by-standards/bs-8592	https://polycab.com/cables/standards/international-standards/bs-8592
industries/cables-by-standards/bs-en-50525-2-51	https://polycab.com/cables/standards/international-standards/bs-en-50525-2-51
industries/cables-by-standards/bs-8592/polycab-ignis-240	https://polycab.com/polycab-ignis-240/a-5047/p-54882
industries/cables-by-standards/bs-en-50525-2-51/polycab-classic-100-450750v-ac	https://polycab.com/polycab-classic-100-450750v-ac/a-5040/p-55556
industries/cables-by-standards/bs-en-50525-2-51/polycab-classic-100-cy-450750v-ac	https://polycab.com/polycab-classic-100-cy-450750v-ac/a-5040/p-55558
industries/cables-by-standards/bs-en-50525-2-51/polycab-classic-100-sy-450750v-ac	https://polycab.com/polycab-classic-100-sy-450750v-ac/a-5040/p-55560
industries/cables-by-standards/bs-7870-4-10/polycab-mv-cu-bs-7870-4-10-63511kv	https://polycab.com/polycab-mv-cu-bs-7870-4-10-63511kv/a-3908/p-55025
industries/cables-by-standards/bsen-50288-7/polycab-instrumentation-300-tst	https://polycab.com/polycab-instrumentation-300-t-st/a-3905/p-54780
industries/cables-by-standards/bsen-50288-7	https://polycab.com/cables/standards/international-standards/bsen-50288-7
industries/cables-by-standards/bsen-50525-2-11	https://polycab.com/cables/standards/international-standards/bsen-50525-2-11
industries/cables-by-standards/bsen-50288-7/polycab-instrumentation-300-pst	https://polycab.com/polycab-instrumentation-300-p-st/a-3905/p-54909
switches-accessories/accessories/angle-holder	https://polycab.com/modular-angle-holder-lamp-holders-2-ampere-white/c-20068/p-56112
industries/cables-by-standards/bsen-50288-7/polycab-bms-300-mc-c4	https://polycab.com/polycab-bms-300-mc-c4/a-3901/p-54794
industries/cables-by-standards/bsen-50288-7/polycab-firealarm-shielded-unarmoured-cable	https://polycab.com/polycab-firealarm-shielded-unarmoured-cable/a-5047/p-54792
industries/cables-by-standards/bsen-50525-2-21	https://polycab.com/cables/standards/international-standards/bsen-50525-2-21
industries/cables-by-standards/bsen-50525-2-21/polycab-h05bb-f-bsen-50525-2-21-mc-300500v-ac	https://polycab.com/polycab-h05bb-f-bsen-50525-2-21-mc-300500v-ac/a-5050/p-55586
industries/cables-by-standards/bsen-50525-2-21/polycab-h05bq-f-bsen-50525-2-21-mc-300500v-ac	https://polycab.com/polycab-h05bq-f-bsen-50525-2-21-mc-300500v-ac/a-5043/p-54826
industries/cables-by-standards/bsen-50525-2-11/polycab-h03vvh2-f-bsen-50525-2-11-mc-300300v-ac	https://polycab.com/polycab-h03vvh2-f-bsen-50525-2-11-mc-300300v-ac/a-5040/p-55540
industries/cables-by-standards/bsen-50525-2-11/polycab-h05v2v2d3-f-bsen-50525-2-11-mc-300500v-ac	https://polycab.com/polycab-h05v2v2d3-f-bsen-50525-2-11-mc-300500v-ac/a-5040/p-55542
industries/cables-by-standards/bsen-50525-2-11/polycab-h05vvh2-f-bsen-50525-2-11-mc-300500v-ac	https://polycab.com/polycab-h05vvh2-f-bsen-50525-2-11-mc-300500v-ac/a-5040/p-55544
industries/cables-by-standards/asnzs-14291/polycab-mv-3c-al-xlpe-atr-as-nzs-12722kv	https://polycab.com/polycab-mv-3c-al-xlpe-atr-as-nzs-12722kv/a-3908/p-55171
industries/cables-by-standards/bsen-50525-2-21/polycab-h07bb-f-bsen-50525-2-21-mc-450750v-ac	https://polycab.com/polycab-h07bb-f-bsen-50525-2-21-mc-450750v-ac/a-5050/p-55582
industries/cables-by-standards/bsen-50525-2-31	https://polycab.com/cables/standards/international-standards/bsen-50525-2-31
industries/cables-by-standards/bsen-50525-2-41	https://polycab.com/cables/standards/international-standards/bsen-50525-2-41
industries/cables-by-standards/bsen-50525-2-81	https://polycab.com/cables/standards/international-standards/bsen-50525-2-81
industries/cables-by-standards/bsen-50525-2-21/polycab-h07bq-f-bsen-50525-2-21-mc-450750v-ac	https://polycab.com/polycab-h07bq-f-bsen-50525-2-21-mc-450750v-ac/a-5043/p-54828
industries/cables-by-standards/bsen-50525-2-21/polycab-h07rn-f-bsen-50525-2-21-mc-450750v-ac	https://polycab.com/polycab-h07rn-f-bsen-50525-2-21-mc-450750v-ac/a-5050/p-54832
industries/cables-by-standards/bsen-50525-2-31/polycab-h05v2-kh07v2-k-bsen-50525-2-31-sc-300500vand450750v-ac	https://polycab.com/polycab-h05v2-kh07v2-k-bsen-50525-2-31-sc-300500v450750v-ac/a-5040/p-55327
industries/cables-by-standards/bsen-50525-2-31/polycab-h07v-k-bsen-50525-2-31-sc-450750v-ac	https://polycab.com/polycab-h07v-k-bsen-50525-2-31-sc-450750v-ac/a-5040/p-55329
industries/cables-by-standards/asnzs-14291/polycab-mv-3c-al-xlpe-atr-as-nzs-63511kv	https://polycab.com/polycab-mv-3c-al-xlpe-atr-as-nzs-63511kv/a-3908/p-55165
industries/cables-by-standards/bsen-50525-2-41/polycab-h03s-k-bsen-50525-2-41-sc-300300v-ac	https://polycab.com/polycab-h03s-k-bsen-50525-2-41-sc-300300v-ac/a-5050/p-54937
industries/cables-by-standards/bsen-50525-3-11	https://polycab.com/cables/standards/international-standards/bsen-50525-3-11
industries/cables-by-standards/bsen-50525-3-41	https://polycab.com/cables/standards/international-standards/bsen-50525-3-41
industries/cables-by-standards/bsen-50618	https://polycab.com/cables/standards/international-standards/bsen-50618
industries/cables-by-standards/icea-s-108-720	https://polycab.com/cables/standards/international-standards/icea-s-108-720
industries/cables-by-standards/icea-s-93-639	https://polycab.com/cables/standards/international-standards/icea-s-93-639
industries/cables-by-standards/icea-s-97-682	https://polycab.com/cables/standards/international-standards/icea-s-97-682
industries/cables-by-standards/bsen-50525-2-41/polycab-h05sj-uh05sj-k-bsen-50525-2-41-sc-300500v-ac	https://polycab.com/polycab-h05sj-uh05sj-k-bsen-50525-2-41-sc-300500v-ac/a-5050/p-54939
industries/cables-by-standards/bsen-50525-2-81/polycab-h01n2-d-bsen-50525-2-81-100100v-ac	https://polycab.com/polycab-h01n2-d-bsen-50525-2-81-100100v-ac/a-5038/p-55592
industries/cables-by-standards/bsen-50525-3-11/polycab-h03z1z1h2-fh05z1z1h2-f-bsen-50525-3-11-300300vand300500v-ac	https://polycab.com/polycab-h03z1z1h2-fh05z1z1h2-f-bsen-50525-3-11-300300v300500v-ac/a-5040/p-55596
switches-accessories/accessories/electronic-ding-dong	https://polycab.com/electronic-ding-dong-door-bells-white/c-20069/p-56094
industries/cables-by-standards/asnzs-14291/polycab-mv-sc-al-xlpe-as-nzs-1933kv	https://polycab.com/polycab-mv-sc-al-xlpe-as-nzs-1933kv/a-3908/p-55121
industries/cables-by-standards/iec-60092-353	https://polycab.com/cables/standards/international-standards/iec-60092-353
industries/cables-by-standards/iec-60092-354	https://polycab.com/cables/standards/international-standards/iec-60092-354
industries/cables-by-standards/bsen-50618/polycab-solar-h1z2z2-k-bsen-50618-twin	https://polycab.com/polycab-solar-h1z2z2-k-bsen-50618-twin/a-5034/p-55533
industries/cables-by-standards/iec-60092-353/polymarine-iec-60092-353-0610kv-armoured-cable	https://polycab.com/polymarine-iec-60092-353-0610kv-armoured-cable/a-5049/p-54890
industries/cables-by-standards/iec-60092-353/polymarine-iec-60092-353-0610kv-uarmoured-cable	https://polycab.com/polymarine-iec-60092-353-0610kv-uarmoured-cable/a-5049/p-54888
industries/cables-by-standards/iec-60092-353/polymarine-iec-60092-353-0610kv-vfd-cable	https://polycab.com/polymarine-iec-60092-353-0610kv-vfd-cable/a-5038/p-54892
industries/cables-by-standards/iec-60092-353/polymarine-iec-60092-353-1830kv-vfd-cable	https://polycab.com/polymarine-iec-60092-353-1830kv-vfd-cable/a-5038/p-54896
switches-accessories/accessories/jumbo-ceiling-rose-3-terminal	https://polycab.com/jumbo-ceiling-rose-2-terminal-6-ampere-white/c-20070/p-56076
industries/cables-by-standards/asnzs-14291/polycab-mv-sc-al-xlpe-as-nzs-3866kv	https://polycab.com/polycab-mv-sc-al-xlpe-as-nzs-3866kv/a-3908/p-55127
industries/cables-by-standards/iec-60092-376	https://polycab.com/cables/standards/international-standards/iec-60092-376
industries/cables-by-standards/iec-60227-7	https://polycab.com/cables/standards/international-standards/iec-60227-7
industries/cables-by-standards/iec-60092-376/polymarine-instrumentation-pair-250v-br-scr-iec-60092-376	https://polycab.com/polymarine-instrumentation-pair-250v-br-scr-iec-60092-376/a-5049/p-55047
industries/cables-by-standards/iec-60092-376/polymarine-instrumentation-pair-250v-fs-isos-iec-60092-376	https://polycab.com/polymarine-instrumentation-pair-250v-fs-isos-iec-60092-376/a-5049/p-55045
industries/cables-by-standards/iec-60092-376/polymarine-instrumentation-pair-250v-isos-iec-60092-376	https://polycab.com/polymarine-instrumentation-pair-250v-isos-iec-60092-376/a-5049/p-55053
industries/cables-by-standards/iec-60502-1/polycab-lv-15-cu-iec-60502-1-061kv-mc-sfa	https://polycab.com/polycab-lv-15-cu-iec-60502-1-061kv-mc-sfa/a-5043/p-55305
switches-accessories/accessories/modular-angle-holder	https://polycab.com/modular-angle-holder-lamp-holders-2-ampere-white/c-20068/p-56112
industries/cables-by-application/oil-gas-and-petrochemical/polycab-cu-xhhw-2-type-mc-steel-armoured-pvc-jacket-ul-1569-600v	https://polycab.com/polycab-cu-xhhw-2-type-mc-steel-armoured-pvc-jacket-ul-1569-600v/a-5040/p-54955
industries/cables-by-standards/iec-60502-1/polycab-lv-al-iec-60502-1-061kv-mc-2-sfa	https://polycab.com/polycab-lv-al-iec-60502-1-061kv-mc-2-sfa/a-5046/p-55255
industries/cables-by-standards/iec-60502-1/polycab-lv-al-iec-60502-1-061kv-mc-3-ua	https://polycab.com/polycab-lv-al-iec-60502-1-061kv-mc-3-ua/a-5046/p-55283
switches-accessories/accessories/one-universal-plus-twin-usb	https://polycab.com/one-universal-plus-twin-usb-multi-plug-21a-usb-6-ampere-white-grey/c-20065/p-56802
switches-accessories/accessories/modular-ceiling-rose	https://polycab.com/modular-ceiling-rose-6-ampere-white/c-20070/p-56081
industries/cables-by-application/oil-gas-and-petrochemical/polycab-hydro-type-lsxlpo-sc-ieee-1580-061kv-or-2kv	https://polycab.com/polycab-hydro-type-lsxlpo-sc-ieee-1580-061kv-or-2kv/a-5037/p-55317
industries/cables-by-standards/iec-60502-1/polycab-lv-al-iec-60502-1-061kv-sc-sfa	https://polycab.com/polycab-lv-al-iec-60502-1-061kv-sc-sfa/a-5046/p-55247
industries/cables-by-standards/iec-60502-1/polycab-lv-al-iec-60502-1-061kv-sc-ua	https://polycab.com/polycab-lv-al-iec-60502-1-061kv-sc-ua/a-5046/p-55243
industries/cables-by-standards/iec-60502-1/polycab-lv-cu-iec-60502-1-061kv-mc-2-sfa	https://polycab.com/polycab-lv-cu-iec-60502-1-061kv-mc-2-sfa/a-5046/p-55261
industries/cables-by-standards/iec-60502-1/polycab-lv-cu-iec-60502-1-061kv-mc-2-ua	https://polycab.com/polycab-lv-cu-iec-60502-1-061kv-mc-2-ua/a-5046/p-55265
switches-accessories/accessories/one-universal-plus-two-2pin-with-surge-protection	https://polycab.com/one-universal-plus-two-2pin-with-surge-protection-multi-plug-6-ampere-white-grey/c-20065/p-56800
industries/cables-by-standards/iec-60502-1/polycab-lv-cu-iec-60502-1-061kv-mc-35-ua	https://polycab.com/polycab-lv-cu-iec-60502-1-061kv-mc-35-ua/a-5046/p-55277
industries/cables-by-standards/iec-60502-1/polycab-lv-cu-iec-60502-1-061kv-mc-4-sfa	https://polycab.com/polycab-lv-cu-iec-60502-1-061kv-mc-4-sfa/a-5046/p-55297
industries/cables-by-standards/iec-60502-1	https://polycab.com/cables/standards/international-standards/iec-60502-1
industries/cables-by-standards/iec-60502-2	https://polycab.com/cables/standards/international-standards/iec-60502-2
industries/cables-by-standards/iec-60502-1/polycab-lv-cu-iec-60502-1-061kv-mc-4-swa	https://polycab.com/polycab-lv-cu-iec-60502-1-061kv-mc-4-swa/a-5046/p-55299
industries/cables-by-standards/iec-60502-1/polycab-lv-cu-iec-60502-1-061kv-sc-awa	https://polycab.com/polycab-lv-cu-iec-60502-1-061kv-sc-awa/a-5046/p-55249
industries/cables-by-standards/ul-4703/polycab-cu-solar-ul-4703-2000v-ac	https://polycab.com/polycab-cu-solar-ul-4703-2000v-ac/a-5034/p-54848
industries/cables-by-application/pharmaceutical-industry/polycab-firealarm-armoured-cable	https://polycab.com/polycab-firealarm-armoured-cable/a-5047/p-54786
industries/cables-by-standards/iec-60502-2/polycab-mv-al-iec-60502-2-6010kv	https://polycab.com/polycab-mv-al-iec-60502-2-6010kv/a-3908/p-55415
industries/cables-by-standards/ul-4703	https://polycab.com/cables/standards/international-standards/ul-4703
industries/cables-by-standards/iec-60502-2/polycab-mv-al-iec-60502-2-8715kv	https://polycab.com/polycab-mv-al-iec-60502-2-8715kv/a-3908/p-55417
industries/cables-by-standards/iec-60502-2/polycab-mv-cu-iec-60502-2-1830kv	https://polycab.com/polycab-mv-cu-iec-60502-2-1830kv/a-3908/p-55411
industries/cables-by-standards/iec-60502-2/polycab-mv-cu-iec-60502-2-6010kv	https://polycab.com/polycab-mv-cu-iec-60502-2-6010kv/a-3908/p-55405
industries/cables-by-standards/iec-60502-2/polycab-mv-cu-iec-60502-2-87-15kv	https://polycab.com/polycab-mv-cu-iec-60502-2-87-15kv/a-3908/p-55407
industries/cables-by-standards/iec-60840/polycab-ehv-al-al-cor-132kv	https://polycab.com/polycab-ehv-al-al-cor-132kv/a-3908/p-55385
industries/cables-by-standards/iec-60840/polycab-ehv-al-pb-132kv	https://polycab.com/polycab-ehv-al-pb-132kv/a-3908/p-55393
industries/cables-by-standards/iec-60840/polycab-ehv-al-pb-220kv	https://polycab.com/polycab-ehv-al-pb-220kv/a-3908/p-55395
industries/cables-by-application/pharmaceutical-industry/polycab-hffr-01zz-r03xzz-r-1100v-ac-is-17048	https://polycab.com/polycab-hffr-01zz-r03xzz-r-1100v-ac-is-17048/a-5042/p-55656
industries/cables-by-standards/iec-60840	https://polycab.com/cables/standards/international-standards/iec-60840
industries/cables-by-application/pharmaceutical-industry/polycab-ignis-210	https://polycab.com/polycab-ignis-210/a-5047/p-54866
industries/cables-by-standards/ieee-1580	https://polycab.com/cables/standards/international-standards/ieee-1580
industries/cables-by-standards/indian-standards	https://polycab.com/cables/standards/indian-standards-is
industries/cables-by-standards/international-standards	https://polycab.com/cables/standards/international-standards
industries/cables-by-standards/is-14255	https://polycab.com/cables/standards/indian-standards-is/is-14255
industries/cables-by-standards/is-14255/polycab-aerial-bunched-cable-1933kv-acabc	https://polycab.com/polycab-aerial-bunched-cable-1933kv-ac-abc/a-3907/p-55620
industries/cables-by-standards/iec-60840/polycab-ehv-cu-pb-66kv	https://polycab.com/polycab-ehv-cu-pb-66kv/a-3908/p-55359
industries/cables-by-type/mv-power-cable/polycab-mv-al-bs-6622-8715kv	https://polycab.com/polycab-mv-al-bs-6622-8715kv/a-3908/p-54989
wires/lf-fr-180m-wires	https://polycab.com/lf-fr-180m-wires-lf-fr-4-sq-mm-180-meters-copper-yellow/c-5019/p-54573
industries/cables-by-standards/iec-60840/polycab-ehv-cu-pb-132kv	https://polycab.com/polycab-ehv-cu-pb-132kv/a-3908/p-55363
industries/cables-by-application/pharmaceutical-industry/polycab-ignis-212	https://polycab.com/polycab-ignis-212/a-5047/p-54874
industries/cables-by-standards/is-17048/polycab-hffr-04xzz-k04xzxz-k-mc-1100v-ac-is-17048	https://polycab.com/polycab-hffr-04xzz-k04xzxz-k-mc-1100v-ac-is-17048/a-5044/p-54822
industries/cables-by-standards/is-17048	https://polycab.com/cables/standards/indian-standards-is/is-17048
industries/cables-by-standards/is-17048/polycab-hffr-04xz-k-1100v-ac-is-17048	https://polycab.com/polycab-hffr-04xz-k-1100v-ac-is-17048/a-5044/p-54923
industries/cables-by-standards/is-17048/polycab-hffr-04xzz-k04xzxz-k-1100v-ac-is-17048	https://polycab.com/polycab-hffr-04xzz-k04xzxz-k-1100v-ac-is-17048/a-5044/p-54818
industries/cables-by-standards/is-17048/polycab-hffr-04xzz-r04xzxz-r-1100v-ac-is-17048	https://polycab.com/polycab-hffr-04xzz-r04xzxz-r-1100v-ac-is-17048/a-5042/p-55642
industries/cables-by-standards/is-694/polycab-festoon-flat-25sqmm-multicore-cable	https://polycab.com/polycab-festoon-flat-25sqmm-multicore-cable/a-5040/p-55501
industries/cables-by-application/pharmaceutical-industry/polycab-ignis-240	https://polycab.com/polycab-ignis-240/a-5047/p-54882
industries/cables-by-standards/is-694/polycab-etira-frlsh-1100v-ac-is-694	https://polycab.com/polycab-etira-frlsh-1100v-ac-is-694/a-3901/p-55660
industries/cables-by-standards/is-694	https://polycab.com/cables/standards/indian-standards-is/is-694
industries/cables-by-standards/is-694/polycab-01y-r-sc-1100v-ac-is-694	https://polycab.com/polycab-01y-r-sc-1100v-ac-is-694/a-5040/p-55628
industries/cables-by-standards/is-694/polycab-02yy-r-1100v-ac-is-694	https://polycab.com/polycab-02yy-r-1100v-ac-is-694/a-5040/p-55630
industries/cables-by-standards/is-694/polycab-etira-fr-1100v-ac-is-694	https://polycab.com/polycab-etira-fr-1100v-ac-is-694/a-3901/p-55658
industries/cables-by-standards/is-694/polycab-fr-lsh-1100v-ac-is-694	https://polycab.com/polycab-fr-lsh-1100v-ac-is-694/a-3901/p-54917
industries/cables-by-application/pharmaceutical-industry/polycab-ignis-242	https://polycab.com/polycab-ignis-242/a-5047/p-54886
lighting/led-bulb/aelius-multi-cct-led-deco-lamp	https://polycab.com/aelius-multi-cct-led-deco-lamp-05-wattage-multi-cct-auto-color-changing/c-4989/p-54205
industries/cables-by-standards/is-7098-i/polycab-lv-is-7098-i-1c-a2xy	https://polycab.com/polycab-lv-is-7098-i-1c-a2xy/a-5043/p-54738
industries/cables-by-standards/is-7098-i/polycab-lv-is-7098-i-2c-2xy	https://polycab.com/polycab-lv-is-7098-i-2c-2xy/a-5043/p-54740
industries/cables-by-standards/is-7098-i/polycab-lv-is-7098-i-1c-a2xfay-a2xway	https://polycab.com/polycab-lv-is-7098-i-1c-a2xfay-a2xway/a-5043/p-54734
industries/cables-by-standards/is-7098-i/polycab-lv-is-7098-i-2c-a2xfy	https://polycab.com/polycab-lv-is-7098-i-2c-a2xfy/a-5043/p-54704
industries/cables-by-application/pharmaceutical-industry/polycab-lv-al-iec-60502-1-061kv-mc-3-sfa	https://polycab.com/polycab-lv-al-iec-60502-1-061kv-mc-3-sfa/a-5046/p-55279
industries/cables-by-standards/is-7098-i/polycab-lv-is-7098-i-3c-2xfy	https://polycab.com/polycab-lv-is-7098-i-3c-2xfy/a-5043/p-54716
industries/cables-by-standards/bs-5467/polycab-bs-5467-mc-061kv-ac	https://polycab.com/polycab-bs-5467-mc-061kv-ac/a-3907/p-55467
industries/cables-by-standards/is-7098-i/polycab-lv-is-7098-i-3c-2xy	https://polycab.com/polycab-lv-is-7098-i-3c-2xy/a-5043/p-54748
industries/cables-by-standards/is-7098-i/polycab-lv-is-7098-i-4c-2xfy	https://polycab.com/polycab-lv-is-7098-i-4c-2xfy/a-5043/p-54724
industries/cables-by-standards/is-7098-i/polycab-lv-is-7098-i-4c-2xwy	https://polycab.com/polycab-lv-is-7098-i-4c-2xwy/a-5043/p-54726
industries/cables-by-application/pharmaceutical-industry/polycab-lv-al-iec-60502-1-061kv-mc-35-sfa	https://polycab.com/polycab-lv-al-iec-60502-1-061kv-mc-35-sfa/a-5046/p-55267
industries/cables-by-standards/is-7098-i	https://polycab.com/cables/standards/indian-standards-is/is-7098-i
industries/cables-by-standards/is-7098-i/polycab-lv-is-7098-i-mc-15-2xfy	https://polycab.com/polycab-lv-is-7098-i-mc-15-2xfy/a-5043/p-54756
industries/cables-by-standards/is-7098-i/polycab-lv-is-7098-i-mc-15-2xwy	https://polycab.com/polycab-lv-is-7098-i-mc-15-2xwy/a-5043/p-54758
industries/cables-by-standards/is-7098-ii/polycab-mv-is-7098-ii-1c-2xway2xfay-1111kvue	https://polycab.com/polycab-mv-is-7098-ii-1c-2xway2xfay-1111kv-ue/a-3908/p-55065
industries/cables-by-standards/is-7098-ii/polycab-mv-is-7098-ii-1c-2xway2xfay-12722kve	https://polycab.com/polycab-mv-is-7098-ii-1c-2xway2xfay-12722kv-e/a-3908/p-55067
industries/cables-by-standards/is-7098-i/polycab-lv-is-7098-i-mc-25-2xwy	https://polycab.com/polycab-lv-is-7098-i-mc-25-2xwy/a-5043/p-54764
industries/cables-by-application/pharmaceutical-industry/polycab-lv-al-iec-60502-1-061kv-mc-4-swa	https://polycab.com/polycab-lv-al-iec-60502-1-061kv-mc-4-swa/a-5046/p-55293
lighting/led-bulb/nxt-g-led-bulb	https://polycab.com/aelius-nxt-g-led-bulb-5-wattage-6500k-cool-white/c-4989/p-54167
industries/cables-by-standards/ul-44	https://polycab.com/cables/standards/international-standards/ul-44
industries/cables-by-standards/is-7098-ii/polycab-mv-is-7098-ii-1c-2xway2xfay-63511kve	https://polycab.com/polycab-mv-is-7098-ii-1c-2xway2xfay-63511kv-e/a-3908/p-55063
industries/cables-by-standards/polycab-standard/polycab-classic-110-300500v-ac	https://polycab.com/polycab-classic-110-300500v-ac/a-5040/p-55602
industries/cables-by-standards/is-7098-ii/polycab-mv-is-7098-ii-1c-a2xwaya2xfay-19-33kve	https://polycab.com/polycab-mv-is-7098-ii-1c-a2xwaya2xfay-19-33kv-e/a-3908/p-55071
industries/cables-by-standards/is-7098-ii/polycab-mv-is-7098-ii-1c-a2xwaya2xfay-3333kvue	https://polycab.com/polycab-mv-is-7098-ii-1c-a2xwaya2xfay-3333kv-ue/a-3908/p-55073
industries/cables-by-standards/is-7098-ii/polycab-mv-is-7098-ii-1c-a2xwaya2xfay-63511kve	https://polycab.com/polycab-mv-is-7098-ii-1c-a2xwaya2xfay-63511kv-e/a-3908/p-55079
industries/cables-by-application/pharmaceutical-industry/polycab-lv-al-iec-60502-1-061kv-sc-awa	https://polycab.com/polycab-lv-al-iec-60502-1-061kv-sc-awa/a-5046/p-55245
industries/cables-by-standards/is-7098-ii/polycab-mv-is-7098-ii-3c-2xwy2xfy-12722kve	https://polycab.com/polycab-mv-is-7098-ii-3c-2xwy2xfy-12722kv-e/a-3908/p-55099
industries/cables-by-standards/is-7098-ii/polycab-mv-is-7098-ii-3c-2xwy2xfy-3333kvue	https://polycab.com/polycab-mv-is-7098-ii-3c-2xwy2xfy-3333kv-ue/a-3908/p-55089
industries/cables-by-standards/is-7098-ii/polycab-mv-is-7098-ii-3c-2xwy2xfy-63511kve	https://polycab.com/polycab-mv-is-7098-ii-3c-2xwy2xfy-63511kv-e/a-3908/p-55095
industries/cables-by-standards/is-7098-ii/polycab-mv-is-7098-ii-3c-a2xwya2xfy-1111kvue	https://polycab.com/polycab-mv-is-7098-ii-3c-a2xwya2xfy-1111kv-ue/a-3908/p-55113
industries/cables-by-standards/is-7098-ii/polycab-mv-is-7098-ii-3c-a2xwya2xfy-12722kve copy	https://polycab.com/polycab-mv-is-7098-ii-3c-2xwy-2xfy-1933kv-e/a-3908/p-55087
industries/cables-by-standards/is-7098-ii/polycab-mv-is-7098-ii-3c-a2xwya2xfy-3333kvue	https://polycab.com/polycab-mv-is-7098-ii-3c-a2xwya2xfy-3333kv-ue/a-3908/p-55105
industries/cables-by-standards/is-7098-ii	https://polycab.com/cables/standards/indian-standards-is/is-7098-ii
industries/cables-by-standards/is-9857	https://polycab.com/cables/standards/indian-standards-is/is-9857
industries/cables-by-standards/is-7098-ii/polycab-mv-is-7098-ii-3c-a2xwya2xfy-6666kvue	https://polycab.com/polycab-mv-is-7098-ii-3c-a2xwya2xfy-6666kv-ue/a-3908/p-55109
industries/cables-by-standards/is-9857/polycab-al-hofr-is-9857-welding-cable	https://polycab.com/polycab-al-hofr-is-9857-welding-cable/a-5038/p-55638
industries/cables-by-standards/is-9857/polycab-cu-hofr-is-9857-welding-cable	https://polycab.com/polycab-cu-hofr-is-9857-welding-cable/a-5038/p-55636
industries/cables-by-standards/is-9968-1/polycab-rr-c-1100v-ac-is-9968-1	https://polycab.com/polycab-rr-c-1100v-ac-is-9968-1/a-5038/p-55574
industries/cables-by-standards/is-9968-1/polycab-rr-p-1100v-ac-is-9968-1	https://polycab.com/polycab-rr-p-1100v-ac-is-9968-1/a-5038/p-55570
industries/cables-by-standards/is-9968-1/polycab-rr-p-mc-1100v-ac-is-9968-1	https://polycab.com/polycab-rr-p-mc-1100v-ac-is-9968-1/a-5038/p-55572
industries/cables-by-type/others/control-cable/polycab-classic-100-bk-6001000v-ac	https://polycab.com/polycab-classic-100-bk-6001000v-ac/a-5040/p-55562
industries/cables-by-standards/is-9968-2/polycab-mv-cu-is-9968-2-1933e-or-3333uekv	https://polycab.com/polycab-mv-cu-is-9968-2-1933-e-or-3333-ue-kv/a-5038/p-55608
industries/cables-by-standards/is-9968-1	https://polycab.com/cables/standards/indian-standards-is/is-9968-1
industries/cables-by-standards/is-9968-2	https://polycab.com/cables/standards/indian-standards-is/is-9968-2
industries/cables-by-standards/is-9968-1/polycab-sir-sc-1100v-ac-is-9968-1	https://polycab.com/polycab-sir-sc-1100v-ac-is-9968-1/a-5050/p-54931
industries/cables-by-standards/is-9968-2/polycab-mv-cu-is-9968-2-3866ekv	https://polycab.com/polycab-mv-cu-is-9968-2-3866-e-kv/a-5038/p-55610
industries/cables-by-standards/polycab-standard/polycab-aerial-bunched-cable-1933kv-ac-abc	https://polycab.com/polycab-aerial-bunched-cable-1933kv-ac-abc/a-3907/p-55620
industries/cables-by-standards/polycab-standard/polycab-aerial-bunched-cable-63511kv-ac-abc	https://polycab.com/polycab-aerial-bunched-cable-63511kv-ac-abc/a-3907/p-55622
industries/cables-by-standards/is-9968-1/polycab-sir-1100v-ac-is-9968-1	https://polycab.com/polycab-sir-1100v-ac-is-9968-1/a-5050/p-54935
industries/cables-by-application/pharmaceutical-industry/polycab-lv-cu-iec-60502-1-061kv-mc-2-sfa	https://polycab.com/polycab-lv-cu-iec-60502-1-061kv-mc-2-sfa/a-5046/p-55261
industries/cables-by-standards/polycab-standard-inter/polycab-cctv-cable	https://polycab.com/polycab-cctv-cable/a-3905/p-54804
industries/cables-by-standards/polycab-standard	https://polycab.com/cables/standards/indian-standards-is/polycab-standard
industries/cables-by-standards/rs-485	https://polycab.com/cables/standards/international-standards/rs-485
industries/cables-by-standards/polycab-standard/polycab-firealarm-unarmoured-cable	https://polycab.com/polycab-firealarm-unarmoured-cable/a-5047/p-54788
industries/cables-by-standards/polycab-standard-inter/polycab-classic-110-300500v-ac	https://polycab.com/polycab-classic-110-300500v-ac/a-5040/p-55602
industries/cables-by-standards/polycab-standard/polycab-speaker-cable	https://polycab.com/polycab-speaker-cable/a-3901/p-54802
industries/cables-by-standards/bs-5467/polycab-bs-5467-mcshaped-conductor1933kv-ac	https://polycab.com/polycab-bs-5467-mc-shaped-conductor-1933kv-ac/a-3907/p-55473
industries/cables-by-standards/polycab-standard-inter/polycab-speaker-cable	https://polycab.com/polycab-speaker-cable/a-3901/p-54802
industries/cables-by-standards/ul-1072/polycab-mv-15kv-al-1072-trxlpe-100	https://polycab.com/polycab-mv-15kv-al-1072-trxlpe-100/a-3908/p-55427
industries/cables-by-standards/ul-1072/polycab-mv-15kv-al-ul-1072-epr-100	https://polycab.com/polycab-mv-15kv-al-ul-1072-epr-100/a-3908/p-55423
industries/cables-by-standards/ul-1072/polycab-mv-15kv-al-ul-1072-epr-133	https://polycab.com/polycab-mv-15kv-al-ul-1072-epr-133/a-3908/p-55425
industries/cables-by-standards/ul-1072/polycab-mv-15kv-cu-ul-1072-epr-100	https://polycab.com/polycab-mv-15kv-cu-ul-1072-epr-100/a-3908/p-55431
industries/cables-by-application/pharmaceutical-industry/polycab-lv-cu-iec-60502-1-061kv-mc-2-ua	https://polycab.com/polycab-lv-cu-iec-60502-1-061kv-mc-2-ua/a-5046/p-55265
industries/cables-by-standards/ul-1072	https://polycab.com/cables/standards/international-standards/ul-1072
industries/cables-by-standards/ul-1277	https://polycab.com/cables/standards/international-standards/ul-1277
industries/cables-by-standards/ul-1072/polycab-mv-35kv-al-ul-1072-trxlpe-100	https://polycab.com/polycab-mv-35kv-al-ul-1072-trxlpe-100/a-3908/p-55443
industries/cables-by-standards/ul-1072/polycab-mv-35kv-cu-ul-1072-epr-100	https://polycab.com/polycab-mv-35kv-cu-ul-1072-epr-100/a-3908/p-55447
industries/cables-by-standards/ul-4703/polycab-al-solar-ul-4703-2000v-ac	https://polycab.com/polycab-al-solar-ul-4703-2000v-ac/a-5034/p-54850
industries/cables-by-standards/ul-1072/polycab-mv15kv-cu-ul-1072-trxlpe-133	https://polycab.com/polycab-mv15kv-cu-ul-1072-trxlpe-133/a-3908/p-55437
industries/cables-by-application/pharmaceutical-industry/polycab-lv-cu-iec-60502-1-061kv-mc-4-sfa	https://polycab.com/polycab-lv-cu-iec-60502-1-061kv-mc-4-sfa/a-5046/p-55297
industries/cables-by-standards/ul-1277/polycab-al-type-tc-xhhw-2-cable-600v	https://polycab.com/polycab-al-type-tc-xhhw-2-cable-600v/a-5040/p-54963
industries/cables-by-standards/ul-1569	https://polycab.com/cables/standards/international-standards/ul-1569
industries/cables-by-standards/ul-1596	https://polycab.com/cables/standards/international-standards/ul-1596
industries/cables-by-standards/ul-2250	https://polycab.com/cables/standards/international-standards/ul-2250
lighting/downlight/scintillate-mini-integral-downlight	https://polycab.com/scintillate-3-in-1-rbp-mini-integral-led-downlight-3-wattage-round-3-in-1-rbp/c-4990/p-54118
industries/cables-by-standards/ul-1569/polycab-type-mc-cu-conductor-ul-1569-600v	https://polycab.com/polycab-type-mc-cu-conductor-ul-1569-600v/a-5040/p-54860
industries/cables-by-standards/ul-1277/polycab-cu-type-tctc-er-thhnthwn-2-tray-cable	https://polycab.com/polycab-cu-type-tctc-er-thhnthwn-2-tray-cable/a-3904/p-55564
industries/cables-by-application/pharmaceutical-industry/polycab-lv-cu-iec-60502-1-061kv-mc-4-ua	https://polycab.com/polycab-lv-cu-iec-60502-1-061kv-mc-4-ua/a-5046/p-55301
industries/cables-by-standards/ul-44/polycab-cu-xhhw-2-ul-44-600v	https://polycab.com/polycab-cu-xhhw-2-ul-44-600v/a-3901/p-54844
industries/cables-by-standards/ul-493	https://polycab.com/cables/standards/international-standards/ul-493
industries/cables-by-standards/ul-62	https://polycab.com/cables/standards/international-standards/ul-62
industries/cables-by-standards/ul-719	https://polycab.com/cables/standards/international-standards/ul-719
industries/cables-by-standards/ul-83	https://polycab.com/cables/standards/international-standards/ul-83
industries/cables-by-standards/ul-62/polycab-flexible-cords-type-sjo-ul-62-300v-ac	https://polycab.com/polycab-flexible-cords-type-sjo-ul-62-300v-ac/a-5040/p-54969
industries/cables-by-standards/ul-62/polycab-flexible-cords-type-soow-ul-62-600v	https://polycab.com/polycab-flexible-cords-type-soow-ul-62-600v/a-5040/p-54973
industries/cables-by-standards/ul-62/polycab-flexible-cords-type-sjtho3vv-f-ul-62-300v-ac	https://polycab.com/polycab-flexible-cords-type-sjtho3vv-f-ul-62-300v-ac/a-5040/p-54975
industries/cables-by-application/pharmaceutical-industry/polycab-lv-is-7098-i-1c-2xy	https://polycab.com/polycab-lv-is-7098-i-1c-2xy/a-5046/p-54736
industries/cables-by-standards/ul-854	https://polycab.com/cables/standards/international-standards/ul-854
industries/cables-by-type/communication-and-data-cable	https://polycab.com/cables/types/communication-data-cable
industries/cables-by-type/communication-and-data-cable/polycab-cctv-cable	https://polycab.com/polycab-cctv-cable/a-3905/p-54804
industries/cables-by-type/communication-and-data-cable/polycab-speaker-cable	https://polycab.com/polycab-speaker-cable/a-3901/p-54802
industries/cables-by-type/ehv-power-cable/polycab-ehv-al-al-cor-132kv	https://polycab.com/polycab-ehv-al-al-cor-132kv/a-3908/p-55385
industries/cables-by-type/communication-and-data-cable/polycab-rs-485-300500v-ac-unarmoured-cable	https://polycab.com/polycab-rs-485-300500v-ac-unarmoured-cable/a-5040/p-55652
industries/cables-by-standards/ul-854/polycab-al-se-style-u-ul-854-600v	https://polycab.com/polycab-al-se-style-u-ul-854-600v/a-5035/p-54858
industries/cables-by-application/pharmaceutical-industry/polycab-lv-is-7098-i-35c-2xfy	https://polycab.com/polycab-lv-is-7098-i-35c-2xfy/a-5043/p-54708
industries/cables-by-type/ehv-power-cable/polycab-ehv-al-pb-110kv	https://polycab.com/polycab-ehv-al-pb-110kv/a-3908/p-55391
industries/cables-by-type/mv-power-cable/polycab-bs-6724-sc-awa-lszh-1933kv-ac	https://polycab.com/polycab-bs-6724-sc-awa-lszh-1933kv-ac/a-3907/p-55459
industries/cables-by-type/ehv-power-cable/polycab-ehv-al-pb-220kv	https://polycab.com/polycab-ehv-al-pb-220kv/a-3908/p-55395
industries/cables-by-type/ehv-power-cable/polycab-ehv-al-pb-66kv	https://polycab.com/polycab-ehv-al-pb-66kv/a-3908/p-55389
industries/cables-by-type/ehv-power-cable/polycab-ehv-cu-al-cor-110kv	https://polycab.com/polycab-ehv-cu-al-cor-110kv/a-3908/p-55353
industries/cables-by-type/ehv-power-cable	https://polycab.com/cables/types/ehv-power-cable
industries/cables-by-type/ehv-power-cable/polycab-ehv-cu-pb-110kv	https://polycab.com/polycab-ehv-cu-pb-110kv/a-3908/p-55361
industries/cables-by-type/ehv-power-cable/polycab-ehv-cu-pb-66kv	https://polycab.com/polycab-ehv-cu-pb-66kv/a-3908/p-55359
industries/cables-by-standards/bs-6724/polycab-bs-6724-mc-swa-lszh-1933kv-ac	https://polycab.com/polycab-bs-6724-mc-swa-lszh-1933kv-ac/a-3907/p-55461
industries/cables-by-type/instrumentation-cable/polycab-instrumentation-300-stpimf	https://polycab.com/polycab-instrumentation-300-st-pimf/a-3905/p-54772
industries/cables-by-type/instrumentation-cable/polycab-instrumentation-300-pst	https://polycab.com/polycab-instrumentation-300-p-st/a-3905/p-54909
industries/cables-by-type/instrumentation-cable	https://polycab.com/cables/types/instrumentation-cable
industries/cables-by-type/instrumentation-cable/polycab-instrumentation-300-tst	https://polycab.com/polycab-instrumentation-300-t-st/a-3905/p-54780
industries/cables-by-type/others/defence/polycab-h05s-uh05s-k-bsen-50525-2-41-sc-300500v-ac	https://polycab.com/polycab-h05s-uh05s-k-bsen-50525-2-41-sc-300500v-ac/a-5050/p-54943
industries/cables-by-type/instrumentation-cable/polycab-bms-300-mc-c4	https://polycab.com/polycab-bms-300-mc-c4/a-3901/p-54794
industries/cables-by-type/instrumentation-cable/polycab-bms-500-mc-c4	https://polycab.com/polycab-bms-500-mc-c4/a-3901/p-54798
industries/cables-by-type/instrumentation-cable/polycab-instrumentation-500-sttimf	https://polycab.com/polycab-instrumentation-500-st-timf/a-3905/p-54782
industries/cables-by-type/instrumentation-cable/polycab-instrumentation-500-tst	https://polycab.com/polycab-instrumentation-500-t-st/a-3905/p-54784
industries/cables-by-application/pharmaceutical-industry/polycab-lv-is-7098-i-35c-a2xwy	https://polycab.com/polycab-lv-is-7098-i-35c-a2xwy/a-5043/p-54714
industries/cables-by-type/lv-power-cable/polycab-bs-5467-mc-061kv-ac	https://polycab.com/polycab-bs-5467-mc-061kv-ac/a-3907/p-55467
industries/cables-by-type/lv-power-cable/polycab-bs-5467-sc-061kv-ac	https://polycab.com/polycab-bs-5467-sc-061kv-ac/a-3907/p-55465
industries/cables-by-type/lv-power-cable/polycab-lv-al-iec-60502-1-061kv-mc-2-ua	https://polycab.com/polycab-lv-al-iec-60502-1-061kv-mc-2-ua/a-5046/p-55259
industries/cables-by-application/pharmaceutical-industry/polycab-lv-is-7098-i-3c-a2xwy	https://polycab.com/polycab-lv-is-7098-i-3c-a2xwy/a-5043/p-54722
industries/cables-by-type/lv-power-cable/polycab-lv-al-iec-60502-1-061kv-mc-35-swa	https://polycab.com/polycab-lv-al-iec-60502-1-061kv-mc-35-swa/a-5046/p-55269
industries/cables-by-type/lv-power-cable/polycab-lv-al-iec-60502-1-061kv-mc-4-ua	https://polycab.com/polycab-lv-al-iec-60502-1-061kv-mc-4-ua/a-5046/p-55295
industries/cables-by-type/lv-power-cable/polycab-lv-al-iec-60502-1-061kv-sc-awa	https://polycab.com/polycab-lv-al-iec-60502-1-061kv-sc-awa/a-5046/p-55245
industries/cables-by-type/lv-power-cable/polycab-lv-al-iec-60502-1-061kv-sc-sfa	https://polycab.com/polycab-lv-al-iec-60502-1-061kv-sc-sfa/a-5046/p-55247
industries/cables-by-type/lv-power-cable/polycab-lv-al-iec-60502-1-061kv-sc-ua	https://polycab.com/polycab-lv-al-iec-60502-1-061kv-sc-ua/a-5046/p-55243
industries/cables-by-application/pharmaceutical-industry/polycab-lv-is-7098-i-4c-2xy	https://polycab.com/polycab-lv-is-7098-i-4c-2xy/a-5046/p-54752
industries/cables-by-application/pharmaceutical-industry/polycab-lv-is-7098-i-4c-a2xy	https://polycab.com/polycab-lv-is-7098-i-4c-a2xy/a-5046/p-54754
industries/cables-by-type/mv-power-cable/polycab-mv-3c-al-epr-iceanema-35kv	https://polycab.com/polycab-mv-3c-al-epr-iceanema-35kv/a-3908/p-55241
industries/cables-by-type/lv-power-cable/polycab-lv-cu-iec-60502-1-061kv-mc-4-sfa	https://polycab.com/polycab-lv-cu-iec-60502-1-061kv-mc-4-sfa/a-5046/p-55297
industries/cables-by-type/lv-power-cable/polycab-lv-cu-iec-60502-1-061kv-mc-4-ua	https://polycab.com/polycab-lv-cu-iec-60502-1-061kv-mc-4-ua/a-5046/p-55301
industries/cables-by-application/power-and-network/polycab-aerial-bunched-cable-63511kv-ac-abc	https://polycab.com/polycab-aerial-bunched-cable-63511kv-ac-abc/a-3907/p-55622
industries/cables-by-application/pharmaceutical-industry/polycab-lv-is-7098-i-mc-25-2xfy	https://polycab.com/polycab-lv-is-7098-i-mc-25-2xfy/a-5043/p-54762
industries/cables-by-type/lv-power-cable/polycab-lv-is-7098-i-1c-2xy copy	https://polycab.com/polycab-lv-is-7098-i-1c-2xy/a-5046/p-54736
industries/cables-by-type/lv-power-cable/polycab-lv-is-7098-i-1c-a2xy	https://polycab.com/polycab-lv-is-7098-i-1c-a2xy/a-5043/p-54738
industries/cables-by-type/lv-power-cable/polycab-lv-is-7098-i-2c-2xwy	https://polycab.com/polycab-lv-is-7098-i-2c-2xwy/a-5043/p-54702
industries/cables-by-application/pharmaceutical-industry/polycab-lv-is-7098-i-mc-25-2xy	https://polycab.com/polycab-lv-is-7098-i-mc-25-2xy/a-5043/p-54766
industries/cables-by-application/power-and-network/polycab-bs-5467-sc-061kv-ac	https://polycab.com/polycab-bs-5467-sc-061kv-ac/a-3907/p-55465
industries/cables-by-type/lv-power-cable/polycab-lv-is-7098-i-35c-a2xwy	https://polycab.com/polycab-lv-is-7098-i-35c-a2xwy/a-5043/p-54714
industries/cables-by-type/lv-power-cable/polycab-lv-is-7098-i-3c-2xwy	https://polycab.com/polycab-lv-is-7098-i-3c-2xwy/a-5043/p-54718
industries/cables-by-type/lv-power-cable/polycab-lv-is-7098-i-3c-2xy	https://polycab.com/polycab-lv-is-7098-i-3c-2xy/a-5043/p-54748
industries/cables-by-type/lv-power-cable/polycab-lv-is-7098-i-3c-a2xfy	https://polycab.com/polycab-lv-is-7098-i-3c-a2xfy/a-5043/p-54720
industries/cables-by-type/lv-power-cable	https://polycab.com/cables/types/lv-power-cable
industries/cables-by-type/mv-power-cable/polycab-bs-5467-mcshaped-conductor1933kv-ac	https://polycab.com/polycab-bs-5467-mc-shaped-conductor-1933kv-ac/a-3907/p-55473
industries/cables-by-application/power-and-network/polycab-bs-5467-sc-1933kv-ac	https://polycab.com/polycab-bs-5467-sc-1933kv-ac/a-3907/p-55469
industries/cables-by-type/mv-power-cable/polycab-bs-5467-sc-1933kv-ac	https://polycab.com/polycab-bs-5467-sc-1933kv-ac/a-3907/p-55469
industries/cables-by-type/lv-power-cable/polycab-lv-is-7098-i-4c-2xy	https://polycab.com/polycab-lv-is-7098-i-4c-2xy/a-5046/p-54752
industries/cables-by-type/mv-power-cable/polycab-bs-6724-mc-swa-lszhshaped-conductor1933kv-ac	https://polycab.com/polycab-bs-6724-mc-swa-lszh-shaped-conductor-1933kv-ac/a-3907/p-55463
industries/cables-by-application/renewable-energy/polycab-classic-100-bk-6001000v-ac	https://polycab.com/polycab-classic-100-bk-6001000v-ac/a-5040/p-55562
industries/cables-by-type/mv-power-cable/polycab-mv-15kv-al-ul-1072-epr-133	https://polycab.com/polycab-mv-15kv-al-ul-1072-epr-133/a-3908/p-55425
industries/cables-by-type/mv-power-cable/polycab-mv-15kv-cu-ul-1072-epr-100	https://polycab.com/polycab-mv-15kv-cu-ul-1072-epr-100/a-3908/p-55431
industries/cables-by-type/mv-power-cable/polycab-mv-15kv-cu-ul-1072-epr-133	https://polycab.com/polycab-mv-15kv-cu-ul-1072-epr-133/a-3908/p-55433
industries/cables-by-type/mv-power-cable/polycab-mv-15kv-cu-ul-1072-tr-xlpe-100	https://polycab.com/polycab-mv-15kv-cu-ul-1072-tr-xlpe-100/a-3908/p-55435
industries/cables-by-type/mv-power-cable/polycab-mv-1t-al-xlpe-as-nzs-1933kv-atr	https://polycab.com/polycab-mv-1t-al-xlpe-as-nzs-1933kv-atr/a-3908/p-55201
industries/cables-by-application/renewable-energy/polycab-classic-100-sy-450750v-ac	https://polycab.com/polycab-classic-100-sy-450750v-ac/a-5040/p-55560
industries/cables-by-type/mv-power-cable/polycab-mv-1t-al-xlpe-as-nzs-63511kv	https://polycab.com/polycab-mv-1t-al-xlpe-as-nzs-63511kv/a-3908/p-55187
industries/cables-by-type/mv-power-cable/polycab-mv-1t-cu-xlpe-as-nzs-12722kv	https://polycab.com/polycab-mv-1t-cu-xlpe-as-nzs-12722kv/a-3908/p-55191
industries/cables-by-type/mv-power-cable/polycab-mv-1t-cu-xlpe-as-nzs-3866kv	https://polycab.com/polycab-mv-1t-cu-xlpe-as-nzs-3866kv/a-3908/p-55179
industries/cables-by-type/mv-power-cable/polycab-mv-35kv-al-ul-1072-trxlpe-100	https://polycab.com/polycab-mv-35kv-al-ul-1072-trxlpe-100/a-3908/p-55443
industries/cables-by-application/renewable-energy/polycab-classic-110-orange-300500v-ac	https://polycab.com/polycab-classic-110-orange-300500v-ac/a-5040/p-55604
industries/cables-by-type/mv-power-cable/polycab-mv-35kv-cu-ul-1072-trxlpe-133	https://polycab.com/polycab-mv-35kv-cu-ul-1072-trxlpe-133/a-3908/p-55453
industries/cables-by-type/mv-power-cable/polycab-mv-3c-al-epr-iceanema-15kv	https://polycab.com/polycab-mv-3c-al-epr-iceanema-15kv/a-3908/p-55237
industries/cables-by-type/mv-power-cable/polycab-mv-3c-al-epr-iceanema-8kv	https://polycab.com/polycab-mv-3c-al-epr-iceanema-8kv/a-3908/p-55235
industries/cables-by-type/mv-power-cable/polycab-mv-3c-al-xlpe-as-nzs-1933kv	https://polycab.com/polycab-mv-3c-al-xlpe-as-nzs-1933kv/a-3908/p-55151
industries/cables-by-type/mv-power-cable/polycab-mv-3c-al-xlpe-as-nzs-3866kv	https://polycab.com/polycab-mv-3c-al-xlpe-as-nzs-3866kv/a-3908/p-55157
industries/cables-by-type/mv-power-cable/polycab-mv-3c-al-xlpe-as-nzs-63511kv	https://polycab.com/polycab-mv-3c-al-xlpe-as-nzs-63511kv/a-3908/p-55163
industries/cables-by-type/mv-power-cable/polycab-mv-3c-al-xlpe-atr-as-nzs-3866kv	https://polycab.com/polycab-mv-3c-al-xlpe-atr-as-nzs-3866kv/a-3908/p-55159
industries/cables-by-type/mv-power-cable/polycab-mv-3c-al-xlpe-atr-as-nzs-63511kv	https://polycab.com/polycab-mv-3c-al-xlpe-atr-as-nzs-63511kv/a-3908/p-55165
industries/cables-by-type/mv-power-cable/polycab-mv-3c-cu-epr-iceanema-25kv	https://polycab.com/polycab-mv-3c-cu-epr-iceanema-25kv/a-3908/p-55229
industries/cables-by-type/mv-power-cable/polycab-mv-3c-cu-epr-iceanema-35kv	https://polycab.com/polycab-mv-3c-cu-epr-iceanema-35kv/a-3908/p-55231
industries/cables-by-type/mv-power-cable/polycab-mv-3c-cu-xlpe-as-nzs-12722kv	https://polycab.com/polycab-mv-3c-cu-xlpe-as-nzs-12722kv/a-3908/p-55167
industries/cables-by-type/mv-power-cable/polycab-mv-3c-cu-epr-iceanema-5kv	https://polycab.com/polycab-mv-3c-cu-epr-iceanema-5kv/a-3908/p-55223
industries/cables-by-application/renewable-energy/polycab-mv-is-7098-ii-1c-2xway2xfay-3333kvue	https://polycab.com/polycab-mv-is-7098-ii-1c-2xway2xfay-3333kv-ue/a-3908/p-55057
industries/cables-by-type/mv-power-cable/polycab-mv-al-bs-6622-1933kv	https://polycab.com/polycab-mv-al-bs-6622-1933kv/a-5049/p-54979
lighting/led-batten/neo-slim-batten	https://polycab.com/neo-slim-batten-20-wattage-6500k-cool-white/c-4988/p-54152
industries/cables-by-type/mv-power-cable/polycab-mv-al-bs-6622-3866kv	https://polycab.com/polycab-mv-al-bs-6622-3866kv/a-3908/p-54985
industries/cables-by-type/mv-power-cable/polycab-mv-al-bs-7835-386672kv	https://polycab.com/polycab-mv-al-bs-7835-3866-72-kv/a-3908/p-55001
industries/cables-by-type/mv-power-cable/polycab-mv-al-bs-7870-4-10-12722kv-triplex	https://polycab.com/polycab-mv-al-bs-7870-4-10-12722kv-triplex/a-3908/p-55027
industries/cables-by-type/mv-power-cable/polycab-mv-al-bs-7870-4-10-12722kv	https://polycab.com/polycab-mv-al-bs-7870-4-10-12722kv/a-3908/p-55015
industries/cables-by-type/mv-power-cable/polycab-mv-al-bs-7870-4-20-63511kv	https://polycab.com/polycab-mv-al-bs-7870-4-20-63511kv/a-3908/p-55399
industries/cables-by-type/mv-power-cable/polycab-mv-al-iec-60502-2-1830kv	https://polycab.com/polycab-mv-al-iec-60502-2-1830kv/a-3908/p-55421
industries/cables-by-type/mv-power-cable/polycab-mv-al-iec-60502-2-3660kv	https://polycab.com/polycab-mv-al-iec-60502-2-3660kv/a-3908/p-55413
industries/cables-by-type/mv-power-cable/polycab-mv-al-iec-60502-2-6010kv	https://polycab.com/polycab-mv-al-iec-60502-2-6010kv/a-3908/p-55415
industries/cables-by-type/mv-power-cable/polycab-mv-al-iec-60502-2-8715kv	https://polycab.com/polycab-mv-al-iec-60502-2-8715kv/a-3908/p-55417
industries/cables-by-type/mv-power-cable/polycab-mv-cu-bs-6622-12722kv	https://polycab.com/polycab-mv-cu-bs-6622-12722kv/a-3908/p-54991
industries/cables-by-type/mv-power-cable/polycab-mv-cu-bs-6622-1933kv	https://polycab.com/polycab-mv-cu-bs-6622-1933kv/a-5051/p-54981
industries/cables-by-application/renewable-energy/polycab-mv-is-7098-ii-1c-2xway2xfay-63511kve	https://polycab.com/polycab-mv-is-7098-ii-1c-2xway2xfay-63511kv-e/a-3908/p-55063
industries/cables-by-type/mv-power-cable/polycab-mv-cu-bs-7835-386672kv	https://polycab.com/polycab-mv-cu-bs-7835-3866-72-kv/a-3908/p-55007
industries/cables-by-type/mv-power-cable/polycab-mv-cu-bs-7835-871515kv	https://polycab.com/polycab-mv-cu-bs-7835-8715-15-kv/a-3908/p-55013
industries/cables-by-type/mv-power-cable/polycab-mv-cu-bs-7870-4-10-12722kv-triplex	https://polycab.com/polycab-mv-cu-bs-7870-4-10-12722kv-triplex/a-3908/p-55037
industries/cables-by-type/mv-power-cable/polycab-mv-cu-bs-7870-4-10-12722kv	https://polycab.com/polycab-mv-cu-bs-7870-4-10-12722kv/a-3908/p-55021
industries/cables-by-type/mv-power-cable/polycab-mv-cu-bs-7835-193336kv	https://polycab.com/polycab-mv-cu-bs-7835-1933-36-kv/a-5049/p-54949
industries/cables-by-application/renewable-energy/polycab-mv-is-7098-ii-1c-a2xwaya2xfay-63511kve	https://polycab.com/polycab-mv-is-7098-ii-1c-a2xwaya2xfay-63511kv-e/a-3908/p-55079
industries/cables-by-type/mv-power-cable/polycab-mv-cu-iec-60502-2-6010kv	https://polycab.com/polycab-mv-cu-iec-60502-2-6010kv/a-3908/p-55405
industries/cables-by-type/mv-power-cable/polycab-mv-cu-ul-1072-5kv-xlpe-100-or-133	https://polycab.com/polycab-mv-cu-ul-1072-5kv-xlpe-100-or-133/a-3908/p-55397
industries/cables-by-type/mv-power-cable/polycab-mv-is-7098-ii-1c-2xway2xfay-1111kvue	https://polycab.com/polycab-mv-is-7098-ii-1c-2xway2xfay-1111kv-ue/a-3908/p-55065
industries/cables-by-type/mv-power-cable/polycab-mv-is-7098-ii-1c-2xway2xfay-1933kve copy	https://polycab.com/polycab-mv-is-7098-ii-1c-2xway2xfay-1933kv-e/a-3908/p-55055
industries/cables-by-type/mv-power-cable/polycab-mv-is-7098-ii-1c-2xway2xfay-1933kve	https://polycab.com/polycab-mv-is-7098-ii-1c-2xway2xfay-1933kv-e/a-3908/p-55055
industries/cables-by-application/renewable-energy/polycab-mv-is-7098-ii-3c-2xwy2xfy-12722kve	https://polycab.com/polycab-mv-is-7098-ii-3c-2xwy2xfy-12722kv-e/a-3908/p-55099
industries/cables-by-type/mv-power-cable/polycab-mv-is-7098-ii-1c-a2xwaya2xfay-1111kvue	https://polycab.com/polycab-mv-is-7098-ii-1c-a2xwaya2xfay-1111kv-ue/a-3908/p-55081
industries/cables-by-type/mv-power-cable/polycab-mv-is-7098-ii-1c-a2xwaya2xfay-3333kvue	https://polycab.com/polycab-mv-is-7098-ii-1c-a2xwaya2xfay-3333kv-ue/a-3908/p-55073
industries/cables-by-type/mv-power-cable/polycab-mv-is-7098-ii-1c-a2xwaya2xfay-3866kve	https://polycab.com/polycab-mv-is-7098-ii-1c-a2xwaya2xfay-3866kv-e/a-3908/p-55075
industries/cables-by-type/mv-power-cable/polycab-mv-is-7098-ii-1c-a2xwaya2xfay-6666kvue	https://polycab.com/polycab-mv-is-7098-ii-1c-a2xwaya2xfay-6666kv-ue/a-3908/p-55077
industries/cables-by-type/mv-power-cable/polycab-mv-is-7098-ii-3c-2xwy-2xfy-1933kve	https://polycab.com/polycab-mv-is-7098-ii-3c-2xwy-2xfy-1933kv-e/a-3908/p-55087
industries/cables-by-type/mv-power-cable/polycab-mv-is-7098-ii-3c-2xwy2xfy-12722kve	https://polycab.com/polycab-mv-is-7098-ii-3c-2xwy2xfy-12722kv-e/a-3908/p-55099
industries/cables-by-application/renewable-energy/polycab-mv-is-7098-ii-3c-2xwy2xfy-1933kve	https://polycab.com/polycab-mv-is-7098-ii-3c-2xwy-2xfy-1933kv-e/a-3908/p-55087
industries/cables-by-type/mv-power-cable/polycab-mv-is-7098-ii-3c-2xwy2xfy-63511kve	https://polycab.com/polycab-mv-is-7098-ii-3c-2xwy2xfy-63511kv-e/a-3908/p-55095
lighting/outdoor-lights/vigaro-gate-light-fixture-without-bulb	https://polycab.com/vigaro-gate-light-fixture-without-bulb-pole-mount-type/c-52944/p-54248
industries/cables-by-type/mv-power-cable/polycab-mv-is-7098-ii-3c-a2xwya2xfy-1111kvue	https://polycab.com/polycab-mv-is-7098-ii-3c-a2xwya2xfy-1111kv-ue/a-3908/p-55113
industries/cables-by-type/mv-power-cable/polycab-mv-is-7098-ii-3c-a2xwya2xfy-12722kve	https://polycab.com/polycab-mv-is-7098-ii-3c-a2xwya2xfy-12722kv-e/a-3908/p-55115
industries/cables-by-type/mv-power-cable/polycab-mv-is-7098-ii-3c-a2xwya2xfy-1933kve copy	https://polycab.com/polycab-mv-is-7098-ii-3c-2xwy-2xfy-1933kv-e/a-3908/p-55087
industries/cables-by-type/mv-power-cable/polycab-mv-is-7098-ii-3c-a2xwya2xfy-63511kve	https://polycab.com/polycab-mv-is-7098-ii-3c-a2xwya2xfy-63511kv-e/a-3908/p-55111
industries/cables-by-type/communication-and-data-cable/polycab-rs-485-300500v-ac-armoured-cable	https://polycab.com/polycab-rs-485-300500v-ac-armoured-cable/a-5040/p-55654
industries/cables-by-type/mv-power-cable/polycab-mv-sc-al-xlpe-as-nzs-1933kv	https://polycab.com/polycab-mv-sc-al-xlpe-as-nzs-1933kv/a-3908/p-55121
lighting/rope-and-strip-lights/120-led-strip-light	https://polycab.com/120-led-strip-light-60-wattage-surface-mount-type-3000k-warm-white/c-52958/p-54296
industries/cables-by-type/mv-power-cable/polycab-mv-sc-al-xlpe-as-nzs-3866kv	https://polycab.com/polycab-mv-sc-al-xlpe-as-nzs-3866kv/a-3908/p-55127
industries/cables-by-type/mv-power-cable/polycab-mv-sc-al-xlpe-atr-as-nzs-1933kv	https://polycab.com/polycab-mv-sc-al-xlpe-atr-as-nzs-1933kv/a-3908/p-55123
industries/cables-by-type/mv-power-cable/polycab-mv-sc-al-xlpe-atr-as-nzs-3866kv	https://polycab.com/polycab-mv-sc-al-xlpe-atr-as-nzs-3866kv/a-3908/p-55129
industries/cables-by-type/mv-power-cable/polycab-mv-sc-al-epr-iceanema-8kv	https://polycab.com/polycab-mv-sc-al-epr-iceanema-8kv/a-3908/p-55215
industries/cables-by-type/mv-power-cable/polycab-mv-sc-cu-epr-iceanema-25kv	https://polycab.com/polycab-mv-sc-cu-epr-iceanema-25kv/a-3908/p-55209
industries/cables-by-type/mv-power-cable	https://polycab.com/cables/types/mv-power-cable
industries/cables-by-type/others/aerial-bunched-cable	https://polycab.com/cables/types/others/aerial-bunched-cable
industries/cables-by-type/mv-power-cable/polycab-mv-sc-cu-epr-iceanema-35kv	https://polycab.com/polycab-mv-sc-cu-epr-iceanema-35kv/a-3908/p-55211
industries/cables-by-type/mv-power-cable/polycab-mv-sc-cu-epr-iceanema-8kv	https://polycab.com/polycab-mv-sc-cu-epr-iceanema-8kv/a-3908/p-55205
industries/cables-by-type/mv-power-cable/polycab-mv-sc-cu-xlpe-as-nzs-12722kv	https://polycab.com/polycab-mv-sc-cu-xlpe-as-nzs-12722kv/a-3908/p-55137
industries/cables-by-type/mv-power-cable/polycab-mv-sc-cu-xlpe-as-nzs-63511kv	https://polycab.com/polycab-mv-sc-cu-xlpe-as-nzs-63511kv/a-3908/p-55131
lighting/led-cob/gliss-cob-surface-spot-light-rd-black-hsg-and-gm-refltr	https://polycab.com/gliss-cob-surface-spot-light-rd-black-hsg-gm-refltr/c-64427/p-64501
lighting/led-cob/gliss-cob-surface-spot-light-rd-white-hsg-and-rg-refltr	https://polycab.com/gliss-cob-surface-spot-light-rd-white-hsg-rg-refltr/c-64427/p-64531
industries/cables-by-standards/is-7098-ii/polycab-mv-is-7098-ii-1c-2xway2xfay-3866kve	https://polycab.com/polycab-mv-is-7098-ii-1c-2xway2xfay-3866kv-e/a-3908/p-55059
industries/cables-by-type/others/building-wires/polycab-etira-frlsh-1100v-ac-is-694	https://polycab.com/polycab-etira-frlsh-1100v-ac-is-694/a-3901/p-55660
industries/cables-by-type/others/building-wires	https://polycab.com/cables/types/others/building-wires
lighting/led-cob/gliss-deco-cob-downlight-white-hsg-and-rg-refltr	https://polycab.com/gliss-deco-cob-downlight-white-hsg-rg-refltr/c-64427/p-64461
industries/cables-by-type/others/control-cable/polycab-110-cy-iec-60227-7-screened-control-cable-300500v-ac	https://polycab.com/polycab-110-cy-iec-60227-7-screened-control-cable-300500v-ac/a-5040/p-54824
industries/cables-by-type/others/control-cable/polycab-classic-100-300500v-ac	https://polycab.com/polycab-classic-100-300500v-ac/a-5040/p-55550
industries/cables-by-type/others/building-wires/polycab-fr-lsh-1100v-ac-is-694	https://polycab.com/polycab-fr-lsh-1100v-ac-is-694/a-3901/p-54917
industries/cables-by-type/others/building-wires/polycab-hffr-04xz-k-1100v-ac-is-17048	https://polycab.com/polycab-hffr-04xz-k-1100v-ac-is-17048/a-5044/p-54923
industries/cables-by-application/renewable-energy/polycab-mv-is-7098-ii-3c-a2xwya2xfy-3866kve	https://polycab.com/polycab-mv-is-7098-ii-3c-a2xwya2xfy-3866kv-e/a-3908/p-55107
industries/cables-by-type/others/control-cable/polycab-classic-100-cy-300500v-ac	https://polycab.com/polycab-classic-100-cy-300500v-ac/a-5040/p-55552
industries/cables-by-type/others/defence/polycab-h05sj-uh05sj-k-bsen-50525-2-41-sc-300500v-ac	https://polycab.com/polycab-h05sj-uh05sj-k-bsen-50525-2-41-sc-300500v-ac/a-5050/p-54939
industries/cables-by-type/others/control-cable/polycab-classic-100-sy-450750v-ac	https://polycab.com/polycab-classic-100-sy-450750v-ac/a-5040/p-55560
industries/cables-by-type/others/control-cable/polycab-classic-110-bk-300500v-ac	https://polycab.com/polycab-classic-110-bk-300500v-ac/a-5040/p-55598
industries/cables-by-type/others/control-cable/polycab-classic-110-black-6001000v-ac	https://polycab.com/polycab-classic-110-black-6001000v-ac/a-5040/p-55600
industries/cables-by-type/others/control-cable/polycab-classic-110-orange-300500v-ac	https://polycab.com/polycab-classic-110-orange-300500v-ac/a-5040/p-55604
industries/cables-by-application/renewable-energy/polycab-solar-as-nzs-5000-pvc-at	https://polycab.com/polycab-solar-as-nzs-5000-pvc-at/a-5034/p-55505
industries/cables-by-application/renewable-energy/polycab-solar-as-nzs-5000-rfh-at	https://polycab.com/polycab-solar-as-nzs-5000-rfh-at/a-5034/p-55515
industries/cables-by-type/others/control-cable/polycab-lv-is-7098-i-mc-15-2xfy	https://polycab.com/polycab-lv-is-7098-i-mc-15-2xfy/a-5043/p-54756
industries/cables-by-type/others/control-cable/polycab-lv-25-cu-iec-60502-1-061kv-mc-sfa	https://polycab.com/polycab-lv-25-cu-iec-60502-1-061kv-mc-sfa/a-5043/p-55311
industries/cables-by-type/others/control-cable/polycab-lv-is-7098-i-mc-15-2xwy	https://polycab.com/polycab-lv-is-7098-i-mc-15-2xwy/a-5043/p-54758
industries/cables-by-type/others/control-cable/polycab-lv-is-7098-i-mc-15-2xy	https://polycab.com/polycab-lv-is-7098-i-mc-15-2xy/a-5043/p-54760
industries/cables-by-application/residential/polycab-02ayy-2-core-1100v-is-694-flat-cable	https://polycab.com/polycab-02ayy-2-core-1100v-is-694-flat-cable/a-3901/p-54927
industries/cables-by-type/others/control-cable	https://polycab.com/cables/types/others/control-cable
industries/cables-by-type/others/defence/polycab-h03s-k-bsen-50525-2-41-sc-300300v-ac	https://polycab.com/polycab-h03s-k-bsen-50525-2-41-sc-300300v-ac/a-5050/p-54937
industries/cables-by-type/others/defence/polycab-h05bn4-f-bsen-50525-2-21-mc-300500v-ac	https://polycab.com/polycab-h05bn4-f-bsen-50525-2-21-mc-300500v-ac/a-5050/p-55588
industries/cables-by-type/others/defence/polycab-h05gg-fh05ggh2-f-bsen-50525-2-21-mc-300500v-ac	https://polycab.com/polycab-h05gg-fh05ggh2-f-bsen-50525-2-21-mc-300500v-ac/a-5050/p-55590
industries/cables-by-type/others/defence/polycab-h05rn-f-bsen-50525-2-21-mc-300500v-ac	https://polycab.com/polycab-h05rn-f-bsen-50525-2-21-mc-300500v-ac/a-5050/p-54830
industries/cables-by-type/others/defence/polycab-h05rr-f-bsen-50525-2-21-mc-300500v-ac	https://polycab.com/polycab-h05rr-f-bsen-50525-2-21-mc-300500v-ac/a-5050/p-54945
industries/cables-by-type/others/defence	https://polycab.com/cables/types/others/defence
industries/cables-by-application/residential/polycab-al-type-tc-thhnthwn-2-cable-600v	https://polycab.com/polycab-al-type-tc-thhnthwn-2-cable-600v/a-5040/p-54961
industries/cables-by-type/others/defence/polycab-h07rn-f-bsen-50525-2-21-mc-450750v-ac	https://polycab.com/polycab-h07rn-f-bsen-50525-2-21-mc-450750v-ac/a-5050/p-54832
industries/cables-by-type/others/defence/polycab-sir-g-1100v-ac-is-9968-1	https://polycab.com/polycab-sir-g-1100v-ac-is-9968-1/a-5050/p-54929
industries/cables-by-type/others/defence/polycab-sir-s-1100v-ac-is-9968-1	https://polycab.com/polycab-sir-s-1100v-ac-is-9968-1/a-5050/p-54933
industries/cables-by-type/others/domestic-appliance-and-lighting-cable/polycab-01y-k-sc-1100v-ac-is-694	https://polycab.com/polycab-01y-k-sc-1100v-ac-is-694/a-5040/p-55626
industries/cables-by-type/others/domestic-appliance-and-lighting-cable/polycab-6181b-bs-7211-sc-450750v-ac	https://polycab.com/polycab-6181b-bs-7211-sc-450750v-ac/a-3904/p-55487
industries/cables-by-application/residential/polycab-bms-500-mc-a7	https://polycab.com/polycab-bms-500-mc-a7/a-3901/p-54800
industries/cables-by-type/others/domestic-appliance-and-lighting-cable/polycab-6192y6193y-bs-6004-mc-300500v-ac	https://polycab.com/polycab-6192y6193y-bs-6004-mc-300500v-ac/a-3904/p-55475
industries/cables-by-type/others/domestic-appliance-and-lighting-cable/polycab-h03vv-f-bsen-50525-2-11-mc-300300v-ac	https://polycab.com/polycab-h03vv-f-bsen-50525-2-11-mc-300300v-ac/a-5040/p-55538
industries/cables-by-type/others/domestic-appliance-and-lighting-cable/polycab-6241y6242y6243y-bs-6004-mc-300500v-ac	https://polycab.com/polycab-6241y6242y6243y-bs-6004-mc-300500v-ac/a-3904/p-55479
industries/cables-by-type/others/domestic-appliance-and-lighting-cable/polycab-h03z1z1-f-bsen-50525-3-11-300300v-ac	https://polycab.com/polycab-h03z1z1-f-bsen-50525-3-11-300300v-ac/a-5040/p-55594
industries/cables-by-type/others/domestic-appliance-and-lighting-cable/polycab-h05v-uh05v-rh05v-k-bsen-50525-2-31-sc-300500v-ac	https://polycab.com/polycab-h05v-uh05v-rh05v-k-bsen-50525-2-31-sc-300500v-ac/a-5040/p-55325
industries/cables-by-type/others/domestic-appliance-and-lighting-cable/polycab-cu-type-tctc-er-thhnthwn-2-16-awg-tray-cable	https://polycab.com/polycab-cu-type-tctc-er-thhnthwn-2-16-awg-tray-cable/a-3904/p-54959
industries/cables-by-application/residential/polycab-cu-xhhw-2-ul-44-600v	https://polycab.com/polycab-cu-xhhw-2-ul-44-600v/a-3901/p-54844
industries/cables-by-type/others/domestic-appliance-and-lighting-cable	https://polycab.com/cables/types/others/domestic-appliance-and-lighting-cable
industries/cables-by-type/others/domestic-appliance-and-lighting-cable/polycab-h05vvh2-f-bsen-50525-2-11-mc-300500v-ac	https://polycab.com/polycab-h05vvh2-f-bsen-50525-2-11-mc-300500v-ac/a-5040/p-55544
industries/cables-by-type/others/domestic-appliance-and-lighting-cable/polycab-h05vv-f-bsen-50525-2-11-mc-300500v-ac	https://polycab.com/polycab-h05vv-f-bsen-50525-2-11-mc-300500v-ac/a-5040/p-54913
industries/cables-by-type/others/domestic-appliance-and-lighting-cable/polycab-type-mc-pvc-jacketed-al-conductor-ul-1569-600v	https://polycab.com/polycab-type-mc-pvc-jacketed-al-conductor-ul-1569-600v/a-5040/p-54953
industries/cables-by-type/others/domestic-appliance-and-lighting-cable/polycab-type-mc-al-conductor-ul-1569-600v	https://polycab.com/polycab-type-mc-al-conductor-ul-1569-600v/a-5040/p-54951
industries/cables-by-type/others/domestic-appliance-and-lighting-cable/polycab-type-mc-cu-conductor-ul-1569-600v	https://polycab.com/polycab-type-mc-cu-conductor-ul-1569-600v/a-5040/p-54860
industries/cables-by-application/residential/polycab-fr-lf-1100v-ac-is-694	https://polycab.com/polycab-fr-lf-1100v-ac-is-694/a-3901/p-54919
industries/cables-by-type/others/fire-protection-cable/polycab-firealarm-unarmoured-cable	https://polycab.com/polycab-firealarm-unarmoured-cable/a-5047/p-54788
industries/cables-by-type/others/fire-protection-cable/polycab-ignis-210	https://polycab.com/polycab-ignis-210/a-5047/p-54866
industries/cables-by-type/others/fire-protection-cable/polycab-ignis-212	https://polycab.com/polycab-ignis-212/a-5047/p-54874
industries/cables-by-type/others/fire-protection-cable/polycab-ignis-213	https://polycab.com/polycab-ignis-213/a-5047/p-54876
industries/cables-by-type/others/fire-protection-cable/polycab-ignis-214	https://polycab.com/polycab-ignis-214/a-5047/p-54878
industries/cables-by-type/others/fire-protection-cable/polycab-ignis-240	https://polycab.com/polycab-ignis-240/a-5047/p-54882
industries/cables-by-type/others/fire-protection-cable	https://polycab.com/cables/types/others/fire-protection-cable
industries/cables-by-type/others/high-temperature-cable/polycab-h03s-k-bsen-50525-2-41-sc-300300v-ac	https://polycab.com/polycab-h03s-k-bsen-50525-2-41-sc-300300v-ac/a-5050/p-54937
industries/cables-by-type/others/high-temperature-cable/polycab-h05bn4-f-bsen-50525-2-21-mc-300500v-ac	https://polycab.com/polycab-h05bn4-f-bsen-50525-2-21-mc-300500v-ac/a-5050/p-55588
industries/cables-by-type/others/high-temperature-cable/polycab-h05gg-fh05ggh2-f-bsen-50525-2-21-mc-300500v-ac	https://polycab.com/polycab-h05gg-fh05ggh2-f-bsen-50525-2-21-mc-300500v-ac/a-5050/p-55590
industries/cables-by-type/others/high-temperature-cable/polycab-h05rr-f-bsen-50525-2-21-mc-300500v-ac	https://polycab.com/polycab-h05rr-f-bsen-50525-2-21-mc-300500v-ac/a-5050/p-54945
industries/cables-by-type/others/high-temperature-cable/polycab-h05sj-uh05sj-k-bsen-50525-2-41-sc-300500v-ac	https://polycab.com/polycab-h05sj-uh05sj-k-bsen-50525-2-41-sc-300500v-ac/a-5050/p-54939
industries/cables-by-type/others/high-temperature-cable/polycab-sir-1100v-ac-is-9968-1	https://polycab.com/polycab-sir-1100v-ac-is-9968-1/a-5050/p-54935
industries/cables-by-type/others/high-temperature-cable	https://polycab.com/cables/types/others/high-temperature-cable
industries/cables-by-type/others/high-temperature-cable/polycab-sir-s-1100v-ac-is-9968-1	https://polycab.com/polycab-sir-s-1100v-ac-is-9968-1/a-5050/p-54933
industries/cables-by-type/others/high-temperature-cable/polycab-sir-sc-1100v-ac-is-9968-1	https://polycab.com/polycab-sir-sc-1100v-ac-is-9968-1/a-5050/p-54931
industries/cables-by-type/others/industrial-cable/polycab-01y-k-1100v-ac-is-694-twin-parallel-and-twisted	https://polycab.com/polycab-01y-k-1100v-ac-is-694-twin-parallel-twisted/a-5040/p-55632
industries/cables-by-type/others/industrial-cable/polycab-01y-r-sc-1100v-ac-is-694	https://polycab.com/polycab-01y-r-sc-1100v-ac-is-694/a-5040/p-55628
industries/cables-by-application/residential/polycab-nmb-cable-ul-719-600v	https://polycab.com/polycab-nmb-cable-ul-719-600v/a-3901/p-54967
industries/cables-by-type/others/industrial-cable/polycab-02yy-r-1100v-ac-is-694	https://polycab.com/polycab-02yy-r-1100v-ac-is-694/a-5040/p-55630
industries/cables-by-type/others/industrial-cable/polycab-6181b-bs-7211-sc-450750v-ac	https://polycab.com/polycab-6181b-bs-7211-sc-450750v-ac/a-3904/p-55487
industries/cables-by-type/others/industrial-cable/polycab-6181b6182b6183b6184b6185b-bs-7211-450750v-ac	https://polycab.com/polycab-6181b6182b6183b6184b6185b-bs-7211-450750v-ac/a-3904/p-55489
industries/cables-by-type/others/industrial-cable/polycab-6181y-bs-6004-sc-300500v-ac	https://polycab.com/polycab-6181y-bs-6004-sc-300500v-ac/a-3904/p-55481
industries/cables-by-type/others/industrial-cable/polycab-6192y6193y-bs-6004-mc-300500v-ac	https://polycab.com/polycab-6192y6193y-bs-6004-mc-300500v-ac/a-3904/p-55475
industries/cables-by-type/others/industrial-cable/polycab-02yy-k-mc-1100v-ac-is-694 copy	https://polycab.com/polycab-02yy-k-mc-1100v-ac-is-694/a-5046/p-54812
industries/cables-by-application/residential/polycab-type-mc-pvc-jacketed-cu-conductor-ul-1569-600v	https://polycab.com/polycab-type-mc-pvc-jacketed-cu-conductor-ul-1569-600v/a-5040/p-54862
industries/cables-by-type/others/industrial-cable/polycab-al-xhhw-2-ul-44-600v	https://polycab.com/polycab-al-xhhw-2-ul-44-600v/a-3901/p-54846
industries/cables-by-type/others/industrial-cable/polycab-al-se-style-r-ul-854-600v	https://polycab.com/polycab-al-se-style-r-ul-854-600v/a-5035/p-54854
industries/cables-by-type/others/industrial-cable/polycab-classic-100-300500v-ac	https://polycab.com/polycab-classic-100-300500v-ac/a-5040/p-55550
industries/cables-by-type/others/industrial-cable/polycab-classic-100-450750v-ac	https://polycab.com/polycab-classic-100-450750v-ac/a-5040/p-55556
industries/cables-by-type/others/industrial-cable/polycab-classic-100-bk-6001000v-ac	https://polycab.com/polycab-classic-100-bk-6001000v-ac/a-5040/p-55562
industries/cables-by-type/others/industrial-cable/polycab-al-hofr-is-9857-welding-cable	https://polycab.com/polycab-al-hofr-is-9857-welding-cable/a-5038/p-55638
industries/cables-by-type/others/industrial-cable/polycab-classic-100-sy-450750v-ac	https://polycab.com/polycab-classic-100-sy-450750v-ac/a-5040/p-55560
industries/cables-by-type/others/industrial-cable/polycab-classic-110-300500v-ac	https://polycab.com/polycab-classic-110-300500v-ac/a-5040/p-55602
industries/cables-by-type/others/industrial-cable/polycab-classic-110-bk-300500v-ac	https://polycab.com/polycab-classic-110-bk-300500v-ac/a-5040/p-55598
industries/cables-by-type/others/industrial-cable/polycab-classic-110-black-6001000v-ac	https://polycab.com/polycab-classic-110-black-6001000v-ac/a-5040/p-55600
industries/cables-by-type/others/industrial-cable/polycab-classic-110-sy-screened-300500v-ac	https://polycab.com/polycab-classic-110-sy-screened-300500v-ac/a-5040/p-55606
industries/cables-by-type/others/industrial-cable/polycab-cu-hofr-is-9857-welding-cable	https://polycab.com/polycab-cu-hofr-is-9857-welding-cable/a-5038/p-55636
industries/cables-by-application/sugar-industry/polycab-02yy-k-mc-1100v-ac-is-694	https://polycab.com/polycab-02yy-k-mc-1100v-ac-is-694/a-5046/p-54812
industries/cables-by-type/others/industrial-cable/polycab-cu-type-tctc-er-xhhw-2-tray-cable	https://polycab.com/polycab-cu-type-tctc-er-xhhw-2-tray-cable/a-3904/p-54977
industries/cables-by-type/others/industrial-cable/polycab-cu-xhhw-2-ul-44-600v	https://polycab.com/polycab-cu-xhhw-2-ul-44-600v/a-3901/p-54844
industries/cables-by-type/others/industrial-cable/polycab-festoon-flat-05sqmm-multicore-cable	https://polycab.com/polycab-festoon-flat-05sqmm-multicore-cable/a-5040/p-55493
industries/cables-by-type/others/industrial-cable/polycab-festoon-flat-075sqmm-multicore-cable	https://polycab.com/polycab-festoon-flat-075sqmm-multicore-cable/a-5040/p-55495
industries/cables-by-type/others/industrial-cable/polycab-festoon-flat-1sqmm-multicore-cable	https://polycab.com/polycab-festoon-flat-1sqmm-multicore-cable/a-5040/p-55497
industries/cables-by-type/others/industrial-cable/polycab-flexible-cords-type-sjo-ul-62-300v-ac	https://polycab.com/polycab-flexible-cords-type-sjo-ul-62-300v-ac/a-5040/p-54969
industries/cables-by-type/others/industrial-cable/polycab-h01n2-d-bsen-50525-2-81-100100v-ac	https://polycab.com/polycab-h01n2-d-bsen-50525-2-81-100100v-ac/a-5038/p-55592
industries/cables-by-type/others/industrial-cable/polycab-h05bn4-f-bsen-50525-2-21-mc-300500v-ac	https://polycab.com/polycab-h05bn4-f-bsen-50525-2-21-mc-300500v-ac/a-5050/p-55588
industries/cables-by-type/others/industrial-cable/polycab-h05rn-f-bsen-50525-2-21-mc-300500v-ac	https://polycab.com/polycab-h05rn-f-bsen-50525-2-21-mc-300500v-ac/a-5050/p-54830
industries/cables-by-type/others/industrial-cable/polycab-h05rr-f-bsen-50525-2-21-mc-300500v-ac	https://polycab.com/polycab-h05rr-f-bsen-50525-2-21-mc-300500v-ac/a-5050/p-54945
industries/cables-by-type/others/industrial-cable/polycab-h05sj-uh05sj-k-bsen-50525-2-41-sc-300500v-ac	https://polycab.com/polycab-h05sj-uh05sj-k-bsen-50525-2-41-sc-300500v-ac/a-5050/p-54939
industries/cables-by-type/others/industrial-cable/polycab-h05v2-kh07v2-k-bsen-50525-2-31-sc-300500vand450750v-ac	https://polycab.com/polycab-h05v2-kh07v2-k-bsen-50525-2-31-sc-300500v450750v-ac/a-5040/p-55327
industries/cables-by-application/sugar-industry/polycab-hffr-04xzz-k04xzxz-k-mc-1100v-ac-is-17048	https://polycab.com/polycab-hffr-04xzz-k04xzxz-k-mc-1100v-ac-is-17048/a-5044/p-54822
industries/cables-by-type/others/industrial-cable/polycab-h05z1z1-f-bsen-50525-3-11-300500v-ac	https://polycab.com/polycab-h05z1z1-f-bsen-50525-3-11-300500v-ac/a-5051/p-54911
industries/cables-by-type/others/industrial-cable/polycab-h07bn4-f-bsen-50525-2-21-mc-450750v-ac	https://polycab.com/polycab-h07bn4-f-bsen-50525-2-21-mc-450750v-ac/a-5050/p-55584
industries/cables-by-type/others/industrial-cable/polycab-h07bq-f-bsen-50525-2-21-mc-450750v-ac	https://polycab.com/polycab-h07bq-f-bsen-50525-2-21-mc-450750v-ac/a-5043/p-54828
industries/cables-by-type/others/industrial-cable/polycab-h07v-k-bsen-50525-2-31-sc-450750v-ac	https://polycab.com/polycab-h07v-k-bsen-50525-2-31-sc-450750v-ac/a-5040/p-55329
industries/cables-by-type/others/industrial-cable/polycab-h07v-uh07v-r-bsen-50525-2-31-sc-450750v-ac	https://polycab.com/polycab-h07v-uh07v-r-bsen-50525-2-31-sc-450750v-ac/a-5040/p-55331
industries/cables-by-application/sugar-industry/polycab-hffr-04xz-k-1100v-ac-is-17048	https://polycab.com/polycab-hffr-04xz-k-1100v-ac-is-17048/a-5044/p-54923
industries/cables-by-application/mining-drilling-and-tunneling/polymarine-iec-60092-353-0610kv-vfd-cable	https://polycab.com/polymarine-iec-60092-353-0610kv-vfd-cable/a-5038/p-54892
industries/cables-by-type/others/industrial-cable/polycab-hffr-01zz-k03xzz-k-1100v-ac-is-17048	https://polycab.com/polycab-hffr-01zz-k03xzz-k-1100v-ac-is-17048/a-5044/p-54816
industries/cables-by-type/others/industrial-cable/polycab-hffr-04xzz-r04xzxz-r-1100v-ac-is-17048	https://polycab.com/polycab-hffr-04xzz-r04xzxz-r-1100v-ac-is-17048/a-5042/p-55642
industries/cables-by-type/others/industrial-cable/polycab-rr-c-1100v-ac-is-9968-1	https://polycab.com/polycab-rr-c-1100v-ac-is-9968-1/a-5038/p-55574
industries/cables-by-application/sugar-industry/polycab-lv-25-cu-iec-60502-1-061kv-mc-ua	https://polycab.com/polycab-lv-25-cu-iec-60502-1-061kv-mc-ua/a-5043/p-55309
industries/cables-by-type/others/industrial-cable/polycab-thhn-cu-ul-83-600v	https://polycab.com/polycab-thhn-cu-ul-83-600v/a-3901/p-54840
industries/cables-by-type/others/industrial-cable	https://polycab.com/cables/types/others/industrial-cable
industries/cables-by-type/others/industrial-cable/polycab-rr-p-1100v-ac-is-9968-1	https://polycab.com/polycab-rr-p-1100v-ac-is-9968-1/a-5038/p-55570
industries/cables-by-type/others/industrial-cable/polycab-sir-g-1100v-ac-is-9968-1	https://polycab.com/polycab-sir-g-1100v-ac-is-9968-1/a-5050/p-54929
industries/cables-by-type/others/industrial-cable/polycab-sir-s-1100v-ac-is-9968-1	https://polycab.com/polycab-sir-s-1100v-ac-is-9968-1/a-5050/p-54933
industries/cables-by-type/others/industrial-cable/polycab-sir-sc-1100v-ac-is-9968-1	https://polycab.com/polycab-sir-sc-1100v-ac-is-9968-1/a-5050/p-54931
industries/cables-by-type/others/industrial-cable/polycab-rr-p-mc-1100v-ac-is-9968-1	https://polycab.com/polycab-rr-p-mc-1100v-ac-is-9968-1/a-5038/p-55572
industries/cables-by-application/sugar-industry/polycab-lv-al-iec-60502-1-061kv-mc-35-sfa	https://polycab.com/polycab-lv-al-iec-60502-1-061kv-mc-35-sfa/a-5046/p-55267
industries/cables-by-type/others/industrial-cable/polycab-type-mc-pvc-jacketed-al-conductor-ul-1569-600v	https://polycab.com/polycab-type-mc-pvc-jacketed-al-conductor-ul-1569-600v/a-5040/p-54953
industries/cables-by-type/others/marine-and-offshoreonshore-cable/polycab-h05rn-f-bsen-50525-2-21-mc-300500v-ac	https://polycab.com/polycab-h05rn-f-bsen-50525-2-21-mc-300500v-ac/a-5050/p-54830
industries/cables-by-type/others/marine-and-offshoreonshore-cable/polycab-h03s-k-bsen-50525-2-41-sc-300300v-ac	https://polycab.com/polycab-h03s-k-bsen-50525-2-41-sc-300300v-ac/a-5050/p-54937
industries/cables-by-type/others/marine-and-offshoreonshore-cable/polycab-h05bb-f-bsen-50525-2-21-mc-300500v-ac	https://polycab.com/polycab-h05bb-f-bsen-50525-2-21-mc-300500v-ac/a-5050/p-55586
industries/cables-by-application/sugar-industry/polycab-lv-al-iec-60502-1-061kv-mc-4-sfa	https://polycab.com/polycab-lv-al-iec-60502-1-061kv-mc-4-sfa/a-5046/p-55291
industries/cables-by-type/others/marine-and-offshoreonshore-cable/polycab-h05s-uh05s-k-bsen-50525-2-41-sc-300500v-ac	https://polycab.com/polycab-h05s-uh05s-k-bsen-50525-2-41-sc-300500v-ac/a-5050/p-54943
industries/cables-by-type/others/marine-and-offshoreonshore-cable/polycab-h05ss-k-bsen-50525-2-41-sc-300500v-ac	https://polycab.com/polycab-h05ss-k-bsen-50525-2-41-sc-300500v-ac/a-5050/p-54941
industries/cables-by-type/others/marine-and-offshoreonshore-cable/polycab-h07bn4-f-bsen-50525-2-21-mc-450750v-ac	https://polycab.com/polycab-h07bn4-f-bsen-50525-2-21-mc-450750v-ac/a-5050/p-55584
industries/cables-by-type/others/marine-and-offshoreonshore-cable/polycab-h07bq-f-bsen-50525-2-21-mc-450750v-ac	https://polycab.com/polycab-h07bq-f-bsen-50525-2-21-mc-450750v-ac/a-5043/p-54828
industries/cables-by-type/others/marine-and-offshoreonshore-cable/polycab-hydro-type-tc-eritc-er-cic-tctype-p-os	https://polycab.com/polycab-hydro-type-tc-eritc-er-cic-tc-type-p-os/a-5037/p-55483
industries/cables-by-standards/bs-6724/polycab-bs-6724-mc-swa-lszhshaped-conductor1933kv-ac	https://polycab.com/polycab-bs-6724-mc-swa-lszh-shaped-conductor-1933kv-ac/a-3907/p-55463
industries/cables-by-type/others/marine-and-offshoreonshore-cable/polycab-rr-c-1100v-ac-is-9968-1	https://polycab.com/polycab-rr-c-1100v-ac-is-9968-1/a-5038/p-55574
industries/cables-by-type/others/marine-and-offshoreonshore-cable/polycab-rr-p-1100v-ac-is-9968-1	https://polycab.com/polycab-rr-p-1100v-ac-is-9968-1/a-5038/p-55570
industries/cables-by-type/others/marine-and-offshoreonshore-cable/polycab-rr-p-mc-1100v-ac-is-9968-1	https://polycab.com/polycab-rr-p-mc-1100v-ac-is-9968-1/a-5038/p-55572
industries/cables-by-type/others/marine-and-offshoreonshore-cable/polymarine-iec-60092-353-1830kv-vfd-cable	https://polycab.com/polymarine-iec-60092-353-1830kv-vfd-cable/a-5038/p-54896
industries/cables-by-type/others/marine-and-offshoreonshore-cable/polycab-sir-g-1100v-ac-is-9968-1	https://polycab.com/polycab-sir-g-1100v-ac-is-9968-1/a-5050/p-54929
industries/cables-by-type/others/marine-and-offshoreonshore-cable/polymarine-iec-60092-353-0610kv-armoured-cable	https://polycab.com/polymarine-iec-60092-353-0610kv-armoured-cable/a-5049/p-54890
industries/cables-by-application/sugar-industry/polycab-lv-al-iec-60502-1-061kv-sc-sfa	https://polycab.com/polycab-lv-al-iec-60502-1-061kv-sc-sfa/a-5046/p-55247
industries/cables-by-type/others/marine-and-offshoreonshore-cable/polymarine-iec-60092-353-0610kv-vfd-cable	https://polycab.com/polymarine-iec-60092-353-0610kv-vfd-cable/a-5038/p-54892
industries/cables-by-type/others/marine-and-offshoreonshore-cable	https://polycab.com/cables/types/others/marine-offshoreonshore-cable
industries/cables-by-type/others/marine-and-offshoreonshore-cable/polymarine-iec-60092-353-1830kv-armoured-cable	https://polycab.com/polymarine-iec-60092-353-1830kv-armoured-cable/a-5049/p-54894
industries/cables-by-type/others/marine-and-offshoreonshore-cable/polymarine-instrumentation-pair-250v-br-isos-iec-60092-376	https://polycab.com/polymarine-instrumentation-pair-250v-br-isos-iec-60092-376/a-5049/p-55049
industries/cables-by-type/others/marine-and-offshoreonshore-cable/polymarine-instrumentation-pair-250v-fs-br-isos-iec-60092-376	https://polycab.com/polymarine-instrumentation-pair-250v-fs-br-isos-iec-60092-376/a-5049/p-55041
industries/cables-by-type/others/marine-and-offshoreonshore-cable/polymarine-instrumentation-pair-250v-fs-br-scr-iec-60092-376	https://polycab.com/polymarine-instrumentation-pair-250v-fs-br-scr-iec-60092-376/a-5049/p-55039
industries/cables-by-standards/bs-6622/polycab-mv-cu-bs-6622-8715kv	https://polycab.com/polycab-mv-cu-bs-6622-8715kv/a-3908/p-54997
industries/cables-by-type/others/rubber-cable/polycab-al-hofr-is-9857-welding-cable	https://polycab.com/polycab-al-hofr-is-9857-welding-cable/a-5038/p-55638
industries/cables-by-type/others/rubber-cable/polycab-cu-hofr-is-9857-welding-cable	https://polycab.com/polycab-cu-hofr-is-9857-welding-cable/a-5038/p-55636
industries/cables-by-type/others/rubber-cable/polycab-h05bq-f-bsen-50525-2-21-mc-300500v-ac	https://polycab.com/polycab-h05bq-f-bsen-50525-2-21-mc-300500v-ac/a-5043/p-54826
industries/cables-by-type/others/rubber-cable/polycab-h05gg-fh05ggh2-f-bsen-50525-2-21-mc-300500v-ac	https://polycab.com/polycab-h05gg-fh05ggh2-f-bsen-50525-2-21-mc-300500v-ac/a-5050/p-55590
industries/cables-by-type/others/rubber-cable/polycab-h05rn-f-bsen-50525-2-21-mc-300500v-ac	https://polycab.com/polycab-h05rn-f-bsen-50525-2-21-mc-300500v-ac/a-5050/p-54830
industries/cables-by-type/others/rubber-cable/polycab-h05s-uh05s-k-bsen-50525-2-41-sc-300500v-ac	https://polycab.com/polycab-h05s-uh05s-k-bsen-50525-2-41-sc-300500v-ac/a-5050/p-54943
industries/cables-by-application/sugar-industry/polycab-lv-cu-iec-60502-1-061kv-mc-35-swa	https://polycab.com/polycab-lv-cu-iec-60502-1-061kv-mc-35-swa/a-5046/p-55275
industries/cables-by-type/others/rubber-cable/polycab-mv-cu-is-9968-2-1933e-or-3333uekv	https://polycab.com/polycab-mv-cu-is-9968-2-1933-e-or-3333-ue-kv/a-5038/p-55608
industries/cables-by-type/others/rubber-cable/polycab-rr-c-mc-1100v-ac-is-9968-1	https://polycab.com/polycab-rr-c-mc-1100v-ac-is-9968-1/a-5038/p-55576
industries/cables-by-type/others/rubber-cable/polycab-mv-cu-is-9968-2-3866ekv	https://polycab.com/polycab-mv-cu-is-9968-2-3866-e-kv/a-5038/p-55610
industries/cables-by-type/others/rubber-cable/polycab-rr-c-1100v-ac-is-9968-1	https://polycab.com/polycab-rr-c-1100v-ac-is-9968-1/a-5038/p-55574
industries/cables-by-type/others/rubber-cable/polycab-rr-p-1100v-ac-is-9968-1	https://polycab.com/polycab-rr-p-1100v-ac-is-9968-1/a-5038/p-55570
industries/cables-by-application/sugar-industry/polycab-lv-cu-iec-60502-1-061kv-sc-awa	https://polycab.com/polycab-lv-cu-iec-60502-1-061kv-sc-awa/a-5046/p-55249
industries/cables-by-type/others/rubber-cable/polycab-sir-s-1100v-ac-is-9968-1	https://polycab.com/polycab-sir-s-1100v-ac-is-9968-1/a-5050/p-54933
industries/cables-by-type/others/rubber-cable	https://polycab.com/cables/types/others/rubber-cable
industries/cables-by-type/others/special-cable	https://polycab.com/cables/types/others/special-cable
industries/cables-by-type/others	https://polycab.com/cables/types/others
industries/cables-by-type/others/special-cable/polycab-nmb-cable-ul-719-600v	https://polycab.com/polycab-nmb-cable-ul-719-600v/a-3901/p-54967
industries/cables-by-type/others/special-cable/polycab-ufb-cable-ul-493-600v	https://polycab.com/polycab-ufb-cable-ul-493-600v/a-3901/p-54965
industries/cables-by-type/renewable-energy/polycab-al-solar-ul-4703-2000v-ac	https://polycab.com/polycab-al-solar-ul-4703-2000v-ac/a-5034/p-54850
industries/cables-by-application/sugar-industry/polycab-lv-is-7098-i-1c-a2xy	https://polycab.com/polycab-lv-is-7098-i-1c-a2xy/a-5043/p-54738
industries/cables-by-type/renewable-energy/polycab-solar-as-nzs-5000-rfh-twist-at	https://polycab.com/polycab-solar-as-nzs-5000-rfh-twist-at/a-5034/p-55517
industries/cables-by-type/renewable-energy	https://polycab.com/cables/types/renewable-energy
industries/cables-by-type/renewable-energy/polycab-solar-as-nzs-5000-xlpo-at	https://polycab.com/polycab-solar-as-nzs-5000-xlpo-at/a-5034/p-55523
industries/cables-by-type/renewable-energy/polycab-solar-as-nzs-5000-xlpo-twist	https://polycab.com/polycab-solar-as-nzs-5000-xlpo-twist/a-5034/p-55525
industries/cables-by-type/renewable-energy/polycab-solar-as-nzs-5000-xlpo	https://polycab.com/polycab-solar-as-nzs-5000-xlpo/a-5034/p-55521
industries/cables-by-type/renewable-energy/polycab-solar-h1z2z2-k-bsen-50618-twin-at	https://polycab.com/polycab-solar-h1z2z2-k-bsen-50618-twin-at/a-5034/p-55535
industries/cables-by-application/sugar-industry/polycab-lv-is-7098-i-2c-2xwy	https://polycab.com/polycab-lv-is-7098-i-2c-2xwy/a-5043/p-54702
industries/cables-by-application/sugar-industry/polycab-lv-is-7098-i-2c-a2xy	https://polycab.com/polycab-lv-is-7098-i-2c-a2xy/a-5046/p-54742
industries/cables-by-application/sugar-industry/polycab-lv-is-7098-i-35c-a2xy	https://polycab.com/polycab-lv-is-7098-i-35c-a2xy/a-5046/p-54746
industries/cables-by-application/sugar-industry/polycab-lv-is-7098-i-3c-2xwy	https://polycab.com/polycab-lv-is-7098-i-3c-2xwy/a-5043/p-54718
solar/solar-grid-tie-inverter/single-phase	https://polycab.com/accl-single-phase-30-mains-eb-current-rating-a-05-gen-dg-current-rating-a/c-5003/p-55668
switchgears/mcb	https://polycab.com/mcb-metal-enclosure-single-door-grey-white-dp-phase/c-5005/p-55739
industries/cables-by-standards/bs-6622/polycab-mv-al-bs-6622-1933kv	https://polycab.com/polycab-mv-al-bs-6622-1933kv/a-5049/p-54979
industries/cables-by-application/automation-and-process-control/polycab-al-type-tc-xhhw-2-cable-600v	https://polycab.com/polycab-al-type-tc-xhhw-2-cable-600v/a-5040/p-54963
switchgears/accl	https://polycab.com/accl-single-phase-30-mains-eb-current-rating-a-05-gen-dg-current-rating-a/c-5003/p-55668
switchgears/isolator	https://polycab.com/isolator-sp-pole-40-ampere/c-5006/p-55813
switchgears/rcbo	https://polycab.com/rcbo-spn-pole-6-ampere-10ka-breaking-capacity-30ma-sensitivity/c-5008/p-56035
switchgears/rccb	https://polycab.com/rccb-dp-pole-25-ampere-10ka-breaking-capacity-30ma-sensitivity/c-5009/p-56096
industries/cables-by-application/sugar-industry/polycab-lv-is-7098-i-3c-a2xwy	https://polycab.com/polycab-lv-is-7098-i-3c-a2xwy/a-5043/p-54722
industries/cables-by-application/automation-and-process-control/polycab-classic-110-black-6001000v-ac	https://polycab.com/polycab-classic-110-black-6001000v-ac/a-5040/p-55600
industries/cables-by-application/automation-and-process-control/polycab-festoon-flat-1sqmm-multicore-cable	https://polycab.com/polycab-festoon-flat-1sqmm-multicore-cable/a-5040/p-55497
industries/cables-by-application/automation-and-process-control/polycab-flexible-cords-type-sjo-ul-62-300v-ac	https://polycab.com/polycab-flexible-cords-type-sjo-ul-62-300v-ac/a-5040/p-54969
industries/cables-by-application/automation-and-process-control/polycab-h03z1z1h2-fh05z1z1h2-f-bsen-50525-3-11-300300vand300500v-ac	https://polycab.com/polycab-h03z1z1h2-fh05z1z1h2-f-bsen-50525-3-11-300300v300500v-ac/a-5040/p-55596
industries/cables-by-application/automation-and-process-control/polycab-rs-485-300500v-ac-armoured-cable	https://polycab.com/polycab-rs-485-300500v-ac-armoured-cable/a-5040/p-55654
industries/cables-by-application/sugar-industry/polycab-lv-is-7098-i-4c-a2xwy	https://polycab.com/polycab-lv-is-7098-i-4c-a2xwy/a-5043/p-54730
industries/cables-by-application/cement-industry/polycab-02yy-k-mc-1100v-ac-is-694	https://polycab.com/polycab-02yy-k-mc-1100v-ac-is-694/a-5046/p-54812
switches-accessories/accessories/3-pin-twin-usb-4-plus1-3-mtr	https://polycab.com/3-pin-twin-usb-4plus1-3-mtr-spike-guards-6-ampere-orangepluswhite/c-20066/p-56813
industries/cables-by-application/cement-industry/polycab-h07bn4-f-bsen-50525-2-21-mc-450750v-ac	https://polycab.com/polycab-h07bn4-f-bsen-50525-2-21-mc-450750v-ac/a-5050/p-55584
industries/cables-by-application/cement-industry/polycab-hffr-01z-k03xz-k-1100v-ac-is-17048	https://polycab.com/polycab-hffr-01z-k03xz-k-1100v-ac-is-17048/a-5044/p-54925
industries/cables-by-application/cement-industry/polycab-hffr-04xzz-k04xzxz-k-1100v-ac-is-17048	https://polycab.com/polycab-hffr-04xzz-k04xzxz-k-1100v-ac-is-17048/a-5044/p-54818
industries/cables-by-application/sugar-industry/polycab-lv-is-7098-i-mc-25-2xwy	https://polycab.com/polycab-lv-is-7098-i-mc-25-2xwy/a-5043/p-54764
industries/cables-by-application/telecommunication/polycab-coaxial-cable	https://polycab.com/polycab-coaxial-cable/a-3903/p-55616
industries/cables-by-application/cement-industry/polycab-lv-cu-iec-60502-1-061kv-mc-2-ua	https://polycab.com/polycab-lv-cu-iec-60502-1-061kv-mc-2-ua/a-5046/p-55265
industries/cables-by-application/cement-industry/polycab-lv-cu-iec-60502-1-061kv-mc-4-sfa	https://polycab.com/polycab-lv-cu-iec-60502-1-061kv-mc-4-sfa/a-5046/p-55297
switches-accessories/accessories/ceiling-rose-2-terminal	https://polycab.com/jumbo-ceiling-rose-2-terminal-6-ampere-white/c-20070/p-56076
switches-accessories/accessories/ding-dong	https://polycab.com/ding-dong-door-bells-white/c-20069/p-56092
industries/cables-by-application/cement-industry/polycab-lv-is-7098-i-35c-2xfy	https://polycab.com/polycab-lv-is-7098-i-35c-2xfy/a-5043/p-54708
industries/cables-by-application/utility/polycab-ehv-cu-al-cor-132kv	https://polycab.com/polycab-ehv-cu-al-cor-132kv/a-3908/p-55355
industries/cables-by-application/cement-industry/polycab-lv-is-7098-i-3c-2xfy	https://polycab.com/polycab-lv-is-7098-i-3c-2xfy/a-5043/p-54716
industries/cables-by-application/cement-industry/polycab-lv-is-7098-i-4c-2xfy	https://polycab.com/polycab-lv-is-7098-i-4c-2xfy/a-5043/p-54724
industries/cables-by-application/cement-industry/polycab-lv-is-7098-i-4c-a2xy	https://polycab.com/polycab-lv-is-7098-i-4c-a2xy/a-5046/p-54754
industries/cables-by-application/cement-industry/polycab-lv-is-7098-i-mc-15-2xfy	https://polycab.com/polycab-lv-is-7098-i-mc-15-2xfy/a-5043/p-54756
industries/cables-by-application/utility/polycab-ehv-cu-al-cor-110kv	https://polycab.com/polycab-ehv-cu-al-cor-110kv/a-3908/p-55353
switches-accessories/accessories/modular-batten-holder	https://polycab.com/modular-batten-holder-lamp-holders-2-ampere-white/c-20068/p-56115
industries/cables-by-application/commercial/polycab-al-type-tc-thhnthwn-2-cable-600v	https://polycab.com/polycab-al-type-tc-thhnthwn-2-cable-600v/a-5040/p-54961
industries/cables-by-application/commercial/polycab-al-xhhw-2-ul-44-600v	https://polycab.com/polycab-al-xhhw-2-ul-44-600v/a-3901/p-54846
industries/cables-by-application/commercial/polycab-cu-xhhw-2-ul-44-600v	https://polycab.com/polycab-cu-xhhw-2-ul-44-600v/a-3901/p-54844
industries/cables-by-application/commercial/polycab-festoon-flat-1sqmm-multicore-cable	https://polycab.com/polycab-festoon-flat-1sqmm-multicore-cable/a-5040/p-55497
industries/cables-by-application/commercial/polycab-bms-500-mc-c4	https://polycab.com/polycab-bms-500-mc-c4/a-3901/p-54798
industries/cables-by-application/utility/polycab-ehv-cu-pb-110kv	https://polycab.com/polycab-ehv-cu-pb-110kv/a-3908/p-55361
industries/cables-by-application/commercial/polycab-h03z1z1-f-bsen-50525-3-11-300300v-ac	https://polycab.com/polycab-h03z1z1-f-bsen-50525-3-11-300300v-ac/a-5040/p-55594
industries/cables-by-application/commercial/polycab-type-mc-al-conductor-ul-1569-600v	https://polycab.com/polycab-type-mc-al-conductor-ul-1569-600v/a-5040/p-54951
industries/cables-by-application/commercial/polycab-type-mc-pvc-jacketed-al	https://polycab.com/polycab-type-mc-pvc-jacketed-al-conductor-ul-1569-600v/a-5040/p-54953
industries/cables-by-type/mv-power-cable/polycab-mv-sc-cu-epr-iceanema-15kv	https://polycab.com/polycab-mv-sc-cu-epr-iceanema-15kv/a-3908/p-55207
industries/cables-by-application/utility/polycab-ehv-cu-pb-132kv	https://polycab.com/polycab-ehv-cu-pb-132kv/a-3908/p-55363
industries/cables-by-application/it-industry/polycab-instrumentation-300-tst	https://polycab.com/polycab-instrumentation-300-t-st/a-3905/p-54780
industries/cables-by-application/healthcare/polycab-h05z-kh07z-k-bsen-50525-3-41-sc-300500vand450750v-ac	https://polycab.com/polycab-h05z-kh07z-k-bsen-50525-3-41-sc-300500v450750v-ac/a-5040/p-54915
industries/cables-by-application/it-industry/polycab-instrumentation-300-mcst	https://polycab.com/polycab-instrumentation-300-mc-st/a-3905/p-54768
industries/cables-by-application/food-and-beverages/polycab-hffr-01z-r03xz-r-sc-1100v-ac-is-17048	https://polycab.com/polycab-hffr-01z-r03xz-r-sc-1100v-ac-is-17048/a-5042/p-55648
industries/cables-by-application/it-industry/polycab-lv-al-iec-60502-1-061kv-mc-3-ua	https://polycab.com/polycab-lv-al-iec-60502-1-061kv-mc-3-ua/a-5046/p-55283
industries/cables-by-type/ehv-power-cable/polycab-ehv-al-al-cor-66kv	https://polycab.com/polycab-ehv-al-al-cor-66kv/a-3908/p-55381
industries/cables-by-application/it-industry/polycab-lv-25-cu-iec-60502-1-061kv-mc-swa	https://polycab.com/polycab-lv-25-cu-iec-60502-1-061kv-mc-swa/a-5043/p-55313
industries/cables-by-application/it-industry/polycab-lv-al-iec-60502-1-061kv-mc-4-sfa	https://polycab.com/polycab-lv-al-iec-60502-1-061kv-mc-4-sfa/a-5046/p-55291
industries/cables-by-application/it-industry/polycab-lv-cu-iec-60502-1-061kv-mc-2-swa	https://polycab.com/polycab-lv-cu-iec-60502-1-061kv-mc-2-swa/a-5046/p-55263
industries/cables-by-standards/is-694/polycab-festoon-flat-4sqmm-multicore-cable	https://polycab.com/polycab-festoon-flat-4sqmm-multicore-cable/a-5040/p-55503
industries/cables-by-application/it-industry/polycab-lv-cu-iec-60502-1-061kv-sc-sfa	https://polycab.com/polycab-lv-cu-iec-60502-1-061kv-sc-sfa/a-5046/p-55251
industries/cables-by-application/it-industry/polycab-lv-is-7098-i-1c-2xy	https://polycab.com/polycab-lv-is-7098-i-1c-2xy/a-5046/p-54736
industries/cables-by-application/it-industry/polycab-lv-is-7098-i-2c-2xwy	https://polycab.com/polycab-lv-is-7098-i-2c-2xwy/a-5043/p-54702
industries/cables-by-application/it-industry/polycab-lv-is-7098-i-2c-a2xy	https://polycab.com/polycab-lv-is-7098-i-2c-a2xy/a-5046/p-54742
industries/cables-by-application/it-industry/polycab-lv-is-7098-i-35c-2xfy	https://polycab.com/polycab-lv-is-7098-i-35c-2xfy/a-5043/p-54708
industries/cables-by-application/it-industry/polycab-lv-is-7098-i-35c-a2xy	https://polycab.com/polycab-lv-is-7098-i-35c-a2xy/a-5046/p-54746
lighting/led-bulb/aelius-dimmable-emergency-led-bulb	https://polycab.com/aelius-dimmable-emergency-led-bulb-9-wattage-6500k-cool-white/c-4989/p-54202
industries/cables-by-application/it-industry/polycab-lv-is-7098-i-4c-a2xy	https://polycab.com/polycab-lv-is-7098-i-4c-a2xy/a-5046/p-54754
industries/cables-by-application/metal-industry/polycab-hffr-01z-k03xz-k-1100v-ac-is-17048	https://polycab.com/polycab-hffr-01z-k03xz-k-1100v-ac-is-17048/a-5044/p-54925
industries/cables-by-application/it-industry/polycab-lv-is-7098-i-mc-25-2xfy	https://polycab.com/polycab-lv-is-7098-i-mc-25-2xfy/a-5043/p-54762
industries/cables-by-application/it-industry/polycab-lv-is-7098-i-mc-25-2xwy	https://polycab.com/polycab-lv-is-7098-i-mc-25-2xwy/a-5043/p-54764
industries/cables-by-application/mass-transit-railways-and-marine/polymarine-iec-60092-353-0610kv-fs-armoured-cable	https://polycab.com/polymarine-iec-60092-353-0610kv-fs-armoured-cable/a-5049/p-54906
industries/cables-by-application/utility/polycab-mv-1t-al-xlpe-as-nzs-6.35-11kv-atr	https://polycab.com/polycab-mv-1t-al-xlpe-as-nzs-63511kv-atr/a-3908/p-55189
lighting/led-bulb/aelius-led-deco-lamp	https://polycab.com/aelius-multi-cct-led-deco-lamp-05-wattage-multi-cct-auto-color-changing/c-4989/p-54205
industries/cables-by-application/metal-industry/polycab-hffr-04xz-k-sc-1100v-ac-is-17048	https://polycab.com/polycab-hffr-04xz-k-sc-1100v-ac-is-17048/a-5044/p-54806
lighting/led-bulb/aelius-nxt-g-led-bulb	https://polycab.com/aelius-nxt-g-led-bulb-5-wattage-6500k-cool-white/c-4989/p-54167
industries/cables-by-application/mining-drilling-and-tunneling/polycab-rr-e-1100v-ac-is-9968-1	https://polycab.com/polycab-rr-e-1100v-ac-is-9968-1/a-5038/p-55566
industries/cables-by-application/oil-gas-and-petrochemical/polycab-type-mc-cu-conductor-ul-1569-600v	https://polycab.com/polycab-type-mc-cu-conductor-ul-1569-600v/a-5040/p-54860
industries/cables-by-application/oil-gas-and-petrochemical/polycab-type-mc-pvc-jacketed-al-conductor-ul-1569-600v	https://polycab.com/polycab-type-mc-pvc-jacketed-al-conductor-ul-1569-600v/a-5040/p-54953
industries/cables-by-application/utility/polycab-mv-1t-cu-xlpe-as-nzs-12.7-22kv	https://polycab.com/polycab-mv-1t-cu-xlpe-as-nzs-12722kv/a-3908/p-55191
industries/cables-by-application/utility/polycab-mv-1t-cu-xlpe-as-nzs-3.8-6.6kv	https://polycab.com/polycab-mv-1t-cu-xlpe-as-nzs-3866kv/a-3908/p-55179
lighting/led-bulb/aelius-nxt-g-led-t-lamp	https://polycab.com/aelius-nxt-g-led-t-lamp-30-wattage-6500k-cool-white/c-4989/p-54189
industries/cables-by-application/utility/polycab-mv-35kv-al-ul-1072-trxlpe-100	https://polycab.com/polycab-mv-35kv-al-ul-1072-trxlpe-100/a-3908/p-55443
industries/cables-by-application/pharmaceutical-industry/polycab-ignis-230	https://polycab.com/polycab-ignis-230/a-5047/p-54870
industries/cables-by-application/pharmaceutical-industry/polycab-lv-al-iec-60502-1-061kv-mc-2-swa	https://polycab.com/polycab-lv-al-iec-60502-1-061kv-mc-2-swa/a-5046/p-55257
industries/cables-by-standards/ansiicea-s-93-639/polycab-mv-sc-cu-epr-iceanema-5kv	https://polycab.com/polycab-mv-sc-cu-epr-iceanema-5kv/a-3908/p-55203
industries/cables-by-application/utility/polycab-mv-3c-al-xlpe-atr-as-nzs-1.9-3.3kv	https://polycab.com/polycab-mv-3c-al-xlpe-atr-as-nzs-1933kv/a-3908/p-55153
industries/cables-by-application/utility/polycab-mv-3c-cu-xlpe-as-nzs-1933kv	https://polycab.com/polycab-mv-3c-cu-xlpe-as-nzs-1933kv/a-3908/p-55149
lighting/downlight/pearl-cob-swivel-led-downlight	https://polycab.com/pearl-cob-swivel-led-downlight-3-wattage-round-6500k-cool-white/c-4990/p-54068
industries/cables-by-application/pharmaceutical-industry/polycab-lv-is-7098-i-1c-2xfay-2xway	https://polycab.com/polycab-lv-is-7098-i-1c-2xfay-2xway/a-5043/p-54732
lighting/downlight/pearl-led-nxt-g-spot	https://polycab.com/pearl-led-nxt-g-spot-2-wattage-round-6500k-cool-white/c-4990/p-57979
industries/cables-by-application/renewable-energy/polycab-mv-is-7098-ii-3c-a2xwya2xfy-63511kve	https://polycab.com/polycab-mv-is-7098-ii-3c-a2xwya2xfy-63511kv-e/a-3908/p-55111
industries/cables-by-application/pharmaceutical-industry/polycab-lv-is-7098-i-2c-a2xfy	https://polycab.com/polycab-lv-is-7098-i-2c-a2xfy/a-5043/p-54704
industries/cables-by-application/mining-drilling-and-tunneling/polymarine-iec-60092-353-1830kv-vfd-cable	https://polycab.com/polymarine-iec-60092-353-1830kv-vfd-cable/a-5038/p-54896
lighting/downlight/pearl-led-swivel-spot	https://polycab.com/pearl-led-swivel-spot-3-wattage-round-6500k-cool-white/c-4990/p-57987
industries/cables-by-application/power-and-network/polycab-aerial-bunched-cable-1933kv-ac-abc	https://polycab.com/polycab-aerial-bunched-cable-1933kv-ac-abc/a-3907/p-55620
lighting/downlight/scintillate-3-in-1-rbp-mini-integral-led-downlight	https://polycab.com/scintillate-3-in-1-rbp-mini-integral-led-downlight-3-wattage-round-3-in-1-rbp/c-4990/p-54118
industries/cables-by-application/pharmaceutical-industry/polycab-lv-is-7098-i-3c-2xy	https://polycab.com/polycab-lv-is-7098-i-3c-2xy/a-5043/p-54748
industries/cables-by-application/pharmaceutical-industry/polycab-lv-is-7098-i-mc-15-2xwy	https://polycab.com/polycab-lv-is-7098-i-mc-15-2xwy/a-5043/p-54758
industries/cables-by-application/utility/polycab-mv-al-bs-6622-19-33kv	https://polycab.com/polycab-mv-al-bs-6622-1933kv/a-5049/p-54979
industries/cables-by-application/renewable-energy/polycab-classic-110-cy-screened-300500v-ac	https://polycab.com/polycab-classic-110-cy-screened-300500v-ac/a-5040/p-55650
industries/cables-by-application/renewable-energy/polycab-mv-is-7098-ii-1c-a2xwaya2xfay-1111kvue	https://polycab.com/polycab-mv-is-7098-ii-1c-a2xwaya2xfay-1111kv-ue/a-3908/p-55081
industries/cables-by-application/renewable-energy/polycab-mv-is-7098-ii-3c-2xwy2xfy-1111kvue	https://polycab.com/polycab-mv-is-7098-ii-3c-2xwy2xfy-1111kv-ue/a-3908/p-55097
industries/cables-by-application/renewable-energy/polycab-mv-is-7098-ii-3c-2xwy2xfy-3333kvue	https://polycab.com/polycab-mv-is-7098-ii-3c-2xwy2xfy-3333kv-ue/a-3908/p-55089
industries/cables-by-application/renewable-energy/polycab-solar-as-nzs-5000-pvc-twist-at	https://polycab.com/polycab-solar-as-nzs-5000-pvc-twist-at/a-5034/p-55507
industries/cables-by-application/renewable-energy/polycab-classic-110-300500v-ac	https://polycab.com/polycab-classic-110-300500v-ac/a-5040/p-55602
industries/cables-by-application/utility/polycab-mv-al-bs-7835-193336kv	https://polycab.com/polycab-mv-al-bs-7835-1933-36-kv/a-5049/p-54947
lighting/downlight/scintillate-deep-integral-led-downlight	https://polycab.com/scintillate-deep-integral-led-downlight-7-wattage-round-red/c-4990/p-54093
industries/cables-by-application/residential/polycab-thhn-al-ul-83-600v	https://polycab.com/polycab-thhn-al-ul-83-600v/a-3901/p-54842
industries/cables-by-application/residential/polycab-type-mc-al-conductor-ul-1569-600v	https://polycab.com/polycab-type-mc-al-conductor-ul-1569-600v/a-5040/p-54951
industries/cables-by-type/others/building-wires/polycab-etira-fr-1100v-ac-is-694	https://polycab.com/polycab-etira-fr-1100v-ac-is-694/a-3901/p-55658
industries/cables-by-application/renewable-energy/polycab-solar-as-nzs-5000-xlpo-twist	https://polycab.com/polycab-solar-as-nzs-5000-xlpo-twist/a-5034/p-55525
lighting/downlight/scintillate-integral-led-downlight	https://polycab.com/scintillate-deep-integral-led-downlight-7-wattage-round-red/c-4990/p-54093
industries/cables-by-application/sugar-industry/polycab-hffr-4xzz-k04xzxz-k-1100v-ac-is-17048-flat-cable	https://polycab.com/polycab-hffr-4xzz-k04xzxz-k-1100v-ac-is-17048-flat-cable/a-5044/p-55646
industries/cables-by-application/sugar-industry/polycab-lv-15-cu-iec-60502-1-061kv-mc-swa	https://polycab.com/polycab-lv-15-cu-iec-60502-1-061kv-mc-swa/a-5043/p-55307
industries/cables-by-application/sugar-industry/polycab-lv-al-iec-60502-1-061kv-mc-2-swa	https://polycab.com/polycab-lv-al-iec-60502-1-061kv-mc-2-swa/a-5046/p-55257
industries/cables-by-application/sugar-industry/polycab-lv-al-iec-60502-1-061kv-mc-3-swa	https://polycab.com/polycab-lv-al-iec-60502-1-061kv-mc-3-swa/a-5046/p-55281
industries/cables-by-application/utility/polycab-mv-al-bs-7870-4-10-1933kv	https://polycab.com/polycab-mv-al-bs-7870-4-10-1933kv/a-3908/p-55017
lighting/downlight/scintillate-led-striker	https://polycab.com/scintillate-led-striker-3-wattage-round-6500k-cool-white/c-4990/p-58006
industries/cables-by-application/sugar-industry/polycab-lv-cu-iec-60502-1-061kv-sc-ua	https://polycab.com/polycab-lv-cu-iec-60502-1-061kv-sc-ua/a-5046/p-55253
industries/cables-by-application/sugar-industry/polycab-lv-is-7098-i-1c-a2xfay-a2xway	https://polycab.com/polycab-lv-is-7098-i-1c-a2xfay-a2xway/a-5043/p-54734
industries/cables-by-application/sugar-industry/polycab-lv-is-7098-i-2c-a2xfy	https://polycab.com/polycab-lv-is-7098-i-2c-a2xfy/a-5043/p-54704
industries/cables-by-application/sugar-industry/polycab-lv-is-7098-i-35c-2xwy	https://polycab.com/polycab-lv-is-7098-i-35c-2xwy/a-5043/p-54710
industries/cables-by-application/utility/polycab-mv-al-iec-60502-2-8715kv	https://polycab.com/polycab-mv-al-iec-60502-2-8715kv/a-3908/p-55417
lighting/downlight/scintillate-slim-integral-led-downlight	https://polycab.com/scintillate-slim-integral-led-downlight-5-wattage-round-6500k-cool-white/c-4990/p-54104
industries/cables-by-application/sugar-industry/polycab-lv-is-7098-i-4c-2xfy	https://polycab.com/polycab-lv-is-7098-i-4c-2xfy/a-5043/p-54724
industries/cables-by-application/sugar-industry/polycab-lv-is-7098-i-4c-2xy	https://polycab.com/polycab-lv-is-7098-i-4c-2xy/a-5046/p-54752
industries/cables-by-application/sugar-industry/polycab-lv-is-7098-i-mc-25-2xy	https://polycab.com/polycab-lv-is-7098-i-mc-25-2xy/a-5043/p-54766
industries/cables-by-application/utility/polycab-ehv-al-al-cor-66kv	https://polycab.com/polycab-ehv-al-al-cor-66kv/a-3908/p-55381
industries/cables-by-application/utility/polycab-mv-cu-bs-6622-3.8-6.6kv	https://polycab.com/polycab-mv-cu-bs-6622-3866kv/a-3908/p-54993
industries/cables-by-application/utility/polycab-ehv-cu-pb-66kv	https://polycab.com/polycab-ehv-cu-pb-66kv/a-3908/p-55359
industries/cables-by-application/utility/polycab-mv-1t-al-xlpe-as-nzs-3866kv	https://polycab.com/polycab-mv-1t-al-xlpe-as-nzs-3866kv/a-3908/p-55181
industries/cables-by-application/utility/polycab-mv-1t-cu-xlpe-as-nzs-63511kv	https://polycab.com/polycab-mv-1t-cu-xlpe-as-nzs-63511kv/a-3908/p-55185
industries/cables-by-application/utility/polycab-mv-35kv-al-ul-1072-epr-133	https://polycab.com/polycab-mv-35kv-al-ul-1072-epr-133/a-3908/p-55441
industries/cables-by-application/utility/polycab-mv-35kv-cu-ul-1072-trxlpe-133	https://polycab.com/polycab-mv-35kv-cu-ul-1072-trxlpe-133/a-3908/p-55453
industries/cables-by-application/utility/polycab-mv-cu-bs-7835-12.7-22-24kv	https://polycab.com/polycab-mv-cu-bs-7835-12722-24-kv/a-3908/p-55009
lighting/downlight/slim-glo-led-jb-downlight	https://polycab.com/slim-glo-led-jb-downlight-3-wattage-round-6500k/c-4990/p-54137
industries/cables-by-application/utility/polycab-mv-3c-cu-epr-iceanema-8kv	https://polycab.com/polycab-mv-3c-cu-epr-iceanema-8kv/a-3908/p-55225
industries/cables-by-application/utility/polycab-mv-3c-cu-epr-iceanema-35kv	https://polycab.com/polycab-mv-3c-cu-epr-iceanema-35kv/a-3908/p-55231
industries/cables-by-application/utility/polycab-mv-al-bs-7835-3.8-6.6-7.2kv	https://polycab.com/polycab-mv-al-bs-7835-3866-72-kv/a-3908/p-55001
industries/cables-by-application/utility/polycab-mv-al-bs-7835-871515kv	https://polycab.com/polycab-mv-al-bs-7835-8715-15-kv/a-3908/p-55005
industries/cables-by-application/utility/polycab-mv-cu-bs-7870-4-10-12722kv-triplex	https://polycab.com/polycab-mv-cu-bs-7870-4-10-12722kv-triplex/a-3908/p-55037
lighting/panel-light/polycab-3-in-1-cct-tri-color-panel-led-light	https://polycab.com/polycab-3-in-1-cct-tri-color-panel-led-light-8-wattage-round-3-in-1-cct/c-4991/p-54381
industries/cables-by-application/utility/polycab-mv-cu-bs-7835-8.7-15-15kv	https://polycab.com/polycab-mv-cu-bs-7835-8715-15-kv/a-3908/p-55013
industries/cables-by-application/utility/polycab-mv-cu-iec-60502-2-6010kv	https://polycab.com/polycab-mv-cu-iec-60502-2-6010kv/a-3908/p-55405
industries/cables-by-type/mv-power-cable/polycab-mv-cu-bs-6622-3866kv	https://polycab.com/polycab-mv-cu-bs-6622-3866kv/a-3908/p-54993
industries/cables-by-application/utility/polycab-mv-cu-bs-7870-4-10-63511kv	https://polycab.com/polycab-mv-cu-bs-7870-4-10-63511kv/a-3908/p-55025
industries/cables-by-standards/bs-7629-1/polycab-ignis-212	https://polycab.com/polycab-ignis-212/a-5047/p-54874
industries/cables-by-application/utility/polycab-mv-sc-al-epr-iceanema-25kv	https://polycab.com/polycab-mv-sc-al-epr-iceanema-25kv/a-3908/p-55219
lighting/panel-light/polycab-deep-drawn-2-2-led-panel	https://polycab.com/polycab-deep-drawn-2star2-led-panel-36-wattage-square-6500k-cool-white/c-4991/p-54466
industries/cables-by-application/utility/polycab-mv-sc-al-epr-iceanema-35kv	https://polycab.com/polycab-mv-sc-al-epr-iceanema-35kv/a-3908/p-55221
industries/cables-by-application/utility/polycab-mv-sc-al-xlpe-as-nzs-19-33kv	https://polycab.com/polycab-mv-sc-al-xlpe-as-nzs-1933kv/a-3908/p-55121
industries/cables-by-application/utility/polycab-mv-sc-al-xlpe-atr-as-nzs-1933kv	https://polycab.com/polycab-mv-sc-al-xlpe-atr-as-nzs-1933kv/a-3908/p-55123
industries/cables-by-application/utility/polycab-mv-sc-cu-xlpe-as-nzs-1.9-3.3kv	https://polycab.com/polycab-mv-sc-cu-xlpe-as-nzs-1933kv/a-3908/p-55119
industries/cables-by-type/others/control-cable/polycab-classic-110-cy-screened-300500v-ac	https://polycab.com/polycab-classic-110-cy-screened-300500v-ac/a-5040/p-55650
lighting/panel-light/polycab-scintillate-pc-3-in-1-cct-frameless-led-panel	https://polycab.com/polycab-scintillate-pc-3-in-1-cct-frameless-led-panel-15-wattage-square-3-in-1-cct/c-4991/p-54345
industries/cables-by-application/water-treatment-and-waste-disposal/polycab-lv-al-iec-60502-1-061kv-mc-2-swa	https://polycab.com/polycab-lv-al-iec-60502-1-061kv-mc-2-swa/a-5046/p-55257
industries/cables-by-application/water-treatment-and-waste-disposal/polycab-lv-al-iec-60502-1-061kv-mc-35-swa	https://polycab.com/polycab-lv-al-iec-60502-1-061kv-mc-35-swa/a-5046/p-55269
industries/cables-by-application/water-treatment-and-waste-disposal/polycab-lv-al-iec-60502-1-061kv-mc-4-sfa	https://polycab.com/polycab-lv-al-iec-60502-1-061kv-mc-4-sfa/a-5046/p-55291
industries/cables-by-application/water-treatment-and-waste-disposal/polycab-lv-al-iec-60502-1-061kv-sc-awa	https://polycab.com/polycab-lv-al-iec-60502-1-061kv-sc-awa/a-5046/p-55245
industries/cables-by-application/utility/polycab-mv-cu-bs-7870-4-10-63511kv-triplex	https://polycab.com/polycab-mv-cu-bs-7870-4-10-63511kv-triplex/a-3908/p-55035
lighting/panel-light/polycab-scintillate-pc-backlit-led-panel-light	https://polycab.com/polycab-scintillate-pc-backlit-led-panel-light-8-wattage-round-6500k-cool-white/c-4991/p-54390
industries/cables-by-application/water-treatment-and-waste-disposal/polycab-lv-cu-iec-60502-1-061kv-mc-35-ua	https://polycab.com/polycab-lv-cu-iec-60502-1-061kv-mc-35-ua/a-5046/p-55277
industries/cables-by-application/water-treatment-and-waste-disposal/polycab-lv-cu-iec-60502-1-061kv-sc-ua	https://polycab.com/polycab-lv-cu-iec-60502-1-061kv-sc-ua/a-5046/p-55253
industries/cables-by-application/water-treatment-and-waste-disposal/polycab-lv-is-7098-i-1c-2xfay-2xway	https://polycab.com/polycab-lv-is-7098-i-1c-2xfay-2xway/a-5043/p-54732
industries/cables-by-application/water-treatment-and-waste-disposal/polycab-lv-is-7098-i-2c-2xwy	https://polycab.com/polycab-lv-is-7098-i-2c-2xwy/a-5043/p-54702
industries/cables-by-application/water-treatment-and-waste-disposal/polycab-lv-is-7098-i-3c-a2xy	https://polycab.com/polycab-lv-is-7098-i-3c-a2xy/a-5046/p-54750
lighting/panel-light/polycab-scintillate-pc-edgelit-led-panel	https://polycab.com/polycab-scintillate-pc-edgelit-led-panel-6-wattage-round-6500k-cool-white/c-4991/p-54350
industries/cables-by-application/water-treatment-and-waste-disposal/polycab-lv-is-7098-i-4c-a2xwy	https://polycab.com/polycab-lv-is-7098-i-4c-a2xwy/a-5043/p-54730
industries/cables-by-application/water-treatment-and-waste-disposal/polycab-lv-is-7098-i-mc-25-2xwy	https://polycab.com/polycab-lv-is-7098-i-mc-25-2xwy/a-5043/p-54764
industries/cables-by-standards/ansiicea-s-93-639/polycab-mv-3c-al-epr-iceanema-25kv	https://polycab.com/polycab-mv-3c-al-epr-iceanema-25kv/a-3908/p-55239
industries/cables-by-standards/ansiicea-s-93-639/polycab-mv-3c-cu-epr-iceanema-35kv	https://polycab.com/polycab-mv-3c-cu-epr-iceanema-35kv/a-3908/p-55231
industries/cables-by-standards/ansiicea-s-93-639/polycab-mv-sc-al-epr-iceanema-25kv	https://polycab.com/polycab-mv-sc-al-epr-iceanema-25kv/a-3908/p-55219
industries/cables-by-application/utility/polycab-mv-cu-iec-60502-2-1830kv	https://polycab.com/polycab-mv-cu-iec-60502-2-1830kv/a-3908/p-55411
industries/cables-by-standards/asnzs-14291/polycab-mv-1t-al-xlpe-as-nzs-12722kv-atr	https://polycab.com/polycab-mv-1t-al-xlpe-as-nzs-12722kv-atr/a-3908/p-55195
lighting/panel-light/polycab-scintillate-pc-frameless-led-panel	https://polycab.com/polycab-scintillate-pc-frameless-led-panel-15-wattage-round-6500k-cool-white/c-4991/p-54317
industries/cables-by-standards/asnzs-14291/polycab-mv-1t-cu-xlpe-as-nzs-1933kv	https://polycab.com/polycab-mv-1t-cu-xlpe-as-nzs-1933kv/a-3908/p-55197
industries/cables-by-standards/asnzs-14291/polycab-mv-1t-cu-xlpe-as-nzs-63511kv	https://polycab.com/polycab-mv-1t-cu-xlpe-as-nzs-63511kv/a-3908/p-55185
industries/cables-by-standards/asnzs-14291/polycab-mv-3c-al-xlpe-as-nzs-12722kv	https://polycab.com/polycab-mv-3c-al-xlpe-as-nzs-12722kv/a-3908/p-55169
industries/cables-by-application/utility/polycab-mv-is-7098-ii-1c-2xway2xfay-1933kve	https://polycab.com/polycab-mv-is-7098-ii-1c-2xway2xfay-1933kv-e/a-3908/p-55055
industries/cables-by-standards/asnzs-14291/polycab-mv-sc-al-xlpe-atr-as-nzs-1933kv	https://polycab.com/polycab-mv-sc-al-xlpe-atr-as-nzs-1933kv/a-3908/p-55123
industries/cables-by-standards/asnzs-14291/polycab-mv-sc-cu-xlpe-as-nzs-1933kv	https://polycab.com/polycab-mv-sc-cu-xlpe-as-nzs-1933kv/a-3908/p-55119
industries/cables-by-standards/bs-6231/polycab-classic-100-bk-6001000v-ac	https://polycab.com/polycab-classic-100-bk-6001000v-ac/a-5040/p-55562
industries/cables-by-standards/bs-6622/polycab-mv-cu-bs-6622-12722kv	https://polycab.com/polycab-mv-cu-bs-6622-12722kv/a-3908/p-54991
industries/cables-by-standards/bs-7211/polycab-6181b-bs-7211-sc-450750v-ac	https://polycab.com/polycab-6181b-bs-7211-sc-450750v-ac/a-3904/p-55487
lighting/panel-light/polycab-scintillate-slim-aluminium-led-panel-light	https://polycab.com/polycab-scintillate-slim-aluminium-led-panel-light-12-wattage-round-6500k-cool-white/c-4991/p-54421
industries/cables-by-application/utility/polycab-mv-is-7098-ii-1c-2xway2xfay-6.35-11kve	https://polycab.com/polycab-mv-is-7098-ii-1c-2xway2xfay-63511kv-e/a-3908/p-55063
industries/cables-by-type/others/control-cable/polycab-classic-110-300500v-ac	https://polycab.com/polycab-classic-110-300500v-ac/a-5040/p-55602
industries/cables-by-standards/bs-7835/polycab-mv-cu-bs-7835-386672kv	https://polycab.com/polycab-mv-cu-bs-7835-3866-72-kv/a-3908/p-55007
industries/cables-by-standards/bs-7846/polycab-ignis-220	https://polycab.com/polycab-ignis-220/a-5047/p-54868
industries/cables-by-standards/bs-7870-4-10/polycab-mv-al-bs-7870-4-10-1933kv-triplex	https://polycab.com/polycab-mv-al-bs-7870-4-10-1933kv-triplex/a-3908/p-55029
industries/cables-by-application/utility/polycab-mv-is-7098-ii-1c-a2xwaya2xfay-19-33kve	https://polycab.com/polycab-mv-is-7098-ii-1c-a2xwaya2xfay-19-33kv-e/a-3908/p-55071
industries/cables-by-standards/bsen-50288-7/polycab-instrumentation-500-mcst	https://polycab.com/polycab-instrumentation-500-mc-st/a-3905/p-54770
industries/cables-by-standards/bsen-50288-7/polycab-instrumentation-500-stpimf	https://polycab.com/polycab-instrumentation-500-st-pimf/a-3905/p-54776
industries/cables-by-standards/bsen-50288-7/polycab-instrumentation-500-tst	https://polycab.com/polycab-instrumentation-500-t-st/a-3905/p-54784
industries/cables-by-standards/bsen-50525-2-21/polycab-h05bn4-f-bsen-50525-2-21-mc-300500v-ac	https://polycab.com/polycab-h05bn4-f-bsen-50525-2-21-mc-300500v-ac/a-5050/p-55588
industries/cables-by-standards/bsen-50288-7/polycab-bms-500-mc-a7	https://polycab.com/polycab-bms-500-mc-a7/a-3901/p-54800
industries/cables-by-application/utility/polycab-mv-is-7098-ii-3c-2xwy2xfy-3.3-3.3kvue	https://polycab.com/polycab-mv-is-7098-ii-3c-2xwy2xfy-3333kv-ue/a-3908/p-55089
lighting/panel-light/polycab-scintillate-slim-surface-led-panel-light	https://polycab.com/polycab-scintillate-slim-surface-led-panel-light-18-wattage-square-4000k-daylightneutral-white/c-4991/p-54458
industries/cables-by-standards/bsen-50525-3-41/polycab-h07z-r-bsen-50525-3-41-450750v-ac	https://polycab.com/polycab-h07z-r-bsen-50525-3-41-450750v-ac/a-5040/p-55321
industries/cables-by-standards/iec-60092-353/polymarine-iec-60092-353-0610kv-fs-armoured-cable	https://polycab.com/polymarine-iec-60092-353-0610kv-fs-armoured-cable/a-5049/p-54906
industries/cables-by-standards/iec-60092-353/polymarine-iec-60092-353-0610kv-fs-uarmoured-cable	https://polycab.com/polymarine-iec-60092-353-0610kv-fs-uarmoured-cable/a-5049/p-54904
industries/cables-by-standards/iec-60092-353/polymarine-iec-60092-353-1830kv-armoured-cable	https://polycab.com/polymarine-iec-60092-353-1830kv-armoured-cable/a-5049/p-54894
industries/cables-by-standards/iec-60092-376/polymarine-instrumentation-pair-250v-fs-br-scr-iec-60092-376	https://polycab.com/polymarine-instrumentation-pair-250v-fs-br-scr-iec-60092-376/a-5049/p-55039
industries/cables-by-application/utility/polycab-mv-is-7098-ii-3c-a2xwya2xfy-1111kvue	https://polycab.com/polycab-mv-is-7098-ii-3c-a2xwya2xfy-1111kv-ue/a-3908/p-55113
industries/cables-by-standards/iec-60502-1/polycab-lv-al-iec-60502-1-061kv-mc-3-swa	https://polycab.com/polycab-lv-al-iec-60502-1-061kv-mc-3-swa/a-5046/p-55281
lighting/led-batten/3-in-1-cct-led-batten	https://polycab.com/3-in-1-cct-led-batten-20-wattage-3-in-1-cct-cool-whitewarm-whitedaylight-white/c-4988/p-54156
lighting/led-batten/neo-slim-led-batten-2ft	https://polycab.com/neo-slim-led-batten-2ft-20-wattage-6500k-cool-white/c-4988/p-54163
industries/cables-by-standards/iec-60502-1/polycab-lv-al-iec-60502-1-061kv-mc-4-swa	https://polycab.com/polycab-lv-al-iec-60502-1-061kv-mc-4-swa/a-5046/p-55293
industries/cables-by-standards/iec-60502-1/polycab-lv-cu-iec-60502-1-061kv-mc-2-swa	https://polycab.com/polycab-lv-cu-iec-60502-1-061kv-mc-2-swa/a-5046/p-55263
industries/cables-by-standards/iec-60502-1/polycab-lv-cu-iec-60502-1-061kv-mc-3-swa	https://polycab.com/polycab-lv-cu-iec-60502-1-061kv-mc-3-swa/a-5046/p-55287
industries/cables-by-application/utility/polycab-mv-sc-al-epr-iceanema-15kv	https://polycab.com/polycab-mv-sc-al-epr-iceanema-15kv/a-3908/p-55217
lighting/outdoor-lights/aglow-led-street-light	https://polycab.com/aglow-led-street-light-24-wattage-pole-mount-type-6500k-cool-white/c-52944/p-54220
industries/cables-by-standards/iec-60502-2/polycab-mv-al-iec-60502-2-1220kv	https://polycab.com/polycab-mv-al-iec-60502-2-1220kv/a-3908/p-55419
industries/cables-by-standards/iec-60840/polycab-ehv-al-al-cor-110kv	https://polycab.com/polycab-ehv-al-al-cor-110kv/a-3908/p-55383
industries/cables-by-standards/iec-60840/polycab-ehv-al-pb-110kv	https://polycab.com/polycab-ehv-al-pb-110kv/a-3908/p-55391
industries/cables-by-standards/is-694/polycab-02yy-k-1100v-ac-is-694	https://polycab.com/polycab-02yy-k-1100v-ac-is-694/a-5046/p-54810
industries/cables-by-application/utility/polycab-mv-sc-al-epr-iceanema-5kv	https://polycab.com/polycab-mv-sc-al-epr-iceanema-5kv/a-3908/p-55213
lighting/outdoor-lights/bulkhead	https://polycab.com/bulkhead-10-wattage-surface-mount-type-6500k-cool-white/c-52944/p-54267
industries/cables-by-application/utility/polycab-mv-sc-al-xlpe-atr-as-nzs-12.7-22kv	https://polycab.com/polycab-mv-sc-al-xlpe-atr-as-nzs-12722kv/a-3908/p-55141
lighting/outdoor-lights/emblaze-led-street-light	https://polycab.com/emblaze-led-street-light-24-wattage-pole-mount-type-6500k-cool-white/c-52944/p-54230
industries/cables-by-standards/ieee-1580/polycab-hydro-type-lsxlpo-mc-ieee-1580-061kv-or-2kv	https://polycab.com/polycab-hydro-type-lsxlpo-mc-ieee-1580-061kv-or-2kv/a-5037/p-55319
industries/cables-by-standards/is-17048/polycab-hffr-01z-k03xz-k-sc-1100v-ac-is-17048	https://polycab.com/polycab-hffr-01z-k03xz-k-sc-1100v-ac-is-17048/a-5044/p-54808
industries/cables-by-standards/is-17048/polycab-hffr-01zz-k03xzz-k-1100v-ac-is-17048	https://polycab.com/polycab-hffr-01zz-k03xzz-k-1100v-ac-is-17048/a-5044/p-54816
lighting/outdoor-lights/gleer-led-flood-light	https://polycab.com/gleer-led-flood-light-30-wattage-surface-mount-type-6500k-cool-white/c-52944/p-54250
industries/cables-by-standards/ansiicea-s-93-639/polycab-mv-sc-al-epr-iceanema-15kv	https://polycab.com/polycab-mv-sc-al-epr-iceanema-15kv/a-3908/p-55217
industries/cables-by-standards/is-7098-i/polycab-lv-is-7098-i-35c-2xfy	https://polycab.com/polycab-lv-is-7098-i-35c-2xfy/a-5043/p-54708
industries/cables-by-standards/is-7098-i/polycab-lv-is-7098-i-3c-a2xfy	https://polycab.com/polycab-lv-is-7098-i-3c-a2xfy/a-5043/p-54720
industries/cables-by-standards/is-7098-i/polycab-lv-is-7098-i-mc-15-2xy	https://polycab.com/polycab-lv-is-7098-i-mc-15-2xy/a-5043/p-54760
industries/cables-by-standards/is-7098-i/polycab-lv-is-7098-i-3c-a2xy	https://polycab.com/polycab-lv-is-7098-i-3c-a2xy/a-5046/p-54750
industries/cables-by-application/utility/polycab-mv-sc-cu-epr-iceanema-25kv	https://polycab.com/polycab-mv-sc-cu-epr-iceanema-25kv/a-3908/p-55209
industries/cables-by-standards/is-7098-ii/polycab-mv-is-7098-ii-1c-2xway2xfay-1933kve	https://polycab.com/polycab-mv-is-7098-ii-1c-2xway2xfay-1933kv-e/a-3908/p-55055
industries/cables-by-standards/is-7098-ii/polycab-mv-is-7098-ii-1c-a2xwaya2xfay-1933kve	https://polycab.com/polycab-mv-is-7098-ii-1c-a2xwaya2xfay-19-33kv-e/a-3908/p-55071
industries/cables-by-standards/is-7098-ii/polycab-mv-is-7098-ii-3c-2xwy-2xfy-1933kve	https://polycab.com/polycab-mv-is-7098-ii-3c-2xwy-2xfy-1933kv-e/a-3908/p-55087
industries/cables-by-standards/is-7098-ii/polycab-mv-is-7098-ii-3c-2xwy2xfy-6666kvue	https://polycab.com/polycab-mv-is-7098-ii-3c-2xwy2xfy-6666kv-ue/a-3908/p-55093
industries/cables-by-standards/is-7098-ii/polycab-mv-is-7098-ii-3c-a2xwya2xfy-3866kve	https://polycab.com/polycab-mv-is-7098-ii-3c-a2xwya2xfy-3866kv-e/a-3908/p-55107
industries/cables-by-standards/is-7098-ii/polycab-mv-is-7098-ii-3c-a2xwya2xfy-63511kve	https://polycab.com/polycab-mv-is-7098-ii-3c-a2xwya2xfy-63511kv-e/a-3908/p-55111
industries/cables-by-application/water-treatment-and-waste-disposal/polycab-02yy-k-1100v-submersible	https://polycab.com/polycab-02yy-k-1100v-submersible/a-5043/p-55634
industries/cables-by-standards/polycab-standard-inter/polycab-classic-110-cy-screened-300500v-ac	https://polycab.com/polycab-classic-110-cy-screened-300500v-ac/a-5040/p-55650
lighting/outdoor-lights/vigaro-opal-led-gate-light	https://polycab.com/vigaro-opal-led-gate-light-24-wattage-pole-mount-type-6500k-cool-white/c-52944/p-54244
industries/cables-by-standards/polycab-standard-inter/polycab-classic-110-black-6001000v-ac	https://polycab.com/polycab-classic-110-black-6001000v-ac/a-5040/p-55600
industries/cables-by-standards/ul-1072/polycab-mv-15kv-al-ul-1072-trxlpe-133	https://polycab.com/polycab-mv-15kv-al-ul-1072-trxlpe-133/a-3908/p-55429
industries/cables-by-standards/ul-1072/polycab-mv-15kv-cu-ul-1072-epr-133	https://polycab.com/polycab-mv-15kv-cu-ul-1072-epr-133/a-3908/p-55433
industries/cables-by-standards/polycab-standard/polycab-classic-110-bk-300500v-ac	https://polycab.com/polycab-classic-110-bk-300500v-ac/a-5040/p-55598
industries/cables-by-application/water-treatment-and-waste-disposal/polycab-h07rn8-f-bsen-50525-2-21-mc-450750v-ac	https://polycab.com/polycab-h07rn8-f-bsen-50525-2-21-mc-450750v-ac/a-5043/p-55580
industries/cables-by-standards/bs-7835/polycab-mv-al-bs-7835-12.7-22-24kv	https://polycab.com/polycab-mv-al-bs-7835-12722-24-kv/a-3908/p-54999
lighting/rope-and-strip-lights/320-led-zuro-cob-strip-light	https://polycab.com/320-led-zuro-cob-strip-light-45-wattage-surface-mount-type-6500k-cool-white/c-52958/p-54303
lighting/led-cob/gliss-cob-track-light-white-hsg	https://polycab.com/gliss-cob-track-light-white-hsg/c-64427/p-64559
industries/cables-by-standards/ul-493/polycab-ufb-cable-ul-493-600v	https://polycab.com/polycab-ufb-cable-ul-493-600v/a-3901/p-54965
industries/cables-by-standards/ul-854/polycab-cu-se-style-r-ul-854-600v	https://polycab.com/polycab-cu-se-style-r-ul-854-600v/a-5035/p-54852
industries/cables-by-standards/ul-83/polycab-thhn-al-ul-83-600v	https://polycab.com/polycab-thhn-al-ul-83-600v/a-3901/p-54842
industries/cables-by-standards/ul-1072/polycab-mv-35kv-cu-ul-1072-trxlpe-133	https://polycab.com/polycab-mv-35kv-cu-ul-1072-trxlpe-133/a-3908/p-55453
lighting/led-cob/gliss-deep-recess-cob-downlight-black-hsg-and-rg-refltr	https://polycab.com/gliss-deep-recess-cob-downlight-black-hsg-rg-refltr/c-64427/p-64430
industries/cables-by-type/lv-power-cable/polycab-bs-6724-sc-awa-lszh-061kv-ac	https://polycab.com/polycab-bs-6724-sc-awa-lszh-061kv-ac/a-3907/p-55455
industries/cables-by-type/ehv-power-cable/polycab-ehv-cu-pb-132kv	https://polycab.com/polycab-ehv-cu-pb-132kv/a-3908/p-55363
industries/cables-by-type/ehv-power-cable/polycab-ehv-cu-pb-220kv	https://polycab.com/polycab-ehv-cu-pb-220kv/a-3908/p-55365
industries/cables-by-application/water-treatment-and-waste-disposal/polycab-lv-al-iec-60502-1-061kv-mc-2-sfa	https://polycab.com/polycab-lv-al-iec-60502-1-061kv-mc-2-sfa/a-5046/p-55255
industries/cables-by-standards/bs-7846/polycab-ignis-200	https://polycab.com/polycab-ignis-200/a-5047/p-54864
industries/cables-by-type/lv-power-cable/polycab-lv-cu-iec-60502-1-061kv-mc-3-sfa	https://polycab.com/polycab-lv-cu-iec-60502-1-061kv-mc-3-sfa/a-5046/p-55285
industries/cables-by-type/mv-power-cable/polycab-mv-cu-bs-7835-1272224kv	https://polycab.com/polycab-mv-cu-bs-7835-12722-24-kv/a-3908/p-55009
industries/cables-by-application/water-treatment-and-waste-disposal/polycab-lv-al-iec-60502-1-061kv-mc-35-sfa	https://polycab.com/polycab-lv-al-iec-60502-1-061kv-mc-35-sfa/a-5046/p-55267
industries/cables-by-type/lv-power-cable/polycab-lv-is-7098-i-2c-a2xy	https://polycab.com/polycab-lv-is-7098-i-2c-a2xy/a-5046/p-54742
industries/cables-by-type/lv-power-cable/polycab-lv-is-7098-i-3c-2xfy	https://polycab.com/polycab-lv-is-7098-i-3c-2xfy/a-5043/p-54716
industries/cables-by-type/lv-power-cable/polycab-lv-is-7098-i-3c-a2xwy	https://polycab.com/polycab-lv-is-7098-i-3c-a2xwy/a-5043/p-54722
industries/cables-by-type/lv-power-cable/polycab-lv-is-7098-i-3c-a2xy	https://polycab.com/polycab-lv-is-7098-i-3c-a2xy/a-5046/p-54750
industries/cables-by-standards/is-7098-ii/polycab-mv-is-7098-ii-1c-a2xwaya2xfay-3866kve	https://polycab.com/polycab-mv-is-7098-ii-1c-a2xwaya2xfay-3866kv-e/a-3908/p-55075
industries/cables-by-type/mv-power-cable/polycab-mv-1t-al-xlpe-as-nzs-12722kv-atr	https://polycab.com/polycab-mv-1t-al-xlpe-as-nzs-12722kv-atr/a-3908/p-55195
industries/cables-by-type/mv-power-cable/polycab-mv-1t-cu-xlpe-as-nzs-1933kv	https://polycab.com/polycab-mv-1t-cu-xlpe-as-nzs-1933kv/a-3908/p-55197
industries/cables-by-type/mv-power-cable/polycab-mv-1t-cu-xlpe-as-nzs-63511kv	https://polycab.com/polycab-mv-1t-cu-xlpe-as-nzs-63511kv/a-3908/p-55185
industries/cables-by-type/mv-power-cable/polycab-mv-3c-al-epr-iceanema-5kv	https://polycab.com/polycab-mv-3c-al-epr-iceanema-5kv/a-3908/p-55233
industries/cables-by-type/mv-power-cable/polycab-mv-15kv-al-ul-1072-trxlpe-133	https://polycab.com/polycab-mv-15kv-al-ul-1072-trxlpe-133/a-3908/p-55429
industries/cables-by-application/water-treatment-and-waste-disposal/polycab-lv-al-iec-60502-1-061kv-sc-sfa	https://polycab.com/polycab-lv-al-iec-60502-1-061kv-sc-sfa/a-5046/p-55247
industries/cables-by-type/mv-power-cable/polycab-mv-3c-cu-epr-iceanema-8kv	https://polycab.com/polycab-mv-3c-cu-epr-iceanema-8kv/a-3908/p-55225
industries/cables-by-type/mv-power-cable/polycab-mv-3c-cu-epr-iceanema-15kv	https://polycab.com/polycab-mv-3c-cu-epr-iceanema-15kv/a-3908/p-55227
industries/cables-by-type/mv-power-cable/polycab-mv-3c-cu-xlpe-as-nzs-63511kv	https://polycab.com/polycab-mv-3c-cu-xlpe-as-nzs-63511kv/a-3908/p-55161
industries/cables-by-type/mv-power-cable/polycab-mv-al-bs-7835-1272224kv	https://polycab.com/polycab-mv-al-bs-7835-12722-24-kv/a-3908/p-54999
industries/cables-by-type/mv-power-cable/polycab-mv-al-bs-7835-6351112kv	https://polycab.com/polycab-mv-al-bs-7835-63511-12-kv/a-3908/p-55003
industries/cables-by-type/mv-power-cable/polycab-mv-cu-bs-7870-4-20-63511kv	https://polycab.com/polycab-mv-cu-bs-7870-4-20-63511kv/a-3908/p-55401
industries/cables-by-type/mv-power-cable/polycab-mv-cu-iec-60502-2-3660kv	https://polycab.com/polycab-mv-cu-iec-60502-2-3660kv/a-3908/p-55403
industries/cables-by-type/mv-power-cable/polycab-mv-is-7098-ii-1c-2xway2xfay-3866kve	https://polycab.com/polycab-mv-is-7098-ii-1c-2xway2xfay-3866kv-e/a-3908/p-55059
industries/cables-by-type/mv-power-cable/polycab-mv-is-7098-ii-1ca2xwaya2xfay-12722kve	https://polycab.com/polycab-mv-is-7098-ii-1ca2xwaya2xfay-12722kv-e/a-3908/p-55083
industries/cables-by-type/mv-power-cable/polycab-mv-is-7098-ii-3c-2xwy2xfy-1111kvue	https://polycab.com/polycab-mv-is-7098-ii-3c-2xwy2xfy-1111kv-ue/a-3908/p-55097
industries/cables-by-type/mv-power-cable/polycab-mv-is-7098-ii-3c-2xwy2xfy-3866kve	https://polycab.com/polycab-mv-is-7098-ii-3c-2xwy2xfy-3866kv-e/a-3908/p-55091
industries/cables-by-standards/bsen-50525-2-11/polycab-h05vv-f-bsen-50525-2-11-mc-300500v-ac	https://polycab.com/polycab-h05vv-f-bsen-50525-2-11-mc-300500v-ac/a-5040/p-54913
industries/cables-by-type/mv-power-cable/polycab-mv-sc-al-epr-iceanema-15kv	https://polycab.com/polycab-mv-sc-al-epr-iceanema-15kv/a-3908/p-55217
industries/cables-by-type/mv-power-cable/polycab-mv-sc-al-xlpe-atr-as-nzs-12722kv	https://polycab.com/polycab-mv-sc-al-xlpe-atr-as-nzs-12722kv/a-3908/p-55141
industries/cables-by-type/mv-power-cable/polycab-mv-sc-cu-epr-iceanema-5kv	https://polycab.com/polycab-mv-sc-cu-epr-iceanema-5kv/a-3908/p-55203
industries/cables-by-type/mv-power-cable/polycab-mv-sc-cu-xlpe-as-nzs-3866kv	https://polycab.com/polycab-mv-sc-cu-xlpe-as-nzs-3866kv/a-3908/p-55125
industries/cables-by-type/others/building-wires/polycab-hffr-01z-k03xz-k-1100v-ac-is-17048	https://polycab.com/polycab-hffr-01z-k03xz-k-1100v-ac-is-17048/a-5044/p-54925
industries/cables-by-type/others/defence/polycab-h05ss-k-bsen-50525-2-41-sc-300500v-ac	https://polycab.com/polycab-h05ss-k-bsen-50525-2-41-sc-300500v-ac/a-5050/p-54941
industries/cables-by-application/water-treatment-and-waste-disposal/polycab-lv-cu-iec-60502-1-061kv-mc-2-sfa	https://polycab.com/polycab-lv-cu-iec-60502-1-061kv-mc-2-sfa/a-5046/p-55261
industries/cables-by-type/others/building-wires/polycab-hffr-04xz-r-sc-1100v-ac-is-17048	https://polycab.com/polycab-hffr-04xz-r-sc-1100v-ac-is-17048/a-5042/p-55640
industries/cables-by-type/others/control-cable/polycab-classic-100-cy-450750v-ac	https://polycab.com/polycab-classic-100-cy-450750v-ac/a-5040/p-55558
industries/cables-by-type/others/control-cable/polycab-h05z1z1-f-bsen-50525-3-11-300500v-ac	https://polycab.com/polycab-h05z1z1-f-bsen-50525-3-11-300500v-ac/a-5051/p-54911
industries/cables-by-type/others/control-cable/polycab-type-dk-bs-6231-switch-gear-and-control-gear-wiring-061kv-ac	https://polycab.com/polycab-type-dk-bs-6231-switch-gear-control-gear-wiring-061kv-ac/a-5040/p-54838
industries/cables-by-type/others/domestic-appliance-and-lighting-cable/polycab-6241b6242b6243b-bs-7211-mc-300500v-ac	https://polycab.com/polycab-6241b6242b6243b-bs-7211-mc-300500v-ac/a-3904/p-55491
industries/cables-by-type/others/domestic-appliance-and-lighting-cable/polycab-h03vvh2-f-bsen-50525-2-11-mc-300300v-ac	https://polycab.com/polycab-h03vvh2-f-bsen-50525-2-11-mc-300300v-ac/a-5040/p-55540
industries/cables-by-type/others/domestic-appliance-and-lighting-cable/polycab-h05v2v2d3-f-bsen-50525-2-11-mc-300500v-ac	https://polycab.com/polycab-h05v2v2d3-f-bsen-50525-2-11-mc-300500v-ac/a-5040/p-55542
industries/cables-by-type/others/domestic-appliance-and-lighting-cable/polycab-h07v-k-bsen-50525-2-31-sc-450750v-ac	https://polycab.com/polycab-h07v-k-bsen-50525-2-31-sc-450750v-ac/a-5040/p-55329
industries/cables-by-type/others/fire-protection-cable/polycab-ignis-242	https://polycab.com/polycab-ignis-242/a-5047/p-54886
industries/cables-by-type/others/high-temperature-cable/polycab-h07bn4-f-bsen-50525-2-21-mc-450750v-ac	https://polycab.com/polycab-h07bn4-f-bsen-50525-2-21-mc-450750v-ac/a-5050/p-55584
industries/cables-by-type/others/high-temperature-cable/polycab-sir-g-1100v-ac-is-9968-1	https://polycab.com/polycab-sir-g-1100v-ac-is-9968-1/a-5050/p-54929
industries/cables-by-type/others/industrial-cable/polycab-02yy-k-1100v-submersible	https://polycab.com/polycab-02yy-k-1100v-submersible/a-5043/p-55634
industries/cables-by-application/water-treatment-and-waste-disposal/polycab-lv-cu-iec-60502-1-061kv-mc-4-ua	https://polycab.com/polycab-lv-cu-iec-60502-1-061kv-mc-4-ua/a-5046/p-55301
industries/cables-by-type/others/industrial-cable/polycab-festoon-flat-4sqmm-multicore-cable	https://polycab.com/polycab-festoon-flat-4sqmm-multicore-cable/a-5040/p-55503
industries/cables-by-type/others/industrial-cable/polycab-classic-100-cy-450750v-ac	https://polycab.com/polycab-classic-100-cy-450750v-ac/a-5040/p-55558
industries/cables-by-type/others/industrial-cable/polycab-flexible-cords-type-sjtho3vv-f-ul-62-300v-ac	https://polycab.com/polycab-flexible-cords-type-sjtho3vv-f-ul-62-300v-ac/a-5040/p-54975
industries/cables-by-type/others/industrial-cable/polycab-h05s-uh05s-k-bsen-50525-2-41-sc-300500v-ac	https://polycab.com/polycab-h05s-uh05s-k-bsen-50525-2-41-sc-300500v-ac/a-5050/p-54943
industries/cables-by-type/others/industrial-cable/polycab-classic-100-cy-300500v-ac	https://polycab.com/polycab-classic-100-cy-300500v-ac/a-5040/p-55552
industries/cables-by-standards/ul-83/polycab-thhn-cu-ul-83-600v	https://polycab.com/polycab-thhn-cu-ul-83-600v/a-3901/p-54840
industries/cables-by-type/others/industrial-cable/polycab-hffr-01zz-r03xzz-r-1100v-ac-is-17048	https://polycab.com/polycab-hffr-01zz-r03xzz-r-1100v-ac-is-17048/a-5042/p-55656
industries/cables-by-type/others/industrial-cable/polycab-hffr-04xzz-k04xzxz-k-1100v-ac-is-17048	https://polycab.com/polycab-hffr-04xzz-k04xzxz-k-1100v-ac-is-17048/a-5044/p-54818
industries/cables-by-type/others/industrial-cable/polycab-rr-e-1100v-ac-is-9968-1	https://polycab.com/polycab-rr-e-1100v-ac-is-9968-1/a-5038/p-55566
industries/cables-by-type/others/industrial-cable/polycab-rr-reinforced1100v-ac-is-9968-1	https://polycab.com/polycab-rr-reinforced-1100v-ac-is-9968-1/a-5038/p-55578
industries/cables-by-application/water-treatment-and-waste-disposal/polycab-lv-is-7098-i-2c-2xy	https://polycab.com/polycab-lv-is-7098-i-2c-2xy/a-5043/p-54740
industries/cables-by-type/others/marine-and-offshoreonshore-cable/polycab-h05gg-fh05ggh2-f-bsen-50525-2-21-mc-300500v-ac	https://polycab.com/polycab-h05gg-fh05ggh2-f-bsen-50525-2-21-mc-300500v-ac/a-5050/p-55590
industries/cables-by-type/others/marine-and-offshoreonshore-cable/polycab-h07bb-f-bsen-50525-2-21-mc-450750v-ac	https://polycab.com/polycab-h07bb-f-bsen-50525-2-21-mc-450750v-ac/a-5050/p-55582
industries/cables-by-type/others/marine-and-offshoreonshore-cable/polycab-rr-e-1100v-ac-is-9968-1	https://polycab.com/polycab-rr-e-1100v-ac-is-9968-1/a-5038/p-55566
industries/cables-by-type/others/marine-and-offshoreonshore-cable/polycab-sir-s-1100v-ac-is-9968-1	https://polycab.com/polycab-sir-s-1100v-ac-is-9968-1/a-5050/p-54933
industries/cables-by-application/water-treatment-and-waste-disposal/polycab-lv-is-7098-i-35c-a2xwy	https://polycab.com/polycab-lv-is-7098-i-35c-a2xwy/a-5043/p-54714
industries/cables-by-standards/bs-6004/polycab-6192y6193y-bs-6004-mc-300500v-ac	https://polycab.com/polycab-6192y6193y-bs-6004-mc-300500v-ac/a-3904/p-55475
industries/cables-by-type/others/rubber-cable/polycab-h03s-k-bsen-50525-2-41-sc-300300v-ac	https://polycab.com/polycab-h03s-k-bsen-50525-2-41-sc-300300v-ac/a-5050/p-54937
industries/cables-by-type/others/rubber-cable/polycab-h07rn-f-bsen-50525-2-21-mc-450750v-ac	https://polycab.com/polycab-h07rn-f-bsen-50525-2-21-mc-450750v-ac/a-5050/p-54832
industries/cables-by-type/others/rubber-cable/polycab-rr-reinforced1100v-ac-is-9968-1	https://polycab.com/polycab-rr-reinforced-1100v-ac-is-9968-1/a-5038/p-55578
industries/cables-by-type/renewable-energy/polycab-solar-as-nzs-5000-pvc-at	https://polycab.com/polycab-solar-as-nzs-5000-pvc-at/a-5034/p-55505
industries/cables-by-type/renewable-energy/polycab-solar-as-nzs-5000-pvc-twist	https://polycab.com/polycab-solar-as-nzs-5000-pvc-twist/a-5034/p-55509
industries/cables-by-application/water-treatment-and-waste-disposal/polycab-lv-is-7098-i-3c-2xwy	https://polycab.com/polycab-lv-is-7098-i-3c-2xwy/a-5043/p-54718
industries/cables-by-type/renewable-energy/polycab-solar-h1z2z2-k-bsen-50618-twin	https://polycab.com/polycab-solar-h1z2z2-k-bsen-50618-twin/a-5034/p-55533
industries/cables-by-application/water-treatment-and-waste-disposal/polycab-lv-is-7098-i-mc-15-2xfy	https://polycab.com/polycab-lv-is-7098-i-mc-15-2xfy/a-5043/p-54756
industries/cables-by-application/automation-and-process-control/polycab-h05vvh2-f-bsen-50525-2-11-mc-300500v-ac	https://polycab.com/polycab-h05vvh2-f-bsen-50525-2-11-mc-300500v-ac/a-5040/p-55544
solar/dc-mcb	https://polycab.com/dc-mcb-sp-pole-05-ampere-6ka-breaking-capacity/c-5007/p-55950
switches-accessories/accessories/2-pin-4-mtr	https://polycab.com/2-pin-4-mtr-flex-boxes-6-ampere-whiteplusgrey/c-20067/p-56792
cable-terminal/aluminium	https://polycab.com/zoomer-prime-1200mm-sweep-3-aluminium-blades-choco-brown/c-4981/p-53827
switches-accessories/accessories/2-pin-1-5-mtr-2-usb-2-socket	https://polycab.com/2-pin-15-mtr-2-usb-2-socket-spike-guards-6-ampere-whiteplusgrey/c-20066/p-56805
solar/solar-grid-tie-inverter/three-phase	https://polycab.com/5-kw-three-phase-single-mppt-grid-tie-inverter/c-63946/p-63987
switches-accessories/accessories/2pin-5-mtr	https://polycab.com/2pin-5-mtr-flex-boxes-6-ampere-orangepluswhite/c-20067/p-56794
switches-accessories/accessories/3-pin-plug-top	https://polycab.com/3-pin-plug-top-plug-tops-6-ampere-white/c-20064/p-56128
switches-accessories/accessories/3-pin-4-plus1-3-mtr	https://polycab.com/2-pin-4-mtr-flex-boxes-6-ampere-whiteplusgrey/c-20067/p-56792
industries/cables-by-application/automation-and-process-control/polycab-classic-100-450750v-ac	https://polycab.com/polycab-classic-100-450750v-ac/a-5040/p-55556
industries/cables-by-application/automation-and-process-control/polycab-classic-110-sy-screened-300500v-ac	https://polycab.com/polycab-classic-110-sy-screened-300500v-ac/a-5040/p-55606
switches-accessories/accessories/batten-holder	https://polycab.com/modular-batten-holder-lamp-holders-2-ampere-white/c-20068/p-56115
switches-accessories/accessories/jumbo-ceiling-rose-2-terminal	https://polycab.com/jumbo-ceiling-rose-2-terminal-6-ampere-white/c-20070/p-56076
industries/cables-by-application/automation-and-process-control/polycab-type-ck-bs-6231-switch-gear-and-control-gear-wiring-061kv-ac	https://polycab.com/polycab-type-ck-bs-6231-switch-gear-control-gear-wiring-061kv-ac/a-5040/p-54836
industries/cables-by-application/automation-and-process-control/polycab-type-mc-pvc-jacketed-cu-conductor-ul-1569-600v	https://polycab.com/polycab-type-mc-pvc-jacketed-cu-conductor-ul-1569-600v/a-5040/p-54862
industries/cables-by-application/cement-industry/polycab-h05gg-fh05ggh2-f-bsen-50525-2-21-mc-300500v-ac	https://polycab.com/polycab-h05gg-fh05ggh2-f-bsen-50525-2-21-mc-300500v-ac/a-5050/p-55590
industries/cables-by-application/cement-industry/polycab-h05sj-uh05sj-k-bsen-50525-2-41-sc-300500v-ac	https://polycab.com/polycab-h05sj-uh05sj-k-bsen-50525-2-41-sc-300500v-ac/a-5050/p-54939
industries/cables-by-application/cement-industry/polycab-hffr-01z-k03xz-k-sc-1100v-ac-is-17048	https://polycab.com/polycab-hffr-01z-k03xz-k-sc-1100v-ac-is-17048/a-5044/p-54808
switches-accessories/accessories/lamp-holder	https://polycab.com/modular-angle-holder-lamp-holders-2-ampere-white/c-20068/p-56112
switches-accessories/accessories/one-universal-plus-two-2pin	https://polycab.com/one-universal-plus-two-2pin-multi-plug-6-ampere-white-grey/c-20065/p-56796
industries/cables-by-application/cement-industry/polycab-lv-al-iec-60502-1-061kv-mc-3-swa	https://polycab.com/polycab-lv-al-iec-60502-1-061kv-mc-3-swa/a-5046/p-55281
industries/cables-by-application/cement-industry/polycab-lv-al-iec-60502-1-061kv-mc-35-ua	https://polycab.com/polycab-lv-al-iec-60502-1-061kv-mc-35-ua/a-5046/p-55271
industries/cables-by-application/cement-industry/polycab-lv-cu-iec-60502-1-061kv-mc-2-swa	https://polycab.com/polycab-lv-cu-iec-60502-1-061kv-mc-2-swa/a-5046/p-55263
industries/cables-by-application/cement-industry/polycab-lv-cu-iec-60502-1-061kv-mc-3-sfa	https://polycab.com/polycab-lv-cu-iec-60502-1-061kv-mc-3-sfa/a-5046/p-55285
industries/cables-by-application/cement-industry/polycab-lv-cu-iec-60502-1-061kv-mc-3-ua	https://polycab.com/polycab-lv-cu-iec-60502-1-061kv-mc-3-ua/a-5046/p-55289
wires/polycab-optima-plus	https://polycab.com/optima-mini-pedestal-fan-400mm-sweep-5-blades-black-with-copper-motor/c-4984/p-53779
industries/cables-by-application/cement-industry/polycab-lv-is-7098-i-1c-2xfay-2xway	https://polycab.com/polycab-lv-is-7098-i-1c-2xfay-2xway/a-5043/p-54732
industries/cables-by-application/cement-industry/polycab-lv-is-7098-i-35c-2xwy	https://polycab.com/polycab-lv-is-7098-i-35c-2xwy/a-5043/p-54710
industries/cables-by-application/cement-industry/polycab-lv-is-7098-i-35c-a2xfy	https://polycab.com/polycab-lv-is-7098-i-35c-a2xfy/a-5043/p-54712
industries/cables-by-application/cement-industry/polycab-lv-is-7098-i-3c-a2xy	https://polycab.com/polycab-lv-is-7098-i-3c-a2xy/a-5046/p-54750
industries/cables-by-application/cement-industry/polycab-lv-is-7098-i-4c-a2xfy	https://polycab.com/polycab-lv-is-7098-i-4c-a2xfy/a-5043/p-54728
industries/cables-by-application/cement-industry/polycab-lv-is-7098-i-mc-15-2xy	https://polycab.com/polycab-lv-is-7098-i-mc-15-2xy/a-5043/p-54760
wires/polycab-green-wire	https://polycab.com/polycab-green-wire-hr-fr-lsh-lf-1-sq-mm-180-meters-yellow/c-5020/p-54547
switchgears/distribution-board	https://polycab.com/distribution-board-single-door-grey-white-spn-phase-4w/c-5005/p-55684
industries/cables-by-application/defence-and-armaments-industry/polycab-h05ss-k-bsen-50525-2-41-sc-300500v-ac	https://polycab.com/polycab-h05ss-k-bsen-50525-2-41-sc-300500v-ac/a-5050/p-54941
industries/cables-by-application/defence-and-armaments-industry/polycab-sir-g-1100v-ac-is-9968-1	https://polycab.com/polycab-sir-g-1100v-ac-is-9968-1/a-5050/p-54929
industries/cables-by-application/healthcare/polycab-6241b6242b6243b-bs-7211-mc-300500v-ac	https://polycab.com/polycab-6241b6242b6243b-bs-7211-mc-300500v-ac/a-3904/p-55491
industries/cables-by-application/healthcare/polycab-bms-300-mc-c4	https://polycab.com/polycab-bms-300-mc-c4/a-3901/p-54794
industries/cables-by-application/healthcare/polycab-h05z-uh07z-u-bsen-50525-3-41-sc-300500vand450750v-ac	https://polycab.com/polycab-h05z-uh07z-u-bsen-50525-3-41-sc-300500v450750v-ac/a-5040/p-55323
industries/cables-by-application/mining-drilling-and-tunneling/polycab-cu-hofr-is-9857-welding-cable	https://polycab.com/polycab-cu-hofr-is-9857-welding-cable/a-5038/p-55636
industries/cables-by-application/mass-transit-railways-and-marine/polycab-mv-cu-bs-7835-193336kv	https://polycab.com/polycab-mv-cu-bs-7835-1933-36-kv/a-5049/p-54949
industries/cables-by-application/mass-transit-railways-and-marine/polymarine-iec-60092-354-8715kv	https://polycab.com/polymarine-iec-60092-354-8715kv/a-5049/p-54900
industries/cables-by-application/mass-transit-railways-and-marine/polymarine-instrumentation-pair-250v-fs-br-scr-iec-60092-376	https://polycab.com/polymarine-instrumentation-pair-250v-fs-br-scr-iec-60092-376/a-5049/p-55039
industries/cables-by-application/metal-industry/polycab-hffr-01zz-k03xzz-k-1100v-ac-is-17048	https://polycab.com/polycab-hffr-01zz-k03xzz-k-1100v-ac-is-17048/a-5044/p-54816
industries/cables-by-application/pharmaceutical-industry/polycab-lv-al-iec-60502-1-061kv-sc-ua	https://polycab.com/polycab-lv-al-iec-60502-1-061kv-sc-ua/a-5046/p-55243
industries/cables-by-application/mining-drilling-and-tunneling/polycab-mv-cu-is-9968-2-63511e-or-6666uekv	https://polycab.com/polycab-mv-cu-is-9968-2-63511-e-or-6666-ue-kv/a-5038/p-55612
industries/cables-by-application/mining-drilling-and-tunneling/polycab-rr-c-1100v-ac-is-9968-1	https://polycab.com/polycab-rr-c-1100v-ac-is-9968-1/a-5038/p-55574
industries/cables-by-application/oil-gas-and-petrochemical/polycab-hydro-type-tc-eritc-er-cic-tctype-p-os	https://polycab.com/polycab-hydro-type-tc-eritc-er-cic-tc-type-p-os/a-5037/p-55483
industries/cables-by-application/oil-gas-and-petrochemical/polycab-hydro-type-tc-eritc-er-cic-tctype-sp-os	https://polycab.com/polycab-hydro-type-tc-eritc-er-cic-tc-type-sp-os/a-5037/p-55485
industries/cables-by-application/oil-gas-and-petrochemical/polycab-type-mc-pvc-jacketed-cu-conductor-ul-1569-600v	https://polycab.com/polycab-type-mc-pvc-jacketed-cu-conductor-ul-1569-600v/a-5040/p-54862
industries/cables-by-application/pharmaceutical-industry/polycab-hffr-01z-r03xz-r-sc-1100v-ac-is-17048	https://polycab.com/polycab-hffr-01z-r03xz-r-sc-1100v-ac-is-17048/a-5042/p-55648
switchgears/mcb-switch	https://polycab.com/mcb-changeover-switch-dp-pole-25-ampere/c-5004/p-55831
industries/cables-by-application/pharmaceutical-industry/polycab-ignis-214	https://polycab.com/polycab-ignis-214/a-5047/p-54878
industries/cables-by-application/pharmaceutical-industry/polycab-lv-15-cu-iec-60502-1-061kv-mc-sfa	https://polycab.com/polycab-lv-15-cu-iec-60502-1-061kv-mc-sfa/a-5043/p-55305
industries/cables-by-application/pharmaceutical-industry/polycab-lv-al-iec-60502-1-061kv-mc-2-sfa	https://polycab.com/polycab-lv-al-iec-60502-1-061kv-mc-2-sfa/a-5046/p-55255
industries/cables-by-application/pharmaceutical-industry/polycab-lv-al-iec-60502-1-061kv-mc-2-ua	https://polycab.com/polycab-lv-al-iec-60502-1-061kv-mc-2-ua/a-5046/p-55259
industries/cables-by-application/pharmaceutical-industry/polycab-lv-al-iec-60502-1-061kv-mc-3-swa	https://polycab.com/polycab-lv-al-iec-60502-1-061kv-mc-3-swa/a-5046/p-55281
industries/cables-by-application/utility/polycab-mv-is-7098-ii-1c-a2xway-a2xfay-19-33kv-e	https://polycab.com/polycab-mv-is-7098-ii-1c-a2xwaya2xfay-19-33kv-e/a-3908/p-55071
industries/cables-by-application/pharmaceutical-industry/polycab-lv-cu-iec-60502-1-061kv-mc-4-swa	https://polycab.com/polycab-lv-cu-iec-60502-1-061kv-mc-4-swa/a-5046/p-55299
industries/cables-by-application/pharmaceutical-industry/polycab-lv-is-7098-i-2c-a2xy	https://polycab.com/polycab-lv-is-7098-i-2c-a2xy/a-5046/p-54742
industries/cables-by-application/pharmaceutical-industry/polycab-lv-is-7098-i-3c-2xwy	https://polycab.com/polycab-lv-is-7098-i-3c-2xwy/a-5043/p-54718
industries/cables-by-application/pharmaceutical-industry/polycab-lv-is-7098-i-3c-a2xfy	https://polycab.com/polycab-lv-is-7098-i-3c-a2xfy/a-5043/p-54720
industries/cables-by-application/pharmaceutical-industry/polycab-lv-is-7098-i-3c-a2xy	https://polycab.com/polycab-lv-is-7098-i-3c-a2xy/a-5046/p-54750
industries/cables-by-application/renewable-energy/polycab-al-solar-ul-4703-2000v-ac	https://polycab.com/polycab-al-solar-ul-4703-2000v-ac/a-5034/p-54850
industries/cables-by-application/renewable-energy/polycab-classic-100-cy-300500v-ac	https://polycab.com/polycab-classic-100-cy-300500v-ac/a-5040/p-55552
industries/cables-by-application/renewable-energy/polycab-classic-100-sy-300500v-ac	https://polycab.com/polycab-classic-100-sy-300500v-ac/a-5040/p-55554
industries/cables-by-application/renewable-energy/polycab-mv-is-7098-ii-1c-2xway2xfay-1933kve	https://polycab.com/polycab-mv-is-7098-ii-1c-2xway2xfay-1933kv-e/a-3908/p-55055
industries/cables-by-application/renewable-energy/polycab-mv-is-7098-ii-1c-a2xwaya2xfay-3333kvue	https://polycab.com/polycab-mv-is-7098-ii-1c-a2xwaya2xfay-3333kv-ue/a-3908/p-55073
industries/cables-by-application/renewable-energy/polycab-mv-is-7098-ii-3c-2xwy-2xfy-1933kve	https://polycab.com/polycab-mv-is-7098-ii-3c-2xwy-2xfy-1933kv-e/a-3908/p-55087
industries/cables-by-application/renewable-energy/polycab-mv-is-7098-ii-3c-2xwy2xfy-63511kve	https://polycab.com/polycab-mv-is-7098-ii-3c-2xwy2xfy-63511kv-e/a-3908/p-55095
industries/cables-by-application/renewable-energy/polycab-solar-as-nzs-5000-rfh-twist-at	https://polycab.com/polycab-solar-as-nzs-5000-rfh-twist-at/a-5034/p-55517
industries/cables-by-application/renewable-energy/polycab-solar-h1z2z2-k-bsen-50618-twin-at	https://polycab.com/polycab-solar-h1z2z2-k-bsen-50618-twin-at/a-5034/p-55535
industries/cables-by-application/sugar-industry/polycab-hffr-01z-k03xz-k-1100v-ac-is-17048	https://polycab.com/polycab-hffr-01z-k03xz-k-1100v-ac-is-17048/a-5044/p-54925
industries/cables-by-application/sugar-industry/polycab-hffr-01zz-k03xzz-k-1100v-ac-is-17048-flat-cable	https://polycab.com/polycab-hffr-01zz-k03xzz-k-1100v-ac-is-17048-flat-cable/a-5044/p-55644
industries/cables-by-application/sugar-industry/polycab-hffr-04xz-k-sc-1100v-ac-is-17048	https://polycab.com/polycab-hffr-04xz-k-sc-1100v-ac-is-17048/a-5044/p-54806
industries/cables-by-application/sugar-industry/polycab-lv-15-cu-iec-60502-1-061kv-mc-ua	https://polycab.com/polycab-lv-15-cu-iec-60502-1-061kv-mc-ua/a-5043/p-55303
industries/cables-by-application/sugar-industry/polycab-lv-al-iec-60502-1-061kv-mc-3-sfa copy	https://polycab.com/polycab-lv-al-iec-60502-1-061kv-mc-3-sfa/a-5046/p-55279
industries/cables-by-application/sugar-industry/polycab-lv-al-iec-60502-1-061kv-mc-35-ua	https://polycab.com/polycab-lv-al-iec-60502-1-061kv-mc-35-ua/a-5046/p-55271
industries/cables-by-application/sugar-industry/polycab-lv-cu-iec-60502-1-061kv-mc-3-swa	https://polycab.com/polycab-lv-cu-iec-60502-1-061kv-mc-3-swa/a-5046/p-55287
industries/cables-by-application/sugar-industry/polycab-lv-cu-iec-60502-1-061kv-mc-35-sfa	https://polycab.com/polycab-lv-cu-iec-60502-1-061kv-mc-35-sfa/a-5046/p-55273
industries/cables-by-application/sugar-industry/polycab-lv-is-7098-i-1c-2xy	https://polycab.com/polycab-lv-is-7098-i-1c-2xy/a-5046/p-54736
industries/cables-by-application/it-industry/polycab-instrumentation-300-stpimf	https://polycab.com/polycab-instrumentation-300-st-pimf/a-3905/p-54772
industries/cables-by-application/sugar-industry/polycab-lv-is-7098-i-2c-2xy	https://polycab.com/polycab-lv-is-7098-i-2c-2xy/a-5043/p-54740
industries/cables-by-application/sugar-industry/polycab-lv-is-7098-i-35c-a2xwy	https://polycab.com/polycab-lv-is-7098-i-35c-a2xwy/a-5043/p-54714
industries/cables-by-application/sugar-industry/polycab-lv-is-7098-i-3c-2xfy	https://polycab.com/polycab-lv-is-7098-i-3c-2xfy/a-5043/p-54716
industries/cables-by-application/utility/polycab-ehv-al-al-cor-110kv	https://polycab.com/polycab-ehv-al-al-cor-110kv/a-3908/p-55383
industries/cables-by-application/utility/polycab-ehv-al-pb-110kv	https://polycab.com/polycab-ehv-al-pb-110kv/a-3908/p-55391
industries/cables-by-application/power-and-network/polycab-bs-5467-mc-061kv-ac	https://polycab.com/polycab-bs-5467-mc-061kv-ac/a-3907/p-55467
industries/cables-by-application/utility/polycab-mv-3c-al-xlpe-as-nzs-6.35-11kv	https://polycab.com/polycab-mv-3c-al-xlpe-as-nzs-63511kv/a-3908/p-55163
industries/cables-by-application/utility/polycab-mv-3c-cu-xlpe-as-nzs-12722kv	https://polycab.com/polycab-mv-3c-cu-xlpe-as-nzs-12722kv/a-3908/p-55167
industries/cables-by-application/utility/polycab-mv-3c-cu-xlpe-as-nzs-6.35-11kv	https://polycab.com/polycab-mv-3c-cu-xlpe-as-nzs-63511kv/a-3908/p-55161
industries/cables-by-application/utility/polycab-mv-al-bs-7835-12.7-22-24kv	https://polycab.com/polycab-mv-al-bs-7835-12722-24-kv/a-3908/p-54999
industries/cables-by-application/utility/polycab-mv-cu-bs-6622-8.7-15kv	https://polycab.com/polycab-mv-cu-bs-6622-8715kv/a-3908/p-54997
industries/cables-by-application/utility/polycab-mv-cu-bs-7870-4-10-1933kv-triplex	https://polycab.com/polycab-mv-cu-bs-7870-4-10-1933kv-triplex/a-3908/p-55033
industries/cables-by-application/power-and-network/polycab-bs-6724-mc-swa-lszh-061kv-ac	https://polycab.com/polycab-bs-6724-mc-swa-lszh-061kv-ac/a-3907/p-55457
industries/cables-by-application/power-and-network/polycab-bs-6724-sc-awa-lszh-1933kv-ac	https://polycab.com/polycab-bs-6724-sc-awa-lszh-1933kv-ac/a-3907/p-55459
industries/cables-by-application/utility/polycab-mv-is-7098-ii-3c-a2xwya2xfy-1933kve	https://polycab.com/polycab-mv-is-7098-ii-3c-a2xwya2xfy-1933kv-e/a-3908/p-55103
industries/cables-by-application/utility/polycab-mv-is-7098-ii-3c-a2xwya2xfy-63511kve	https://polycab.com/polycab-mv-is-7098-ii-3c-a2xwya2xfy-63511kv-e/a-3908/p-55111
industries/cables-by-application/utility/polycab-mv-sc-al-xlpe-atr-as-nzs-19-33kv	https://polycab.com/polycab-mv-sc-al-xlpe-atr-as-nzs-1933kv/a-3908/p-55123
industries/cables-by-application/utility/polycab-mv-sc-cu-xlpe-as-nzs-12.7-22kv	https://polycab.com/polycab-mv-sc-cu-xlpe-as-nzs-12722kv/a-3908/p-55137
industries/cables-by-application/utility/polycab-mv15kv-cu-ul-1072-trxlpe-133	https://polycab.com/polycab-mv15kv-cu-ul-1072-trxlpe-133/a-3908/p-55437
industries/cables-by-application/it-industry/polycab-instrumentation-500-stpimf	https://polycab.com/polycab-instrumentation-500-st-pimf/a-3905/p-54776
industries/cables-by-application/water-treatment-and-waste-disposal/polycab-lv-cu-iec-60502-1-061kv-mc-4-sfa	https://polycab.com/polycab-lv-cu-iec-60502-1-061kv-mc-4-sfa/a-5046/p-55297
industries/cables-by-application/water-treatment-and-waste-disposal/polycab-lv-cu-iec-60502-1-061kv-sc-awa	https://polycab.com/polycab-lv-cu-iec-60502-1-061kv-sc-awa/a-5046/p-55249
industries/cables-by-application/water-treatment-and-waste-disposal/polycab-lv-is-7098-i-2c-2xfy	https://polycab.com/polycab-lv-is-7098-i-2c-2xfy/a-5043/p-54700
industries/cables-by-application/water-treatment-and-waste-disposal/polycab-lv-is-7098-i-35c-a2xy	https://polycab.com/polycab-lv-is-7098-i-35c-a2xy/a-5046/p-54746
industries/cables-by-standards/asnzs-14291/polycab-mv-1t-cu-xlpe-as-nzs-3866kv	https://polycab.com/polycab-mv-1t-cu-xlpe-as-nzs-3866kv/a-3908/p-55179
industries/cables-by-standards/ansiicea-s-93-639/polycab-mv-3c-cu-epr-iceanema-8kv	https://polycab.com/polycab-mv-3c-cu-epr-iceanema-8kv/a-3908/p-55225
industries/cables-by-application/water-treatment-and-waste-disposal/polycab-lv-is-7098-i-4c-a2xy	https://polycab.com/polycab-lv-is-7098-i-4c-a2xy/a-5046/p-54754
industries/cables-by-standards/ansiicea-s-93-639/polycab-mv-3c-al-epr-iceanema-8kv	https://polycab.com/polycab-mv-3c-al-epr-iceanema-8kv/a-3908/p-55235
industries/cables-by-standards/ansiicea-s-93-639/polycab-mv-3c-cu-epr-iceanema-15kv	https://polycab.com/polycab-mv-3c-cu-epr-iceanema-15kv/a-3908/p-55227
industries/cables-by-standards/ansinema-wc-74icea-s-93-639/polycab-mv-cu-ul-1072-5kv-xlpe-100-or-133	https://polycab.com/polycab-mv-cu-ul-1072-5kv-xlpe-100-or-133/a-3908/p-55397
industries/cables-by-standards/as-nzs-5000/polycab-solar-as-nzs-5000-rfh-twist-at	https://polycab.com/polycab-solar-as-nzs-5000-rfh-twist-at/a-5034/p-55517
industries/cables-by-standards/as-nzs-5000/polycab-solar-as-nzs-5000-xlpo-twist	https://polycab.com/polycab-solar-as-nzs-5000-xlpo-twist/a-5034/p-55525
industries/cables-by-application/it-industry/polycab-lv-cu-iec-60502-1-061kv-sc-awa	https://polycab.com/polycab-lv-cu-iec-60502-1-061kv-sc-awa/a-5046/p-55249
industries/cables-by-standards/asnzs-14291/polycab-mv-sc-cu-xlpe-as-nzs-3866kv	https://polycab.com/polycab-mv-sc-cu-xlpe-as-nzs-3866kv/a-3908/p-55125
industries/cables-by-standards/bs-6231/polycab-type-ck-bs-6231-switch-gear-and-control-gear-wiring-061kv-ac	https://polycab.com/polycab-type-ck-bs-6231-switch-gear-control-gear-wiring-061kv-ac/a-5040/p-54836
industries/cables-by-standards/bs-6231/polycab-type-dk-bs-6231-switch-gear-and-control-gear-wiring-061kv-ac	https://polycab.com/polycab-type-dk-bs-6231-switch-gear-control-gear-wiring-061kv-ac/a-5040/p-54838
industries/cables-by-standards/bs-6724/polycab-ignis-242	https://polycab.com/polycab-ignis-242/a-5047/p-54886
industries/cables-by-standards/bs-7629-1/polycab-ignis-215	https://polycab.com/polycab-ignis-215/a-5047/p-54880
industries/cables-by-standards/iec-60840/polycab-ehv-cu-al-cor-110kv	https://polycab.com/polycab-ehv-cu-al-cor-110kv/a-3908/p-55353
industries/cables-by-application/it-industry/polycab-lv-is-7098-i-35c-a2xwy	https://polycab.com/polycab-lv-is-7098-i-35c-a2xwy/a-5043/p-54714
industries/cables-by-standards/bs-en-50525-2-51/polycab-classic-100-sy-300500v-ac	https://polycab.com/polycab-classic-100-sy-300500v-ac/a-5040/p-55554
industries/cables-by-standards/bsen-50288-7/polycab-bms-300-mc-a7	https://polycab.com/polycab-bms-300-mc-a7/a-3901/p-54796
industries/cables-by-standards/bsen-50525-2-11/polycab-h03vv-f-bsen-50525-2-11-mc-300300v-ac	https://polycab.com/polycab-h03vv-f-bsen-50525-2-11-mc-300300v-ac/a-5040/p-55538
industries/cables-by-standards/bsen-50525-2-21/polycab-h05gg-fh05ggh2-f-bsen-50525-2-21-mc-300500v-ac	https://polycab.com/polycab-h05gg-fh05ggh2-f-bsen-50525-2-21-mc-300500v-ac/a-5050/p-55590
industries/cables-by-standards/bsen-50525-2-21/polycab-h07bn4-f-bsen-50525-2-21-mc-450750v-ac	https://polycab.com/polycab-h07bn4-f-bsen-50525-2-21-mc-450750v-ac/a-5050/p-55584
industries/cables-by-standards/bsen-50525-2-31/polycab-h07v-uh07v-r-bsen-50525-2-31-sc-450750v-ac	https://polycab.com/polycab-h07v-uh07v-r-bsen-50525-2-31-sc-450750v-ac/a-5040/p-55331
industries/cables-by-application/it-industry/polycab-lv-is-7098-i-3c-a2xfy	https://polycab.com/polycab-lv-is-7098-i-3c-a2xfy/a-5043/p-54720
industries/cables-by-standards/bsen-50618/polycab-solar-h1z2z2-k-bsen-50618-at	https://polycab.com/polycab-solar-h1z2z2-k-bsen-50618-at/a-5034/p-55531
industries/cables-by-standards/iec-60092-354/polymarine-iec-60092-354-1220kv	https://polycab.com/polymarine-iec-60092-354-1220kv/a-5049/p-54902
industries/cables-by-standards/iec-60092-354/polymarine-iec-60092-354-8715kv	https://polycab.com/polymarine-iec-60092-354-8715kv/a-5049/p-54900
industries/cables-by-standards/iec-60502-1/polycab-lv-15-cu-iec-60502-1-061kv-mc-ua	https://polycab.com/polycab-lv-15-cu-iec-60502-1-061kv-mc-ua/a-5043/p-55303
industries/cables-by-standards/iec-60502-1/polycab-lv-25-cu-iec-60502-1-061kv-mc-ua	https://polycab.com/polycab-lv-25-cu-iec-60502-1-061kv-mc-ua/a-5043/p-55309
industries/cables-by-standards/iec-60502-1/polycab-lv-al-iec-60502-1-061kv-mc-2-swa	https://polycab.com/polycab-lv-al-iec-60502-1-061kv-mc-2-swa/a-5046/p-55257
industries/cables-by-standards/ansiicea-s-93-639/polycab-mv-3c-al-epr-iceanema-15kv	https://polycab.com/polycab-mv-3c-al-epr-iceanema-15kv/a-3908/p-55237
industries/cables-by-standards/iec-60502-1/polycab-lv-al-iec-60502-1-061kv-sc-awa	https://polycab.com/polycab-lv-al-iec-60502-1-061kv-sc-awa/a-5046/p-55245
industries/cables-by-standards/iec-60502-1/polycab-lv-cu-iec-60502-1-061kv-mc-35-sfa	https://polycab.com/polycab-lv-cu-iec-60502-1-061kv-mc-35-sfa/a-5046/p-55273
industries/cables-by-standards/iec-60502-2/polycab-mv-al-iec-60502-2-1830kv	https://polycab.com/polycab-mv-al-iec-60502-2-1830kv/a-3908/p-55421
industries/cables-by-standards/iec-60502-2/polycab-mv-cu-iec-60502-2-3660kv	https://polycab.com/polycab-mv-cu-iec-60502-2-3660kv/a-3908/p-55403
industries/cables-by-standards/iec-60840/polycab-ehv-al-al-cor-66kv	https://polycab.com/polycab-ehv-al-al-cor-66kv/a-3908/p-55381
industries/cables-by-standards/iec-60840/polycab-ehv-al-pb-66kv	https://polycab.com/polycab-ehv-al-pb-66kv/a-3908/p-55389
industries/cables-by-application/utility/polycab-mv-3c-cu-epr-iceanema-5kv	https://polycab.com/polycab-mv-3c-cu-epr-iceanema-5kv/a-3908/p-55223
industries/cables-by-standards/is-17048/polycab-hffr-01zz-k03xzz-k-1100v-ac-is-17048-flat-cable	https://polycab.com/polycab-hffr-01zz-k03xzz-k-1100v-ac-is-17048-flat-cable/a-5044/p-55644
industries/cables-by-standards/is-17048/polycab-hffr-04xz-r-sc-1100v-ac-is-17048	https://polycab.com/polycab-hffr-04xz-r-sc-1100v-ac-is-17048/a-5042/p-55640
industries/cables-by-standards/is-694/polycab-01y-k-1100v-ac-is-694-twin-parallel-and-twisted	https://polycab.com/polycab-01y-k-1100v-ac-is-694-twin-parallel-twisted/a-5040/p-55632
industries/cables-by-standards/is-694/polycab-hr-fr-lsh-lf-green-wire-1100v-ac-is-694	https://polycab.com/polycab-hr-fr-lsh-lf-green-wire-1100v-ac-is-694/a-3901/p-54921
industries/cables-by-standards/is-7098-i/polycab-lv-is-7098-i-35c-2xwy	https://polycab.com/polycab-lv-is-7098-i-35c-2xwy/a-5043/p-54710
industries/cables-by-standards/is-7098-i/polycab-lv-is-7098-i-35c-a2xfy	https://polycab.com/polycab-lv-is-7098-i-35c-a2xfy/a-5043/p-54712
industries/cables-by-standards/bs-5467/polycab-bs-5467-mc-1933kv-ac	https://polycab.com/polycab-bs-5467-mc-1933kv-ac/a-3907/p-55471
industries/cables-by-standards/bsen-50288-7/polycab-instrumentation-500-pst	https://polycab.com/polycab-instrumentation-500-p-st/a-3905/p-54774
industries/cables-by-standards/is-7098-i/polycab-lv-is-7098-i-3c-2xwy	https://polycab.com/polycab-lv-is-7098-i-3c-2xwy/a-5043/p-54718
industries/cables-by-standards/is-7098-i/polycab-lv-is-7098-i-4c-2xy	https://polycab.com/polycab-lv-is-7098-i-4c-2xy/a-5046/p-54752
industries/cables-by-standards/is-7098-i/polycab-lv-is-7098-i-mc-25-2xy	https://polycab.com/polycab-lv-is-7098-i-mc-25-2xy/a-5043/p-54766
industries/cables-by-standards/is-7098-ii/polycab-mv-is-7098-ii-1c-2xway2xfay-1933kve copy	https://polycab.com/polycab-mv-is-7098-ii-1c-2xway2xfay-1933kv-e/a-3908/p-55055
industries/cables-by-standards/is-7098-ii/polycab-mv-is-7098-ii-1c-a2xwaya2xfay-6666kvue	https://polycab.com/polycab-mv-is-7098-ii-1c-a2xwaya2xfay-6666kv-ue/a-3908/p-55077
industries/cables-by-type/mv-power-cable/polycab-mv-cu-bs-7870-4-10-63511kv	https://polycab.com/polycab-mv-cu-bs-7870-4-10-63511kv/a-3908/p-55025
industries/cables-by-standards/is-9968-1/polycab-rr-reinforced1100v-ac-is-9968-1	https://polycab.com/polycab-rr-reinforced-1100v-ac-is-9968-1/a-5038/p-55578
industries/cables-by-standards/polycab-standard/polycab-classic-110-black-6001000v-ac	https://polycab.com/polycab-classic-110-black-6001000v-ac/a-5040/p-55600
industries/cables-by-standards/polycab-standard/polycab-classic-110-sy-screened-300500v-ac	https://polycab.com/polycab-classic-110-sy-screened-300500v-ac/a-5040/p-55606
industries/cables-by-standards/polycab-standard-inter/polycab-classic-110-orange-300500v-ac	https://polycab.com/polycab-classic-110-orange-300500v-ac/a-5040/p-55604
industries/cables-by-standards/polycab-standard-inter/polycab-classic-110-sy-screened-300500v-ac	https://polycab.com/polycab-classic-110-sy-screened-300500v-ac/a-5040/p-55606
industries/cables-by-type/others/building-wires/polycab-fr-lf-1100v-ac-is-694	https://polycab.com/polycab-fr-lf-1100v-ac-is-694/a-3901/p-54919
industries/cables-by-application/utility/polycab-mv-1t-al-xlpe-as-nzs-19-33kv	https://polycab.com/polycab-mv-1t-al-xlpe-as-nzs-1933kv/a-3908/p-55199
industries/cables-by-standards/ul-1277/polycab-cu-type-tctc-er-thhnthwn-2-16-awg-tray-cable	https://polycab.com/polycab-cu-type-tctc-er-thhnthwn-2-16-awg-tray-cable/a-3904/p-54959
industries/cables-by-standards/ul-1596/polycab-type-mc-pvc-jacketed-al-conductor-ul-1569-600v	https://polycab.com/polycab-type-mc-pvc-jacketed-al-conductor-ul-1569-600v/a-5040/p-54953
industries/cables-by-standards/ul-2250/polycab-hydro-type-tc-eritc-er-cic-tctype-p-os	https://polycab.com/polycab-hydro-type-tc-eritc-er-cic-tc-type-p-os/a-5037/p-55483
industries/cables-by-standards/ul-62/polycab-flexible-cords-type-sjoow-ul-62-300v	https://polycab.com/polycab-flexible-cords-type-sjoow-ul-62-300v/a-5040/p-54971
industries/cables-by-standards/ul-854/polycab-al-se-style-r-ul-854-600v	https://polycab.com/polycab-al-se-style-r-ul-854-600v/a-5035/p-54854
industries/cables-by-type/ehv-power-cable/polycab-ehv-al-al-cor-110kv	https://polycab.com/polycab-ehv-al-al-cor-110kv/a-3908/p-55383
industries/cables-by-application/power-and-network/polycab-bs-6724-mc-swa-lszh-1933kv-ac	https://polycab.com/polycab-bs-6724-mc-swa-lszh-1933kv-ac/a-3907/p-55461
industries/cables-by-type/ehv-power-cable/polycab-ehv-cu-al-cor-66kv	https://polycab.com/polycab-ehv-cu-al-cor-66kv/a-3908/p-55351
industries/cables-by-type/instrumentation-cable/polycab-bms-300-mc-a7	https://polycab.com/polycab-bms-300-mc-a7/a-3901/p-54796
industries/cables-by-type/lv-power-cable/polycab-lv-al-iec-60502-1-061kv-mc-2-sfa	https://polycab.com/polycab-lv-al-iec-60502-1-061kv-mc-2-sfa/a-5046/p-55255
industries/cables-by-type/others/control-cable/polycab-classic-100-450750v-ac	https://polycab.com/polycab-classic-100-450750v-ac/a-5040/p-55556
industries/cables-by-application/residential/polycab-bms-300-mc-a7	https://polycab.com/polycab-bms-300-mc-a7/a-3901/p-54796
industries/cables-by-type/lv-power-cable/polycab-lv-al-iec-60502-1-061kv-mc-4-swa	https://polycab.com/polycab-lv-al-iec-60502-1-061kv-mc-4-swa/a-5046/p-55293
industries/cables-by-type/lv-power-cable/polycab-lv-cu-iec-60502-1-061kv-mc-35-sfa	https://polycab.com/polycab-lv-cu-iec-60502-1-061kv-mc-35-sfa/a-5046/p-55273
industries/cables-by-type/lv-power-cable/polycab-lv-cu-iec-60502-1-061kv-mc-35-ua	https://polycab.com/polycab-lv-cu-iec-60502-1-061kv-mc-35-ua/a-5046/p-55277
industries/cables-by-type/lv-power-cable/polycab-lv-cu-iec-60502-1-061kv-sc-awa	https://polycab.com/polycab-lv-cu-iec-60502-1-061kv-sc-awa/a-5046/p-55249
industries/cables-by-type/lv-power-cable/polycab-lv-is-7098-i-2c-2xfy	https://polycab.com/polycab-lv-is-7098-i-2c-2xfy/a-5043/p-54700
industries/cables-by-standards/bs-6724/polycab-bs-6724-sc-awa-lszh-061kv-ac	https://polycab.com/polycab-bs-6724-sc-awa-lszh-061kv-ac/a-3907/p-55455
industries/cables-by-type/lv-power-cable/polycab-lv-is-7098-i-2c-a2xwy	https://polycab.com/polycab-lv-is-7098-i-2c-a2xwy/a-5043/p-54706
industries/cables-by-type/lv-power-cable/polycab-lv-is-7098-i-35c-a2xfy	https://polycab.com/polycab-lv-is-7098-i-35c-a2xfy/a-5043/p-54712
industries/cables-by-type/lv-power-cable/polycab-lv-is-7098-i-4c-2xfy	https://polycab.com/polycab-lv-is-7098-i-4c-2xfy/a-5043/p-54724
industries/cables-by-type/lv-power-cable/polycab-lv-is-7098-i-4c-a2xfy	https://polycab.com/polycab-lv-is-7098-i-4c-a2xfy/a-5043/p-54728
industries/cables-by-type/mv-power-cable/polycab-mv-15kv-al-1072-trxlpe-100	https://polycab.com/polycab-mv-15kv-al-1072-trxlpe-100/a-3908/p-55427
industries/cables-by-type/mv-power-cable/polycab-mv-1t-al-xlpe-as-nzs-3866kv-atr	https://polycab.com/polycab-mv-1t-al-xlpe-as-nzs-3866kv-atr/a-3908/p-55183
industries/cables-by-type/ehv-power-cable/polycab-ehv-cu-al-cor-132kv	https://polycab.com/polycab-ehv-cu-al-cor-132kv/a-3908/p-55355
industries/cables-by-type/mv-power-cable/polycab-mv-35kv-cu-ul-1072-epr-133	https://polycab.com/polycab-mv-35kv-cu-ul-1072-epr-133/a-3908/p-55449
industries/cables-by-type/mv-power-cable/polycab-mv-35kv-cu-ul-1072-trxlpe-100	https://polycab.com/polycab-mv-35kv-cu-ul-1072-trxlpe-100/a-3908/p-55451
industries/cables-by-type/mv-power-cable/polycab-mv-3c-al-xlpe-atr-as-nzs-12722kv	https://polycab.com/polycab-mv-3c-al-xlpe-atr-as-nzs-12722kv/a-3908/p-55171
industries/cables-by-type/mv-power-cable/polycab-mv-3c-cu-xlpe-as-nzs-3866kv	https://polycab.com/polycab-mv-3c-cu-xlpe-as-nzs-3866kv/a-3908/p-55155
industries/cables-by-type/mv-power-cable/polycab-mv-al-bs-7835-871515kv	https://polycab.com/polycab-mv-al-bs-7835-8715-15-kv/a-3908/p-55005
industries/cables-by-type/mv-power-cable/polycab-mv-cu-bs-6622-63511kv	https://polycab.com/polycab-mv-cu-bs-6622-63511kv/a-5051/p-54995
industries/cables-by-standards/bs-6724/polycab-bs-6724-mc-swa-lszh-061kv-ac	https://polycab.com/polycab-bs-6724-mc-swa-lszh-061kv-ac/a-3907/p-55457
industries/cables-by-type/mv-power-cable/polycab-mv-cu-iec-60502-2-1220kv	https://polycab.com/polycab-mv-cu-iec-60502-2-1220kv/a-3908/p-55409
industries/cables-by-type/mv-power-cable/polycab-mv-is-7098-ii-1c-2xway2xfay-12722kve	https://polycab.com/polycab-mv-is-7098-ii-1c-2xway2xfay-12722kv-e/a-3908/p-55067
industries/cables-by-type/mv-power-cable/polycab-mv-is-7098-ii-1c-2xway2xfay-63511kve	https://polycab.com/polycab-mv-is-7098-ii-1c-2xway2xfay-63511kv-e/a-3908/p-55063
industries/cables-by-type/mv-power-cable/polycab-mv-is-7098-ii-3c-2xwy2xfy-1933kve	https://polycab.com/polycab-mv-is-7098-ii-3c-2xwy-2xfy-1933kv-e/a-3908/p-55087
industries/cables-by-type/mv-power-cable/polycab-mv-is-7098-ii-3c-a2xwya2xfy-1933kve	https://polycab.com/polycab-mv-is-7098-ii-3c-a2xwya2xfy-1933kv-e/a-3908/p-55103
industries/cables-by-type/mv-power-cable/polycab-mv-sc-al-epr-iceanema-25kv	https://polycab.com/polycab-mv-sc-al-epr-iceanema-25kv/a-3908/p-55219
industries/cables-by-type/mv-power-cable/polycab-mv-sc-al-epr-iceanema-35kv	https://polycab.com/polycab-mv-sc-al-epr-iceanema-35kv/a-3908/p-55221
industries/cables-by-standards/is-7098-i/polycab-lv-is-7098-i-2c-a2xwy	https://polycab.com/polycab-lv-is-7098-i-2c-a2xwy/a-5043/p-54706
industries/cables-by-type/lv-power-cable/polycab-bs-6724-mc-swa-lszh-061kv-ac	https://polycab.com/polycab-bs-6724-mc-swa-lszh-061kv-ac/a-3907/p-55457
industries/cables-by-type/others/control-cable/polycab-cu-type-tctc-er-thhnthwn-2-16-awg-tray-cable	https://polycab.com/polycab-cu-type-tctc-er-thhnthwn-2-16-awg-tray-cable/a-3904/p-54959
industries/cables-by-type/others/control-cable/polycab-lv-15-cu-iec-60502-1-061kv-mc-ua	https://polycab.com/polycab-lv-15-cu-iec-60502-1-061kv-mc-ua/a-5043/p-55303
industries/cables-by-type/others/control-cable/polycab-lv-is-7098-i-mc-25-2xfy	https://polycab.com/polycab-lv-is-7098-i-mc-25-2xfy/a-5043/p-54762
industries/cables-by-type/others/defence/polycab-h07bn4-f-bsen-50525-2-21-mc-450750v-ac	https://polycab.com/polycab-h07bn4-f-bsen-50525-2-21-mc-450750v-ac/a-5050/p-55584
industries/cables-by-type/others/defence/polycab-sir-1100v-ac-is-9968-1	https://polycab.com/polycab-sir-1100v-ac-is-9968-1/a-5050/p-54935
industries/cables-by-standards/bsen-50288-7/polycab-instrumentation-500-sttimf	https://polycab.com/polycab-instrumentation-500-st-timf/a-3905/p-54782
industries/cables-by-type/others/domestic-appliance-and-lighting-cable/polycab-h05v2-kh07v2-k-bsen-50525-2-31-sc-300500vand450750v-ac	https://polycab.com/polycab-h05v2-kh07v2-k-bsen-50525-2-31-sc-300500v450750v-ac/a-5040/p-55327
industries/cables-by-type/others/domestic-appliance-and-lighting-cable/polycab-type-mc-pvc-jacketed-cu-conductor-ul-1569-600v	https://polycab.com/polycab-type-mc-pvc-jacketed-cu-conductor-ul-1569-600v/a-5040/p-54862
industries/cables-by-type/others/fire-protection-cable/polycab-firealarm-armoured-cable	https://polycab.com/polycab-firealarm-armoured-cable/a-5047/p-54786
industries/cables-by-type/others/fire-protection-cable/polycab-ignis-220	https://polycab.com/polycab-ignis-220/a-5047/p-54868
industries/cables-by-type/others/high-temperature-cable/polycab-h05bb-f-bsen-50525-2-21-mc-300500v-ac	https://polycab.com/polycab-h05bb-f-bsen-50525-2-21-mc-300500v-ac/a-5050/p-55586
industries/cables-by-application/renewable-energy/polycab-mv-is-7098-ii-3c-a2xwya2xfy-1933kve	https://polycab.com/polycab-mv-is-7098-ii-3c-a2xwya2xfy-1933kv-e/a-3908/p-55103
industries/cables-by-standards/polycab-standard/polycab-cctv-cable	https://polycab.com/polycab-cctv-cable/a-3905/p-54804
industries/cables-by-type/others/industrial-cable/polycab-02yy-k-1100v-ac-is-694	https://polycab.com/polycab-02yy-k-1100v-ac-is-694/a-5046/p-54810
industries/cables-by-type/others/industrial-cable/polycab-al-se-style-u-ul-854-600v	https://polycab.com/polycab-al-se-style-u-ul-854-600v/a-5035/p-54858
industries/cables-by-type/others/industrial-cable/polycab-cu-type-tctc-er-thhnthwn-2-16-awg-tray-cable	https://polycab.com/polycab-cu-type-tctc-er-thhnthwn-2-16-awg-tray-cable/a-3904/p-54959
industries/cables-by-type/others/industrial-cable/polycab-flexible-cords-type-sjoow-ul-62-300v	https://polycab.com/polycab-flexible-cords-type-sjoow-ul-62-300v/a-5040/p-54971
industries/cables-by-type/others/industrial-cable/polycab-flexible-cords-type-soow-ul-62-600v	https://polycab.com/polycab-flexible-cords-type-soow-ul-62-600v/a-5040/p-54973
industries/cables-by-type/others/industrial-cable/polycab-h05bb-f-bsen-50525-2-21-mc-300500v-ac	https://polycab.com/polycab-h05bb-f-bsen-50525-2-21-mc-300500v-ac/a-5050/p-55586
industries/cables-by-application/utility/polycab-mv-is-7098-ii-1c-a2xwaya2xfay-3.8-6.6kve	https://polycab.com/polycab-mv-is-7098-ii-1c-a2xwaya2xfay-3866kv-e/a-3908/p-55075
industries/cables-by-type/others/industrial-cable/polycab-hffr-01z-r03xz-r-sc-1100v-ac-is-17048	https://polycab.com/polycab-hffr-01z-r03xz-r-sc-1100v-ac-is-17048/a-5042/p-55648
industries/cables-by-type/others/industrial-cable/polycab-hffr-01zz-k03xzz-k-mc-1100v-ac-is-17048	https://polycab.com/polycab-hffr-01zz-k03xzz-k-mc-1100v-ac-is-17048/a-5044/p-54820
industries/cables-by-type/others/industrial-cable/polycab-rr-e-1100v-ac-is-9968-1 copy	https://polycab.com/polycab-mv-cu-is-9968-2-12722-e-or-1111-ue-kv/a-5038/p-55614
industries/cables-by-type/others/industrial-cable/polycab-sir-1100v-ac-is-9968-1	https://polycab.com/polycab-sir-1100v-ac-is-9968-1/a-5050/p-54935
industries/cables-by-type/others/industrial-cable/polycab-type-dk-bs-6231-switch-gear-and-control-gear-wiring-061kv-ac	https://polycab.com/polycab-type-dk-bs-6231-switch-gear-control-gear-wiring-061kv-ac/a-5040/p-54838
industries/cables-by-application/utility/polycab-mv-cu-bs-7835-193336kv	https://polycab.com/polycab-mv-cu-bs-7835-1933-36-kv/a-5049/p-54949
industries/cables-by-standards/bs-7870-4-20/polycab-mv-cu-bs-7870-4-20-63511kv	https://polycab.com/polycab-mv-cu-bs-7870-4-20-63511kv/a-3908/p-55401
industries/cables-by-type/others/marine-and-offshoreonshore-cable/polycab-h05sj-uh05sj-k-bsen-50525-2-41-sc-300500v-ac	https://polycab.com/polycab-h05sj-uh05sj-k-bsen-50525-2-41-sc-300500v-ac/a-5050/p-54939
industries/cables-by-type/others/marine-and-offshoreonshore-cable/polycab-hydro-type-tc-eritc-er-cic-tctype-sp-os	https://polycab.com/polycab-hydro-type-tc-eritc-er-cic-tc-type-sp-os/a-5037/p-55485
industries/cables-by-type/others/marine-and-offshoreonshore-cable/polycab-sir-1100v-ac-is-9968-1	https://polycab.com/polycab-sir-1100v-ac-is-9968-1/a-5050/p-54935
industries/cables-by-type/others/marine-and-offshoreonshore-cable/polymarine-iec-60092-353-0610kv-fs-armoured-cable	https://polycab.com/polymarine-iec-60092-353-0610kv-fs-armoured-cable/a-5049/p-54906
industries/cables-by-type/others/marine-and-offshoreonshore-cable/polymarine-instrumentation-pair-250v-fs-isos-iec-60092-376	https://polycab.com/polymarine-instrumentation-pair-250v-fs-isos-iec-60092-376/a-5049/p-55045
industries/cables-by-standards/bs-7835/polycab-mv-cu-bs-7835-193336kv	https://polycab.com/polycab-mv-cu-bs-7835-1933-36-kv/a-5049/p-54949
industries/cables-by-type/others/rubber-cable/polycab-h05sj-uh05sj-k-bsen-50525-2-41-sc-300500v-ac	https://polycab.com/polycab-h05sj-uh05sj-k-bsen-50525-2-41-sc-300500v-ac/a-5050/p-54939
industries/cables-by-type/others/rubber-cable/polycab-h05ss-k-bsen-50525-2-41-sc-300500v-ac	https://polycab.com/polycab-h05ss-k-bsen-50525-2-41-sc-300500v-ac/a-5050/p-54941
industries/cables-by-type/others/rubber-cable/polycab-rr-e-mc-1100v-ac-is-9968-1	https://polycab.com/polycab-rr-e-mc-1100v-ac-is-9968-1/a-5038/p-55568
industries/cables-by-type/others/rubber-cable/polycab-rr-p-mc-1100v-ac-is-9968-1	https://polycab.com/polycab-rr-p-mc-1100v-ac-is-9968-1/a-5038/p-55572
industries/cables-by-type/renewable-energy/polycab-solar-as-nzs-5000-pvc-twist-at	https://polycab.com/polycab-solar-as-nzs-5000-pvc-twist-at/a-5034/p-55507
industries/cables-by-type/renewable-energy/polycab-cu-solar-ul-4703-2000v-ac	https://polycab.com/polycab-cu-solar-ul-4703-2000v-ac/a-5034/p-54848
industries/cables-by-type/renewable-energy/polycab-solar-as-nzs-5000-xlpo-twist-at	https://polycab.com/polycab-solar-as-nzs-5000-xlpo-twist-at/a-5034/p-55527
industries/cables-by-standards/bsen-50288-7/polycab-instrumentation-300-mcst	https://polycab.com/polycab-instrumentation-300-mc-st/a-3905/p-54768
industries/cables-by-application/automation-and-process-control/polycab-h05v2-uh05v2-rh07v2-uh07v2-r-bsen-50525-2-31-sc-300500vand450750v-ac	https://polycab.com/polycab-01y-r-sc-1100v-ac-is-694/a-5040/p-55628
industries/cables-by-application/automation-and-process-control/polycab-type-dk-bs-6231-switch-gear-and-control-gear-wiring-061kv-ac	https://polycab.com/polycab-type-dk-bs-6231-switch-gear-control-gear-wiring-061kv-ac/a-5040/p-54838
industries/cables-by-application/cement-industry/polycab-h07bb-f-bsen-50525-2-21-mc-450750v-ac	https://polycab.com/polycab-h07bb-f-bsen-50525-2-21-mc-450750v-ac/a-5050/p-55582
industries/cables-by-application/cement-industry/polycab-lv-al-iec-60502-1-061kv-mc-2-swa	https://polycab.com/polycab-lv-al-iec-60502-1-061kv-mc-2-swa/a-5046/p-55257
industries/cables-by-application/cement-industry/polycab-lv-al-iec-60502-1-061kv-sc-sfa	https://polycab.com/polycab-lv-al-iec-60502-1-061kv-sc-sfa/a-5046/p-55247
industries/cables-by-standards/iec-60840/polycab-ehv-cu-al-cor-132kv	https://polycab.com/polycab-ehv-cu-al-cor-132kv/a-3908/p-55355
industries/cables-by-application/cement-industry/polycab-lv-is-7098-i-1c-2xy	https://polycab.com/polycab-lv-is-7098-i-1c-2xy/a-5046/p-54736
industries/cables-by-application/cement-industry/polycab-lv-is-7098-i-mc-25-2xy	https://polycab.com/polycab-lv-is-7098-i-mc-25-2xy/a-5043/p-54766
industries/cables-by-application/defence-and-armaments-industry/polycab-h05bb-f-bsen-50525-2-21-mc-300500v-ac	https://polycab.com/polycab-h05bb-f-bsen-50525-2-21-mc-300500v-ac/a-5050/p-55586
industries/cables-by-application/defence-and-armaments-industry/polycab-h07bb-f-bsen-50525-2-21-mc-450750v-ac	https://polycab.com/polycab-h07bb-f-bsen-50525-2-21-mc-450750v-ac/a-5050/p-55582
industries/cables-by-application/defence-and-armaments-industry/polycab-sir-1100v-ac-is-9968-1	https://polycab.com/polycab-sir-1100v-ac-is-9968-1/a-5050/p-54935
industries/cables-by-application/food-and-beverages/polycab-hffr-04xzz-r04xzxz-r-1100v-ac-is-17048	https://polycab.com/polycab-hffr-04xzz-r04xzxz-r-1100v-ac-is-17048/a-5042/p-55642
industries/cables-by-standards/is-7098-i/polycab-lv-is-7098-i-1c-2xy	https://polycab.com/polycab-lv-is-7098-i-1c-2xy/a-5046/p-54736
industries/cables-by-standards/is-7098-i/polycab-lv-is-7098-i-35c-2xy	https://polycab.com/polycab-lv-is-7098-i-35c-2xy/a-5046/p-54744
industries/cables-by-type/instrumentation-cable/polycab-bms-500-mc-a7	https://polycab.com/polycab-bms-500-mc-a7/a-3901/p-54800
industries/cables-by-application/mass-transit-railways-and-marine/polycab-mv-al-bs-7835-193336kv	https://polycab.com/polycab-mv-al-bs-7835-1933-36-kv/a-5049/p-54947
industries/cables-by-application/mass-transit-railways-and-marine/polymarine-instrumentation-pair-250v-fs-br-isos-iec-60092-376	https://polycab.com/polymarine-instrumentation-pair-250v-fs-br-isos-iec-60092-376/a-5049/p-55041
industries/cables-by-application/metal-industry/polycab-hffr-01z-k03xz-k-sc-1100v-ac-is-17048	https://polycab.com/polycab-hffr-01z-k03xz-k-sc-1100v-ac-is-17048/a-5044/p-54808
industries/cables-by-application/pharmaceutical-industry/polycab-hffr-04xz-r-sc-1100v-ac-is-17048	https://polycab.com/polycab-hffr-04xz-r-sc-1100v-ac-is-17048/a-5042/p-55640
industries/cables-by-type/lv-power-cable/polycab-lv-cu-iec-60502-1-061kv-mc-3-ua	https://polycab.com/polycab-lv-cu-iec-60502-1-061kv-mc-3-ua/a-5046/p-55289
industries/cables-by-type/mv-power-cable/polycab-bs-5467-mc-1933kv-ac	https://polycab.com/polycab-bs-5467-mc-1933kv-ac/a-3907/p-55471
industries/cables-by-application/pharmaceutical-industry/polycab-lv-al-iec-60502-1-061kv-mc-35-swa	https://polycab.com/polycab-lv-al-iec-60502-1-061kv-mc-35-swa/a-5046/p-55269
industries/cables-by-application/pharmaceutical-industry/polycab-lv-al-iec-60502-1-061kv-sc-sfa	https://polycab.com/polycab-lv-al-iec-60502-1-061kv-sc-sfa/a-5046/p-55247
industries/cables-by-application/pharmaceutical-industry/polycab-lv-is-7098-i-35c-2xy	https://polycab.com/polycab-lv-is-7098-i-35c-2xy/a-5046/p-54744
industries/cables-by-application/pharmaceutical-industry/polycab-lv-is-7098-i-4c-2xwy	https://polycab.com/polycab-lv-is-7098-i-4c-2xwy/a-5043/p-54726
industries/cables-by-application/renewable-energy/polycab-classic-100-450750v-ac	https://polycab.com/polycab-classic-100-450750v-ac/a-5040/p-55556
industries/cables-by-application/renewable-energy/polycab-solar-as-nzs-5000-xlpo-twist-at	https://polycab.com/polycab-solar-as-nzs-5000-xlpo-twist-at/a-5034/p-55527
industries/cables-by-application/renewable-energy/polycab-solar-h1z2z2-k-bsen-50618-at	https://polycab.com/polycab-solar-h1z2z2-k-bsen-50618-at/a-5034/p-55531
industries/cables-by-application/sugar-industry/polycab-hffr-01zz-k03xzz-k-mc-1100v-ac-is-17048	https://polycab.com/polycab-hffr-01zz-k03xzz-k-mc-1100v-ac-is-17048/a-5044/p-54820
industries/cables-by-application/sugar-industry/polycab-lv-al-iec-60502-1-061kv-mc-4-ua	https://polycab.com/polycab-lv-al-iec-60502-1-061kv-mc-4-ua/a-5046/p-55295
industries/cables-by-application/sugar-industry/polycab-lv-cu-iec-60502-1-061kv-mc-3-ua	https://polycab.com/polycab-lv-cu-iec-60502-1-061kv-mc-3-ua/a-5046/p-55289
industries/cables-by-application/sugar-industry/polycab-lv-is-7098-i-35c-a2xfy	https://polycab.com/polycab-lv-is-7098-i-35c-a2xfy/a-5043/p-54712
industries/cables-by-application/it-industry/polycab-instrumentation-500-pst	https://polycab.com/polycab-instrumentation-500-p-st/a-3905/p-54774
industries/cables-by-application/it-industry/polycab-lv-cu-iec-60502-1-061kv-mc-3-swa	https://polycab.com/polycab-lv-cu-iec-60502-1-061kv-mc-3-swa/a-5046/p-55287
industries/cables-by-application/utility/polycab-mv-15kv-al-1072-trxlpe-100	https://polycab.com/polycab-mv-15kv-al-1072-trxlpe-100/a-3908/p-55427
industries/cables-by-application/utility/polycab-mv-3c-al-xlpe-as-nzs-12722kv	https://polycab.com/polycab-mv-3c-al-xlpe-as-nzs-12722kv/a-3908/p-55169
industries/cables-by-application/utility/polycab-mv-al-bs-7870-4-10-6.35-11kv-triplex	https://polycab.com/polycab-mv-al-bs-7870-4-10-63511kv-triplex/a-3908/p-55031
industries/cables-by-application/utility/polycab-mv-is-7098-ii-1c-a2xwaya2xfay-11-11kvue	https://polycab.com/polycab-mv-is-7098-ii-1c-a2xwaya2xfay-1111kv-ue/a-3908/p-55081
industries/cables-by-application/utility/polycab-mv-is-7098-ii-3c-2xwy2xfy-3.8-6.6kve	https://polycab.com/polycab-mv-is-7098-ii-3c-2xwy2xfy-3866kv-e/a-3908/p-55091
industries/cables-by-standards/asnzs-14291/polycab-mv-1t-al-xlpe-as-nzs-1933kv	https://polycab.com/polycab-mv-1t-al-xlpe-as-nzs-1933kv/a-3908/p-55199
industries/cables-by-application/utility/polycab-mv-sc-cu-xlpe-as-nzs-63511kv	https://polycab.com/polycab-mv-sc-cu-xlpe-as-nzs-63511kv/a-3908/p-55131
industries/cables-by-application/water-treatment-and-waste-disposal/polycab-lv-25-cu-iec-60502-1-061kv-mc-sfa	https://polycab.com/polycab-lv-25-cu-iec-60502-1-061kv-mc-sfa/a-5043/p-55311
industries/cables-by-application/water-treatment-and-waste-disposal/polycab-lv-is-7098-i-35c-2xwy	https://polycab.com/polycab-lv-is-7098-i-35c-2xwy/a-5043/p-54710
industries/cables-by-standards/as-nzs-5000/polycab-solar-as-nzs-5000-pvc-at	https://polycab.com/polycab-solar-as-nzs-5000-pvc-at/a-5034/p-55505
industries/cables-by-standards/as-nzs-5000/polycab-solar-as-nzs-5000-pvc	https://polycab.com/polycab-solar-as-nzs-5000-pvc/a-5034/p-55511
industries/cables-by-standards/bsen-50288-7/polycab-instrumentation-300-sttimf	https://polycab.com/polycab-instrumentation-300-st-timf/a-3905/p-54778
industries/cables-by-standards/asnzs-14291/polycab-mv-sc-cu-xlpe-as-nzs-63511kv	https://polycab.com/polycab-mv-sc-cu-xlpe-as-nzs-63511kv/a-3908/p-55131
industries/cables-by-standards/bs-7629-1/polycab-ignis-211	https://polycab.com/polycab-ignis-211/a-5047/p-54872
industries/cables-by-standards/bs-en-50525-2-51/polycab-classic-100-300500v-ac	https://polycab.com/polycab-classic-100-300500v-ac/a-5040/p-55550
industries/cables-by-standards/bsen-50288-7/polycab-firealarm-shielded-armoured-cable	https://polycab.com/polycab-firealarm-shielded-armoured-cable/a-5047/p-54790
industries/cables-by-standards/bsen-50525-2-21/polycab-h07rn8-f-bsen-50525-2-21-mc-450750v-ac	https://polycab.com/polycab-h07rn8-f-bsen-50525-2-21-mc-450750v-ac/a-5043/p-55580
industries/cables-by-standards/bsen-50525-2-31/polycab-h05v2-uh05v2-rh07v2-uh07v2-r-bsen-50525-2-31-sc-300500vand450750v-ac	https://polycab.com/polycab-01y-r-sc-1100v-ac-is-694/a-5040/p-55628
industries/cables-by-standards/iec-60502-1/polycab-lv-cu-iec-60502-1-061kv-mc-3-ua	https://polycab.com/polycab-lv-cu-iec-60502-1-061kv-mc-3-ua/a-5046/p-55289
industries/cables-by-standards/iec-60502-1/polycab-lv-cu-iec-60502-1-061kv-mc-4-ua	https://polycab.com/polycab-lv-cu-iec-60502-1-061kv-mc-4-ua/a-5046/p-55301
industries/cables-by-standards/ieee-1580/polycab-hydro-type-lsxlpo-061kv-or-2kv	https://polycab.com/polycab-hydro-type-lsxlpo-061kv-or-2kv/a-5037/p-55315
industries/cables-by-standards/is-17048/polycab-hffr-01zz-r03xzz-r-1100v-ac-is-17048	https://polycab.com/polycab-hffr-01zz-r03xzz-r-1100v-ac-is-17048/a-5042/p-55656
industries/cables-by-standards/ul-854/polycab-cu-se-style-u-ul-854-600v	https://polycab.com/polycab-cu-se-style-u-ul-854-600v/a-5035/p-54856
industries/cables-by-standards/is-7098-i/polycab-lv-is-7098-i-1c-2xfay-2xway	https://polycab.com/polycab-lv-is-7098-i-1c-2xfay-2xway/a-5043/p-54732
industries/cables-by-standards/is-7098-i/polycab-lv-is-7098-i-4c-a2xwy	https://polycab.com/polycab-lv-is-7098-i-4c-a2xwy/a-5043/p-54730
industries/cables-by-standards/is-7098-i/polycab-lv-is-7098-i-mc-25-2xfy	https://polycab.com/polycab-lv-is-7098-i-mc-25-2xfy/a-5043/p-54762
industries/cables-by-standards/is-7098-ii/polycab-mv-is-7098-ii-3c-2xwy2xfy-1933kve	https://polycab.com/polycab-mv-is-7098-ii-3c-2xwy-2xfy-1933kv-e/a-3908/p-55087
industries/cables-by-standards/is-9968-2/polycab-mv-cu-is-9968-2-63511e-or-6666uekv	https://polycab.com/polycab-mv-cu-is-9968-2-63511-e-or-6666-ue-kv/a-5038/p-55612
industries/cables-by-standards/ul-1072/polycab-mv-35kv-cu-ul-1072-trxlpe-100	https://polycab.com/polycab-mv-35kv-cu-ul-1072-trxlpe-100/a-3908/p-55451
industries/cables-by-standards/ul-1277/polycab-cu-type-tctc-er-xhhw-2-tray-cable	https://polycab.com/polycab-cu-type-tctc-er-xhhw-2-tray-cable/a-3904/p-54977
industries/cables-by-type/instrumentation-cable/polycab-instrumentation-300-mcst	https://polycab.com/polycab-instrumentation-300-mc-st/a-3905/p-54768
industries/cables-by-type/lv-power-cable/polycab-lv-al-iec-60502-1-061kv-mc-35-ua	https://polycab.com/polycab-lv-al-iec-60502-1-061kv-mc-35-ua/a-5046/p-55271
industries/cables-by-type/lv-power-cable/polycab-lv-cu-iec-60502-1-061kv-mc-4-swa	https://polycab.com/polycab-lv-cu-iec-60502-1-061kv-mc-4-swa/a-5046/p-55299
industries/cables-by-type/lv-power-cable/polycab-lv-is-7098-i-4c-a2xwy	https://polycab.com/polycab-lv-is-7098-i-4c-a2xwy/a-5043/p-54730
industries/cables-by-type/mv-power-cable/polycab-mv-3c-al-xlpe-as-nzs-12722kv	https://polycab.com/polycab-mv-3c-al-xlpe-as-nzs-12722kv/a-3908/p-55169
industries/cables-by-type/instrumentation-cable/polycab-instrumentation-500-stpimf	https://polycab.com/polycab-instrumentation-500-st-pimf/a-3905/p-54776
industries/cables-by-type/mv-power-cable/polycab-mv-cu-bs-7835-6351112kv	https://polycab.com/polycab-mv-cu-bs-7835-63511-12-kv/a-3902/p-55011
industries/cables-by-type/mv-power-cable/polycab-mv-is-7098-ii-1c-a2xwaya2xfay-19-33kve	https://polycab.com/polycab-mv-is-7098-ii-1c-a2xwaya2xfay-19-33kv-e/a-3908/p-55071
industries/cables-by-type/mv-power-cable/polycab-mv-is-7098-ii-3c-a2xwya2xfy-3866kve	https://polycab.com/polycab-mv-is-7098-ii-3c-a2xwya2xfy-3866kv-e/a-3908/p-55107
industries/cables-by-type/mv-power-cable/polycab-mv-sc-al-xlpe-as-nzs-12722kv	https://polycab.com/polycab-mv-sc-al-xlpe-as-nzs-12722kv/a-3908/p-55139
industries/cables-by-type/others/control-cable/polycab-lv-25-cu-iec-60502-1-061kv-mc-swa	https://polycab.com/polycab-lv-25-cu-iec-60502-1-061kv-mc-swa/a-5043/p-55313
industries/cables-by-type/others/defence/polycab-h07bb-f-bsen-50525-2-21-mc-450750v-ac	https://polycab.com/polycab-h07bb-f-bsen-50525-2-21-mc-450750v-ac/a-5050/p-55582
industries/cables-by-type/mv-power-cable/polycab-bs-6724-mc-swa-lszh-1933kv-ac	https://polycab.com/polycab-bs-6724-mc-swa-lszh-1933kv-ac/a-3907/p-55461
industries/cables-by-type/mv-power-cable/polycab-mv-al-bs-6622-12722kv	https://polycab.com/polycab-mv-al-bs-6622-12722kv/a-3908/p-54983
industries/cables-by-type/others/industrial-cable/polycab-110-cy-iec-60227-7-screened-control-cable-300500v-ac	https://polycab.com/polycab-110-cy-iec-60227-7-screened-control-cable-300500v-ac/a-5040/p-54824
industries/cables-by-type/others/industrial-cable/polycab-cu-se-style-u-ul-854-600v	https://polycab.com/polycab-cu-se-style-u-ul-854-600v/a-5035/p-54856
industries/cables-by-type/others/industrial-cable/polycab-h05z-uh07z-u-bsen-50525-3-41-sc-300500vand450750v-ac	https://polycab.com/polycab-h05z-uh07z-u-bsen-50525-3-41-sc-300500v450750v-ac/a-5040/p-55323
industries/cables-by-type/others/industrial-cable/polycab-h07rn-f-bsen-50525-2-21-mc-450750v-ac	https://polycab.com/polycab-h07rn-f-bsen-50525-2-21-mc-450750v-ac/a-5050/p-54832
industries/cables-by-type/others/industrial-cable/polycab-type-ck-bs-6231-switch-gear-and-control-gear-wiring-061kv-ac	https://polycab.com/polycab-type-ck-bs-6231-switch-gear-control-gear-wiring-061kv-ac/a-5040/p-54836
industries/cables-by-standards/ansiicea-s-93-639/polycab-mv-3c-cu-epr-iceanema-5kv	https://polycab.com/polycab-mv-3c-cu-epr-iceanema-5kv/a-3908/p-55223
industries/cables-by-application/water-treatment-and-waste-disposal/polycab-lv-is-7098-i-mc-25-2xy	https://polycab.com/polycab-lv-is-7098-i-mc-25-2xy/a-5043/p-54766
industries/cables-by-standards/ansiicea-s-93-639/polycab-mv-sc-al-epr-iceanema-5kv	https://polycab.com/polycab-mv-sc-al-epr-iceanema-5kv/a-3908/p-55213
industries/cables-by-standards/ansiscte-74/polycab-coaxial-cable	https://polycab.com/polycab-coaxial-cable/a-3903/p-55616
industries/cables-by-type/others/marine-and-offshoreonshore-cable/polymarine-iec-60092-354-1220kv	https://polycab.com/polymarine-iec-60092-354-1220kv/a-5049/p-54902
industries/cables-by-type/others/rubber-cable/polycab-h07rn8-f-bsen-50525-2-21-mc-450750v-ac	https://polycab.com/polycab-h07rn8-f-bsen-50525-2-21-mc-450750v-ac/a-5043/p-55580
industries/cables-by-standards/bs-7870-4-10/polycab-mv-al-bs-7870-4-10-12722kv-triplex	https://polycab.com/polycab-mv-al-bs-7870-4-10-12722kv-triplex/a-3908/p-55027
industries/cables-by-standards/bs-7870-4-10/polycab-mv-al-bs-7870-4-10-12722kv	https://polycab.com/polycab-mv-al-bs-7870-4-10-12722kv/a-3908/p-55015
industries/cables-by-standards/bs-7870-4-10/polycab-mv-al-bs-7870-4-10-1933kv	https://polycab.com/polycab-mv-al-bs-7870-4-10-1933kv/a-3908/p-55017
industries/cables-by-standards/bs-7870-4-10/polycab-mv-cu-bs-7870-4-10-1933kv	https://polycab.com/polycab-mv-cu-bs-7870-4-10-1933kv/a-3908/p-55023
industries/cables-by-standards/bs-en-50525-2-51/polycab-classic-100-cy-300500v-ac	https://polycab.com/polycab-classic-100-cy-300500v-ac/a-5040/p-55552
industries/cables-by-standards/bsen-50288-7/polycab-instrumentation-300-stpimf	https://polycab.com/polycab-instrumentation-300-st-pimf/a-3905/p-54772
industries/cables-by-standards/bsen-50525-2-21/polycab-h05rr-f-bsen-50525-2-21-mc-300500v-ac	https://polycab.com/polycab-h05rr-f-bsen-50525-2-21-mc-300500v-ac/a-5050/p-54945
industries/cables-by-standards/bsen-50525-3-11/polycab-h03z1z1-f-bsen-50525-3-11-300300v-ac	https://polycab.com/polycab-h03z1z1-f-bsen-50525-3-11-300300v-ac/a-5040/p-55594
industries/cables-by-standards/bsen-50525-2-41/polycab-h05ss-k-bsen-50525-2-41-sc-300500v-ac	https://polycab.com/polycab-h05ss-k-bsen-50525-2-41-sc-300500v-ac/a-5050/p-54941
industries/cables-by-standards/bsen-50525-3-41/polycab-h05z-uh07z-u-bsen-50525-3-41-sc-300500vand450750v-ac	https://polycab.com/polycab-h05z-uh07z-u-bsen-50525-3-41-sc-300500v450750v-ac/a-5040/p-55323
industries/cables-by-standards/bsen-50618/polycab-solar-h1z2z2-k-bsen-50618-twin-at	https://polycab.com/polycab-solar-h1z2z2-k-bsen-50618-twin-at/a-5034/p-55535
industries/cables-by-standards/bsen-50618/polycab-solar-h1z2z2-k-bsen-50618	https://polycab.com/polycab-solar-h1z2z2-k-bsen-50618/a-5034/p-55529
industries/cables-by-standards/iec-60092-354/polymarine-iec-60092-354-610kv	https://polycab.com/polymarine-iec-60092-354-610kv/a-5049/p-54898
industries/cables-by-type/mv-power-cable/polycab-mv-al-bs-7835-193336kv	https://polycab.com/polycab-mv-al-bs-7835-1933-36-kv/a-5049/p-54947
industries/cables-by-standards/iec-60092-376/polymarine-instrumentation-pair-250v-br-isos-iec-60092-376	https://polycab.com/polymarine-instrumentation-pair-250v-br-isos-iec-60092-376/a-5049/p-55049
industries/cables-by-standards/is-694/polycab-festoon-flat-075sqmm-multicore-cable	https://polycab.com/polycab-festoon-flat-075sqmm-multicore-cable/a-5040/p-55495
industries/cables-by-standards/iec-60227-7/polycab-110-cy-iec-60227-7-screened-control-cable-300500v-ac	https://polycab.com/polycab-110-cy-iec-60227-7-screened-control-cable-300500v-ac/a-5040/p-54824
industries/cables-by-standards/iec-60502-1/polycab-lv-15-cu-iec-60502-1-061kv-mc-swa	https://polycab.com/polycab-lv-15-cu-iec-60502-1-061kv-mc-swa/a-5043/p-55307
industries/cables-by-standards/iec-60502-1/polycab-lv-al-iec-60502-1-061kv-mc-2-ua	https://polycab.com/polycab-lv-al-iec-60502-1-061kv-mc-2-ua/a-5046/p-55259
industries/cables-by-standards/iec-60502-1/polycab-lv-al-iec-60502-1-061kv-mc-35-sfa	https://polycab.com/polycab-lv-al-iec-60502-1-061kv-mc-35-sfa/a-5046/p-55267
industries/cables-by-standards/iec-60502-1/polycab-lv-al-iec-60502-1-061kv-mc-4-ua	https://polycab.com/polycab-lv-al-iec-60502-1-061kv-mc-4-ua/a-5046/p-55295
industries/cables-by-standards/iec-60502-1/polycab-lv-cu-iec-60502-1-061kv-mc-3-sfa	https://polycab.com/polycab-lv-cu-iec-60502-1-061kv-mc-3-sfa/a-5046/p-55285
industries/cables-by-standards/iec-60502-1/polycab-lv-cu-iec-60502-1-061kv-mc-35-swa	https://polycab.com/polycab-lv-cu-iec-60502-1-061kv-mc-35-swa/a-5046/p-55275
industries/cables-by-standards/iec-60502-1/polycab-lv-cu-iec-60502-1-061kv-sc-sfa	https://polycab.com/polycab-lv-cu-iec-60502-1-061kv-sc-sfa/a-5046/p-55251
industries/cables-by-standards/iec-60502-2/polycab-mv-al-iec-60502-2-3660kv	https://polycab.com/polycab-mv-al-iec-60502-2-3660kv/a-3908/p-55413
industries/cables-by-standards/iec-60502-2/polycab-mv-cu-iec-60502-2-1220kv	https://polycab.com/polycab-mv-cu-iec-60502-2-1220kv/a-3908/p-55409
industries/cables-by-standards/is-17048/polycab-hffr-01z-r03xz-r-sc-1100v-ac-is-17048	https://polycab.com/polycab-hffr-01z-r03xz-r-sc-1100v-ac-is-17048/a-5042/p-55648
industries/cables-by-standards/is-694/polycab-festoon-flat-1sqmm-multicore-cable	https://polycab.com/polycab-festoon-flat-1sqmm-multicore-cable/a-5040/p-55497
industries/cables-by-standards/is-17048/polycab-hffr-01zz-k03xzz-k-mc-1100v-ac-is-17048	https://polycab.com/polycab-hffr-01zz-k03xzz-k-mc-1100v-ac-is-17048/a-5044/p-54820
industries/cables-by-standards/is-694/polycab-02ayy-2-core-1100v-is-694-flat-cable	https://polycab.com/polycab-02ayy-2-core-1100v-is-694-flat-cable/a-3901/p-54927
industries/cables-by-standards/is-694/polycab-01y-k-sc-1100v-ac-is-694	https://polycab.com/polycab-01y-k-sc-1100v-ac-is-694/a-5040/p-55626
industries/cables-by-standards/is-694/polycab-02yy-k-mc-1100v-ac-is-694	https://polycab.com/polycab-02yy-k-mc-1100v-ac-is-694/a-5046/p-54812
industries/cables-by-type/others/control-cable/polycab-festoon-flat-1sqmm-multicore-cable	https://polycab.com/polycab-festoon-flat-1sqmm-multicore-cable/a-5040/p-55497
industries/cables-by-standards/is-7098-i/polycab-lv-is-7098-i-2c-2xfy	https://polycab.com/polycab-lv-is-7098-i-2c-2xfy/a-5043/p-54700
industries/cables-by-standards/is-7098-i/polycab-lv-is-7098-i-2c-a2xy	https://polycab.com/polycab-lv-is-7098-i-2c-a2xy/a-5046/p-54742
industries/cables-by-standards/is-7098-i/polycab-lv-is-7098-i-4c-a2xy	https://polycab.com/polycab-lv-is-7098-i-4c-a2xy/a-5046/p-54754
industries/cables-by-standards/is-7098-ii/polycab-mv-is-7098-ii-1c-2xway2xfay-3333kvue	https://polycab.com/polycab-mv-is-7098-ii-1c-2xway2xfay-3333kv-ue/a-3908/p-55057
industries/cables-by-standards/is-7098-i/polycab-lv-is-7098-i-3c-a2xwy	https://polycab.com/polycab-lv-is-7098-i-3c-a2xwy/a-5043/p-54722
industries/cables-by-standards/is-7098-i/polycab-lv-is-7098-i-4c-a2xfy	https://polycab.com/polycab-lv-is-7098-i-4c-a2xfy/a-5043/p-54728
industries/cables-by-standards/is-7098-ii/polycab-mv-is-7098-ii-1ca2xwaya2xfay-12722kve	https://polycab.com/polycab-mv-is-7098-ii-1ca2xwaya2xfay-12722kv-e/a-3908/p-55083
industries/cables-by-standards/is-7098-ii/polycab-mv-is-7098-ii-3c-2xwy2xfy-1111kvue	https://polycab.com/polycab-mv-is-7098-ii-3c-2xwy2xfy-1111kv-ue/a-3908/p-55097
industries/cables-by-standards/is-7098-ii/polycab-mv-is-7098-ii-3c-a2xwya2xfy-12722kve	https://polycab.com/polycab-mv-is-7098-ii-3c-a2xwya2xfy-12722kv-e/a-3908/p-55115
industries/cables-by-standards/is-7098-ii/polycab-mv-is-7098-ii-3c-a2xwya2xfy-1933kve	https://polycab.com/polycab-mv-is-7098-ii-3c-a2xwya2xfy-1933kv-e/a-3908/p-55103
industries/cables-by-standards/is-9968-1/polycab-rr-e-mc-1100v-ac-is-9968-1	https://polycab.com/polycab-rr-e-mc-1100v-ac-is-9968-1/a-5038/p-55568
industries/cables-by-standards/is-9968-2/polycab-mv-cu-is-9968-2-12722e-or-1111uekv	https://polycab.com/polycab-mv-cu-is-9968-2-12722-e-or-1111-ue-kv/a-5038/p-55614
industries/cables-by-standards/is-9968-1/polycab-sir-s-1100v-ac-is-9968-1	https://polycab.com/polycab-sir-s-1100v-ac-is-9968-1/a-5050/p-54933
industries/cables-by-standards/polycab-standard-inter/polycab-aerial-bunched-cable-1933kv-ac-abc	https://polycab.com/polycab-aerial-bunched-cable-1933kv-ac-abc/a-3907/p-55620
industries/cables-by-standards/polycab-standard/polycab-classic-110-orange-300500v-ac	https://polycab.com/polycab-classic-110-orange-300500v-ac/a-5040/p-55604
industries/cables-by-standards/polycab-standard-inter/polycab-classic-110-bk-300500v-ac	https://polycab.com/polycab-classic-110-bk-300500v-ac/a-5040/p-55598
industries/cables-by-standards/rs-485/polycab-rs-485-300500v-ac-unarmoured-cable	https://polycab.com/polycab-rs-485-300500v-ac-unarmoured-cable/a-5040/p-55652
industries/cables-by-standards/polycab-standard-inter/polycab-firealarm-unarmoured-cable	https://polycab.com/polycab-firealarm-unarmoured-cable/a-5047/p-54788
industries/cables-by-standards/ul-1072/polycab-mv-15kv-cu-ul-1072-tr-xlpe-100	https://polycab.com/polycab-mv-15kv-cu-ul-1072-tr-xlpe-100/a-3908/p-55435
industries/cables-by-standards/ul-1072/polycab-mv-35kv-al-ul-1072-epr-133	https://polycab.com/polycab-mv-35kv-al-ul-1072-epr-133/a-3908/p-55441
industries/cables-by-type/others/domestic-appliance-and-lighting-cable/polycab-6181y-bs-6004-sc-300500v-ac	https://polycab.com/polycab-6181y-bs-6004-sc-300500v-ac/a-3904/p-55481
industries/cables-by-standards/ul-1072/polycab-mv-35kv-al-ul-1072-trxlpe-133	https://polycab.com/polycab-mv-35kv-al-ul-1072-trxlpe-133/a-3908/p-55445
industries/cables-by-standards/ul-1072/polycab-mv-35kv-cu-ul-1072-epr-133	https://polycab.com/polycab-mv-35kv-cu-ul-1072-epr-133/a-3908/p-55449
industries/cables-by-standards/ul-1277/polycab-al-type-tc-thhnthwn-2-cable-600v	https://polycab.com/polycab-al-type-tc-thhnthwn-2-cable-600v/a-5040/p-54961
industries/cables-by-standards/ul-1569/polycab-type-mc-al-conductor-ul-1569-600v	https://polycab.com/polycab-type-mc-al-conductor-ul-1569-600v/a-5040/p-54951
industries/cables-by-standards/ul-1569/polycab-type-mc-pvc-jacketed-cu-conductor-ul-1569-600v	https://polycab.com/polycab-type-mc-pvc-jacketed-cu-conductor-ul-1569-600v/a-5040/p-54862
industries/cables-by-standards/ul-44/polycab-al-xhhw-2-ul-44-600v	https://polycab.com/polycab-al-xhhw-2-ul-44-600v/a-3901/p-54846
industries/cables-by-standards/ul-719/polycab-nmb-cable-ul-719-600v	https://polycab.com/polycab-nmb-cable-ul-719-600v/a-3901/p-54967
industries/cables-by-type/ehv-power-cable/polycab-ehv-al-pb-132kv	https://polycab.com/polycab-ehv-al-pb-132kv/a-3908/p-55393
industries/cables-by-type/instrumentation-cable/polycab-instrumentation-500-mcst	https://polycab.com/polycab-instrumentation-500-mc-st/a-3905/p-54770
industries/cables-by-type/instrumentation-cable/polycab-instrumentation-500-pst	https://polycab.com/polycab-instrumentation-500-p-st/a-3905/p-54774
industries/cables-by-type/lv-power-cable/polycab-lv-al-iec-60502-1-061kv-mc-3-ua	https://polycab.com/polycab-lv-al-iec-60502-1-061kv-mc-3-ua/a-5046/p-55283
industries/cables-by-type/lv-power-cable/polycab-lv-cu-iec-60502-1-061kv-mc-2-ua	https://polycab.com/polycab-lv-cu-iec-60502-1-061kv-mc-2-ua/a-5046/p-55265
industries/cables-by-type/lv-power-cable/polycab-lv-cu-iec-60502-1-061kv-mc-35-swa	https://polycab.com/polycab-lv-cu-iec-60502-1-061kv-mc-35-swa/a-5046/p-55275
industries/cables-by-type/mv-power-cable/polycab-mv-al-bs-6622-63511kv	https://polycab.com/polycab-mv-al-bs-6622-63511kv/a-3908/p-54987
industries/cables-by-type/lv-power-cable/polycab-lv-cu-iec-60502-1-061kv-sc-ua	https://polycab.com/polycab-lv-cu-iec-60502-1-061kv-sc-ua/a-5046/p-55253
industries/cables-by-type/lv-power-cable/polycab-lv-is-7098-i-1c-a2xfay-a2xway	https://polycab.com/polycab-lv-is-7098-i-1c-a2xfay-a2xway/a-5043/p-54734
industries/cables-by-type/lv-power-cable/polycab-lv-is-7098-i-35c-2xy	https://polycab.com/polycab-lv-is-7098-i-35c-2xy/a-5046/p-54744
industries/cables-by-type/lv-power-cable/polycab-lv-is-7098-i-35c-a2xy	https://polycab.com/polycab-lv-is-7098-i-35c-a2xy/a-5046/p-54746
industries/cables-by-type/lv-power-cable/polycab-lv-is-7098-i-4c-2xwy	https://polycab.com/polycab-lv-is-7098-i-4c-2xwy/a-5043/p-54726
industries/cables-by-type/lv-power-cable/polycab-lv-is-7098-i-4c-a2xy	https://polycab.com/polycab-lv-is-7098-i-4c-a2xy/a-5046/p-54754
industries/cables-by-type/mv-power-cable/polycab-mv-15kv-al-ul-1072-epr-100	https://polycab.com/polycab-mv-15kv-al-ul-1072-epr-100/a-3908/p-55423
industries/cables-by-type/mv-power-cable/polycab-mv-1t-al-xlpe-as-nzs-12722kv	https://polycab.com/polycab-mv-1t-al-xlpe-as-nzs-12722kv/a-3908/p-55193
industries/cables-by-type/mv-power-cable/polycab-mv-1t-al-xlpe-as-nzs-63511kv-atr	https://polycab.com/polycab-mv-1t-al-xlpe-as-nzs-63511kv-atr/a-3908/p-55189
industries/cables-by-type/mv-power-cable/polycab-mv-35kv-al-ul-1072-epr-100	https://polycab.com/polycab-mv-35kv-al-ul-1072-epr-100/a-3908/p-55439
industries/cables-by-type/mv-power-cable/polycab-mv-35kv-al-ul-1072-trxlpe-133	https://polycab.com/polycab-mv-35kv-al-ul-1072-trxlpe-133/a-3908/p-55445
industries/cables-by-application/utility/polycab-mv-cu-iec-60502-2-12-20kv	https://polycab.com/polycab-mv-cu-iec-60502-2-1220kv/a-3908/p-55409
industries/cables-by-type/mv-power-cable/polycab-mv-3c-al-epr-iceanema-25kv	https://polycab.com/polycab-mv-3c-al-epr-iceanema-25kv/a-3908/p-55239
industries/cables-by-type/mv-power-cable/polycab-mv-3c-al-xlpe-atr-as-nzs-1933kv	https://polycab.com/polycab-mv-3c-al-xlpe-atr-as-nzs-1933kv/a-3908/p-55153
industries/cables-by-type/mv-power-cable/polycab-mv-3c-cu-xlpe-as-nzs-1933kv	https://polycab.com/polycab-mv-3c-cu-xlpe-as-nzs-1933kv/a-3908/p-55149
industries/cables-by-type/mv-power-cable/polycab-mv-al-bs-7870-4-10-1933kv	https://polycab.com/polycab-mv-al-bs-7870-4-10-1933kv/a-3908/p-55017
industries/cables-by-type/mv-power-cable/polycab-mv-al-bs-7870-4-10-63511kv-triplex	https://polycab.com/polycab-mv-al-bs-7870-4-10-63511kv-triplex/a-3908/p-55031
industries/cables-by-type/mv-power-cable/polycab-mv-al-iec-60502-2-1220kv	https://polycab.com/polycab-mv-al-iec-60502-2-1220kv/a-3908/p-55419
industries/cables-by-standards/iec-60840/polycab-ehv-cu-pb-110kv	https://polycab.com/polycab-ehv-cu-pb-110kv/a-3908/p-55361
industries/cables-by-type/mv-power-cable/polycab-mv-cu-bs-7870-4-10-1933kv	https://polycab.com/polycab-mv-cu-bs-7870-4-10-1933kv/a-3908/p-55023
industries/cables-by-type/mv-power-cable/polycab-mv-cu-iec-60502-2-1830kv	https://polycab.com/polycab-mv-cu-iec-60502-2-1830kv/a-3908/p-55411
industries/cables-by-type/mv-power-cable/polycab-mv-cu-iec-60502-2-87-15kv	https://polycab.com/polycab-mv-cu-iec-60502-2-87-15kv/a-3908/p-55407
industries/cables-by-type/mv-power-cable/polycab-mv-is-7098-ii-1c-2xway2xfay-6666kvue	https://polycab.com/polycab-mv-is-7098-ii-1c-2xway2xfay-6666kv-ue/a-3908/p-55061
industries/cables-by-type/mv-power-cable/polycab-mv-is-7098-ii-1c-a2xwaya2xfay-1933kve	https://polycab.com/polycab-mv-is-7098-ii-1c-a2xwaya2xfay-19-33kv-e/a-3908/p-55071
industries/cables-by-type/mv-power-cable/polycab-mv-is-7098-ii-3c-2xwy2xfy-3333kvue	https://polycab.com/polycab-mv-is-7098-ii-3c-2xwy2xfy-3333kv-ue/a-3908/p-55089
industries/cables-by-type/mv-power-cable/polycab-mv-is-7098-ii-3c-2xwy2xfy-6666kvue	https://polycab.com/polycab-mv-is-7098-ii-3c-2xwy2xfy-6666kv-ue/a-3908/p-55093
industries/cables-by-type/mv-power-cable/polycab-mv-is-7098-ii-3c-a2xwya2xfy-6666kvue	https://polycab.com/polycab-mv-is-7098-ii-3c-a2xwya2xfy-6666kv-ue/a-3908/p-55109
industries/cables-by-type/mv-power-cable/polycab-mv-sc-al-epr-iceanema-5kv	https://polycab.com/polycab-mv-sc-al-epr-iceanema-5kv/a-3908/p-55213
industries/cables-by-type/mv-power-cable/polycab-mv-sc-al-xlpe-as-nzs-1933kv copy	https://polycab.com/polycab-mv-sc-al-xlpe-as-nzs-1933kv/a-3908/p-55121
industries/cables-by-type/mv-power-cable/polycab-mv-sc-al-xlpe-atr-as-nzs-63511kv	https://polycab.com/polycab-mv-sc-al-xlpe-atr-as-nzs-63511kv/a-3908/p-55135
industries/cables-by-type/others/aerial-bunched-cable/polycab-aerial-bunched-cable-1100v-ac-abc	https://polycab.com/polycab-aerial-bunched-cable-1100v-ac-abc/a-3907/p-55618
industries/cables-by-type/mv-power-cable/polycab-mv-sc-cu-xlpe-as-nzs-1933kv	https://polycab.com/polycab-mv-sc-cu-xlpe-as-nzs-1933kv/a-3908/p-55119
industries/cables-by-type/mv-power-cable/polycab-mv15kv-cu-ul-1072-trxlpe-133	https://polycab.com/polycab-mv15kv-cu-ul-1072-trxlpe-133/a-3908/p-55437
industries/cables-by-type/others/aerial-bunched-cable/polycab-aerial-bunched-cable-1933kv-acabc	https://polycab.com/polycab-aerial-bunched-cable-1933kv-ac-abc/a-3907/p-55620
industries/cables-by-type/others/aerial-bunched-cable/polycab-aerial-bunched-cable-63511kv-ac-abc	https://polycab.com/polycab-aerial-bunched-cable-63511kv-ac-abc/a-3907/p-55622
industries/cables-by-type/others/building-wires/polycab-hr-fr-lsh-lf-green-wire-1100v-ac-is-694	https://polycab.com/polycab-hr-fr-lsh-lf-green-wire-1100v-ac-is-694/a-3901/p-54921
industries/cables-by-type/others/control-cable/polycab-lv-15-cu-iec-60502-1-061kv-mc-swa	https://polycab.com/polycab-lv-15-cu-iec-60502-1-061kv-mc-swa/a-5043/p-55307
industries/cables-by-type/others/control-cable/polycab-lv-is-7098-i-mc-25-2xy	https://polycab.com/polycab-lv-is-7098-i-mc-25-2xy/a-5043/p-54766
industries/cables-by-type/others/control-cable/polycab-type-ck-bs-6231-switch-gear-and-control-gear-wiring-061kv-ac	https://polycab.com/polycab-type-ck-bs-6231-switch-gear-control-gear-wiring-061kv-ac/a-5040/p-54836
industries/cables-by-type/others/defence/polycab-h05bb-f-bsen-50525-2-21-mc-300500v-ac	https://polycab.com/polycab-h05bb-f-bsen-50525-2-21-mc-300500v-ac/a-5050/p-55586
industries/cables-by-type/others/industrial-cable/polycab-festoon-flat-25sqmm-multicore-cable	https://polycab.com/polycab-festoon-flat-25sqmm-multicore-cable/a-5040/p-55501
industries/cables-by-type/mv-power-cable/polycab-mv-cu-bs-6622-8715kv	https://polycab.com/polycab-mv-cu-bs-6622-8715kv/a-3908/p-54997
industries/cables-by-type/others/defence/polycab-sir-sc-1100v-ac-is-9968-1	https://polycab.com/polycab-sir-sc-1100v-ac-is-9968-1/a-5050/p-54931
industries/cables-by-type/others/domestic-appliance-and-lighting-cable/polycab-al-xhhw-2-type-mc-al-armoured-pvc-jacket-ul-1569-600v	https://polycab.com/polycab-al-xhhw-2-type-mc-al-armoured-pvc-jacket-ul-1569-600v/a-5040/p-54957
industries/cables-by-type/others/domestic-appliance-and-lighting-cable/polycab-h05v2-uh05v2-rh07v2-uh07v2-r-bsen-50525-2-31-sc-300500vand450750v-ac	https://polycab.com/polycab-01y-r-sc-1100v-ac-is-694/a-5040/p-55628
industries/cables-by-type/others/fire-protection-cable/polycab-firealarm-shielded-armoured-cable	https://polycab.com/polycab-firealarm-shielded-armoured-cable/a-5047/p-54790
industries/cables-by-type/others/fire-protection-cable/polycab-ignis-241	https://polycab.com/polycab-ignis-241/a-5047/p-54884
industries/cables-by-type/others/fire-protection-cable/polycab-ignis-215	https://polycab.com/polycab-ignis-215/a-5047/p-54880
industries/cables-by-type/others/fire-protection-cable/polycab-ignis-230	https://polycab.com/polycab-ignis-230/a-5047/p-54870
industries/cables-by-type/others/fire-protection-cable/polycab-ignis-241 copy	https://polycab.com/polycab-ignis-241/a-5047/p-54884
industries/cables-by-type/others/high-temperature-cable/polycab-h05rn-f-bsen-50525-2-21-mc-300500v-ac	https://polycab.com/polycab-h05rn-f-bsen-50525-2-21-mc-300500v-ac/a-5050/p-54830
industries/cables-by-type/others/high-temperature-cable/polycab-h07rn-f-bsen-50525-2-21-mc-450750v-ac	https://polycab.com/polycab-h07rn-f-bsen-50525-2-21-mc-450750v-ac/a-5050/p-54832
industries/cables-by-type/others/industrial-cable/polycab-01y-k-sc-1100v-ac-is-694	https://polycab.com/polycab-01y-k-sc-1100v-ac-is-694/a-5040/p-55626
industries/cables-by-type/others/industrial-cable/polycab-02ayy-2-core-1100v-is-694-flat-cable	https://polycab.com/polycab-02ayy-2-core-1100v-is-694-flat-cable/a-3901/p-54927
industries/cables-by-type/others/industrial-cable/polycab-3192a3182a3183a3184a3185a-bs-6004-mc-300500v-ac	https://polycab.com/polycab-3192a3182a3183a3184a3185a-bs-6004-mc-300500v-ac/a-3904/p-55477
industries/cables-by-type/others/industrial-cable/polycab-02yy-k-mc-1100v-ac-is-694	https://polycab.com/polycab-02yy-k-mc-1100v-ac-is-694/a-5046/p-54812
industries/cables-by-type/others/industrial-cable/polycab-al-type-tc-thhnthwn-2-cable-600v	https://polycab.com/polycab-al-type-tc-thhnthwn-2-cable-600v/a-5040/p-54961
industries/cables-by-type/others/industrial-cable/polycab-al-xhhw-2-type-mc-al-armoured-pvc-jacket-ul-1569-600v	https://polycab.com/polycab-al-xhhw-2-type-mc-al-armoured-pvc-jacket-ul-1569-600v/a-5040/p-54957
industries/cables-by-type/others/industrial-cable/polycab-classic-110-cy-screened-300500v-ac	https://polycab.com/polycab-classic-110-cy-screened-300500v-ac/a-5040/p-55650
industries/cables-by-type/others/industrial-cable/polycab-classic-110-orange-300500v-ac	https://polycab.com/polycab-classic-110-orange-300500v-ac/a-5040/p-55604
industries/cables-by-type/others/industrial-cable/polycab-cu-se-style-r-ul-854-600v	https://polycab.com/polycab-cu-se-style-r-ul-854-600v/a-5035/p-54852
industries/cables-by-type/others/industrial-cable/polycab-cu-type-tctc-er-thhnthwn-2-tray-cable	https://polycab.com/polycab-cu-type-tctc-er-thhnthwn-2-tray-cable/a-3904/p-55564
industries/cables-by-type/others/industrial-cable/polycab-festoon-flat-15sqmm-multicore-cable	https://polycab.com/polycab-festoon-flat-15sqmm-multicore-cable/a-5040/p-55499
industries/cables-by-type/others/industrial-cable/polycab-h05v-uh05v-rh05v-k-bsen-50525-2-31-sc-300500v-ac	https://polycab.com/polycab-h05v-uh05v-rh05v-k-bsen-50525-2-31-sc-300500v-ac/a-5040/p-55325
industries/cables-by-type/others/industrial-cable/polycab-h05gg-fh05ggh2-f-bsen-50525-2-21-mc-300500v-ac	https://polycab.com/polycab-h05gg-fh05ggh2-f-bsen-50525-2-21-mc-300500v-ac/a-5050/p-55590
industries/cables-by-type/others/industrial-cable/polycab-h07z-r-bsen-50525-3-41-450750v-ac	https://polycab.com/polycab-h07z-r-bsen-50525-3-41-450750v-ac/a-5040/p-55321
industries/cables-by-type/others/industrial-cable/polycab-h05z-kh07z-k-bsen-50525-3-41-sc-300500vand450750v-ac	https://polycab.com/polycab-h05z-kh07z-k-bsen-50525-3-41-sc-300500v450750v-ac/a-5040/p-54915
industries/cables-by-type/others/industrial-cable/polycab-h07rn8-f-bsen-50525-2-21-mc-450750v-ac	https://polycab.com/polycab-h07rn8-f-bsen-50525-2-21-mc-450750v-ac/a-5043/p-55580
industries/cables-by-type/others/industrial-cable/polycab-hffr-04xzz-k04xzxz-k-mc-1100v-ac-is-17048	https://polycab.com/polycab-hffr-04xzz-k04xzxz-k-mc-1100v-ac-is-17048/a-5044/p-54822
industries/cables-by-type/others/industrial-cable/polycab-hffr-04xz-r-sc-1100v-ac-is-17048	https://polycab.com/polycab-hffr-04xz-r-sc-1100v-ac-is-17048/a-5042/p-55640
industries/cables-by-type/others/industrial-cable/polycab-hffr-4xzz-k04xzxz-k-1100v-ac-is-17048-flat-cable	https://polycab.com/polycab-hffr-4xzz-k04xzxz-k-1100v-ac-is-17048-flat-cable/a-5044/p-55646
industries/cables-by-type/others/industrial-cable/polycab-thhn-al-ul-83-600v	https://polycab.com/polycab-thhn-al-ul-83-600v/a-3901/p-54842
industries/cables-by-type/others/industrial-cable/polycab-rr-e-mc-1100v-ac-is-9968-1	https://polycab.com/polycab-rr-e-mc-1100v-ac-is-9968-1/a-5038/p-55568
industries/cables-by-type/others/industrial-cable/polycab-type-mc-al-conductor-ul-1569-600v	https://polycab.com/polycab-type-mc-al-conductor-ul-1569-600v/a-5040/p-54951
industries/cables-by-type/others/industrial-cable/polycab-type-mc-cu-conductor-ul-1569-600v	https://polycab.com/polycab-type-mc-cu-conductor-ul-1569-600v/a-5040/p-54860
industries/cables-by-type/others/industrial-cable/polycab-type-mc-pvc-jacketed-cu-conductor-ul-1569-600v	https://polycab.com/polycab-type-mc-pvc-jacketed-cu-conductor-ul-1569-600v/a-5040/p-54862
industries/cables-by-type/others/marine-and-offshoreonshore-cable/polycab-h05rr-f-bsen-50525-2-21-mc-300500v-ac	https://polycab.com/polycab-h05rr-f-bsen-50525-2-21-mc-300500v-ac/a-5050/p-54945
industries/cables-by-type/others/marine-and-offshoreonshore-cable/polycab-hydro-type-lsxlpo-sc-ieee-1580-061kv-or-2kv	https://polycab.com/polycab-hydro-type-lsxlpo-sc-ieee-1580-061kv-or-2kv/a-5037/p-55317
industries/cables-by-type/others/marine-and-offshoreonshore-cable/polycab-h07rn-f-bsen-50525-2-21-mc-450750v-ac	https://polycab.com/polycab-h07rn-f-bsen-50525-2-21-mc-450750v-ac/a-5050/p-54832
industries/cables-by-type/others/marine-and-offshoreonshore-cable/polycab-rr-c-mc-1100v-ac-is-9968-1	https://polycab.com/polycab-rr-c-mc-1100v-ac-is-9968-1/a-5038/p-55576
industries/cables-by-type/others/marine-and-offshoreonshore-cable/polycab-rr-e-mc-1100v-ac-is-9968-1	https://polycab.com/polycab-rr-e-mc-1100v-ac-is-9968-1/a-5038/p-55568
industries/cables-by-type/others/marine-and-offshoreonshore-cable/polycab-sir-sc-1100v-ac-is-9968-1	https://polycab.com/polycab-sir-sc-1100v-ac-is-9968-1/a-5050/p-54931
industries/cables-by-type/others/marine-and-offshoreonshore-cable/polymarine-iec-60092-353-0610kv-uarmoured-cable	https://polycab.com/polymarine-iec-60092-353-0610kv-uarmoured-cable/a-5049/p-54888
industries/cables-by-type/others/marine-and-offshoreonshore-cable/polymarine-iec-60092-354-610kv	https://polycab.com/polymarine-iec-60092-354-610kv/a-5049/p-54898
industries/cables-by-type/others/marine-and-offshoreonshore-cable/polymarine-instrumentation-pair-250v-isos-iec-60092-376	https://polycab.com/polymarine-instrumentation-pair-250v-isos-iec-60092-376/a-5049/p-55053
industries/cables-by-type/others/marine-and-offshoreonshore-cable/polymarine-instrumentation-pair-250v-os-iec-60092-376	https://polycab.com/polymarine-instrumentation-pair-250v-os-iec-60092-376/a-5049/p-55051
industries/cables-by-type/others/rubber-cable/polycab-h05rr-f-bsen-50525-2-21-mc-300500v-ac	https://polycab.com/polycab-h05rr-f-bsen-50525-2-21-mc-300500v-ac/a-5050/p-54945
industries/cables-by-type/others/rubber-cable/polycab-mv-cu-is-9968-2-12722e-or-1111uekv	https://polycab.com/polycab-mv-cu-is-9968-2-12722-e-or-1111-ue-kv/a-5038/p-55614
industries/cables-by-type/others/rubber-cable/polycab-h07bn4-f-bsen-50525-2-21-mc-450750v-ac	https://polycab.com/polycab-h07bn4-f-bsen-50525-2-21-mc-450750v-ac/a-5050/p-55584
industries/cables-by-type/others/rubber-cable/polycab-mv-cu-is-9968-2-63511e-or-6666uekv	https://polycab.com/polycab-mv-cu-is-9968-2-63511-e-or-6666-ue-kv/a-5038/p-55612
industries/cables-by-type/others/rubber-cable/polycab-sir-1100v-ac-is-9968-1	https://polycab.com/polycab-sir-1100v-ac-is-9968-1/a-5050/p-54935
industries/cables-by-type/others/rubber-cable/polycab-sir-g-1100v-ac-is-9968-1	https://polycab.com/polycab-sir-g-1100v-ac-is-9968-1/a-5050/p-54929
industries/cables-by-type/others/rubber-cable/polycab-sir-sc-1100v-ac-is-9968-1	https://polycab.com/polycab-sir-sc-1100v-ac-is-9968-1/a-5050/p-54931
industries/cables-by-type/renewable-energy/polycab-solar-as-nzs-5000-rfh-at	https://polycab.com/polycab-solar-as-nzs-5000-rfh-at/a-5034/p-55515
industries/cables-by-type/renewable-energy/polycab-solar-as-nzs-5000-rfh	https://polycab.com/polycab-solar-as-nzs-5000-rfh/a-5034/p-55513
industries/cables-by-application/aerospace-industry/polycab-h05z1z1-f-bsen-50525-3-11-300500v-ac	https://polycab.com/polycab-h05z1z1-f-bsen-50525-3-11-300500v-ac/a-5051/p-54911
industries/cables-by-application/aerospace-industry/polycab-mv-cu-bs-6622-1933kv	https://polycab.com/polycab-mv-cu-bs-6622-1933kv/a-5051/p-54981
industries/cables-by-application/automation-and-process-control/polycab-01y-r-sc-1100v-ac-is-694	https://polycab.com/polycab-01y-r-sc-1100v-ac-is-694/a-5040/p-55628
industries/cables-by-application/automation-and-process-control/polycab-h05v-uh05v-rh05v-k-bsen-50525-2-31-sc-300500v-ac	https://polycab.com/polycab-h05v-uh05v-rh05v-k-bsen-50525-2-31-sc-300500v-ac/a-5040/p-55325
industries/cables-by-application/automation-and-process-control/polycab-cu-type-tctc-er-thhnthwn-2-tray-cable	https://polycab.com/polycab-cu-type-tctc-er-thhnthwn-2-tray-cable/a-3904/p-55564
industries/cables-by-application/cement-industry/polycab-hffr-04xzz-k04xzxz-k-mc-1100v-ac-is-17048	https://polycab.com/polycab-hffr-04xzz-k04xzxz-k-mc-1100v-ac-is-17048/a-5044/p-54822
industries/cables-by-application/cement-industry/polycab-h05bb-f-bsen-50525-2-21-mc-300500v-ac	https://polycab.com/polycab-h05bb-f-bsen-50525-2-21-mc-300500v-ac/a-5050/p-55586
industries/cables-by-application/cement-industry/polycab-hffr-4xzz-k04xzxz-k-1100v-ac-is-17048-flat-cable	https://polycab.com/polycab-hffr-4xzz-k04xzxz-k-1100v-ac-is-17048-flat-cable/a-5044/p-55646
industries/cables-by-application/cement-industry/polycab-lv-al-iec-60502-1-061kv-mc-3-sfa	https://polycab.com/polycab-lv-al-iec-60502-1-061kv-mc-3-sfa/a-5046/p-55279
industries/cables-by-application/cement-industry/polycab-lv-al-iec-60502-1-061kv-sc-awa	https://polycab.com/polycab-lv-al-iec-60502-1-061kv-sc-awa/a-5046/p-55245
industries/cables-by-standards/is-694/polycab-festoon-flat-05sqmm-multicore-cable	https://polycab.com/polycab-festoon-flat-05sqmm-multicore-cable/a-5040/p-55493
industries/cables-by-application/cement-industry/polycab-lv-is-7098-i-2c-2xwy	https://polycab.com/polycab-lv-is-7098-i-2c-2xwy/a-5043/p-54702
industries/cables-by-application/cement-industry/polycab-lv-is-7098-i-35c-a2xy	https://polycab.com/polycab-lv-is-7098-i-35c-a2xy/a-5046/p-54746
industries/cables-by-application/commercial/polycab-02ayy-2-core-1100v-is-694-flat-cable	https://polycab.com/polycab-02ayy-2-core-1100v-is-694-flat-cable/a-3901/p-54927
industries/cables-by-application/commercial/polycab-3192a3182a3183a3184a3185a-bs-6004-mc-300500v-ac	https://polycab.com/polycab-3192a3182a3183a3184a3185a-bs-6004-mc-300500v-ac/a-3904/p-55477
industries/cables-by-application/commercial/polycab-cu-xhhw-2-type-mc-steel-armoured-pvc-jacket-ul-1569-600v	https://polycab.com/polycab-cu-xhhw-2-type-mc-steel-armoured-pvc-jacket-ul-1569-600v/a-5040/p-54955
industries/cables-by-application/commercial/polycab-h03vvh2-f-bsen-50525-2-11-mc-300300v-ac	https://polycab.com/polycab-h03vvh2-f-bsen-50525-2-11-mc-300300v-ac/a-5040/p-55540
industries/cables-by-application/commercial/polycab-thhn-al-ul-83-600v	https://polycab.com/polycab-thhn-al-ul-83-600v/a-3901/p-54842
industries/cables-by-application/commercial/polycab-type-mc-cu-conductor-ul-1569-600v	https://polycab.com/polycab-type-mc-cu-conductor-ul-1569-600v/a-5040/p-54860
industries/cables-by-application/healthcare/polycab-etira-frlsh-1100v-ac-is-694	https://polycab.com/polycab-etira-frlsh-1100v-ac-is-694/a-3901/p-55660
industries/cables-by-application/healthcare/polycab-fr-lsh-1100v-ac-is-694	https://polycab.com/polycab-fr-lsh-1100v-ac-is-694/a-3901/p-54917
industries/cables-by-application/it-industry/polycab-lv-25-cu-iec-60502-1-061kv-mc-sfa	https://polycab.com/polycab-lv-25-cu-iec-60502-1-061kv-mc-sfa/a-5043/p-55311
industries/cables-by-application/it-industry/polycab-instrumentation-500-sttimf	https://polycab.com/polycab-instrumentation-500-st-timf/a-3905/p-54782
industries/cables-by-application/it-industry/polycab-lv-cu-iec-60502-1-061kv-mc-3-sfa	https://polycab.com/polycab-lv-cu-iec-60502-1-061kv-mc-3-sfa/a-5046/p-55285
industries/cables-by-application/it-industry/polycab-lv-cu-iec-60502-1-061kv-mc-4-swa	https://polycab.com/polycab-lv-cu-iec-60502-1-061kv-mc-4-swa/a-5046/p-55299
industries/cables-by-application/mass-transit-railways-and-marine/polymarine-instrumentation-pair-250v-br-scr-iec-60092-376	https://polycab.com/polymarine-instrumentation-pair-250v-br-scr-iec-60092-376/a-5049/p-55047
industries/cables-by-application/mining-drilling-and-tunneling/polycab-mv-cu-is-9968-2-12722e-or-1111uekv	https://polycab.com/polycab-mv-cu-is-9968-2-12722-e-or-1111-ue-kv/a-5038/p-55614
industries/cables-by-application/pharmaceutical-industry/polycab-hffr-01zz-k03xzz-k-1100v-ac-is-17048-flat-cable	https://polycab.com/polycab-hffr-01zz-k03xzz-k-1100v-ac-is-17048-flat-cable/a-5044/p-55644
industries/cables-by-application/it-industry/polycab-lv-is-7098-i-3c-a2xwy	https://polycab.com/polycab-lv-is-7098-i-3c-a2xwy/a-5043/p-54722
industries/cables-by-application/it-industry/polycab-lv-is-7098-i-4c-2xfy	https://polycab.com/polycab-lv-is-7098-i-4c-2xfy/a-5043/p-54724
industries/cables-by-application/pharmaceutical-industry/polycab-ignis-220	https://polycab.com/polycab-ignis-220/a-5047/p-54868
industries/cables-by-application/pharmaceutical-industry/polycab-lv-25-cu-iec-60502-1-061kv-mc-sfa	https://polycab.com/polycab-lv-25-cu-iec-60502-1-061kv-mc-sfa/a-5043/p-55311
industries/cables-by-application/pharmaceutical-industry/polycab-lv-cu-iec-60502-1-061kv-mc-3-swa	https://polycab.com/polycab-lv-cu-iec-60502-1-061kv-mc-3-swa/a-5046/p-55287
industries/cables-by-application/pharmaceutical-industry/polycab-lv-cu-iec-60502-1-061kv-sc-sfa	https://polycab.com/polycab-lv-cu-iec-60502-1-061kv-sc-sfa/a-5046/p-55251
industries/cables-by-application/pharmaceutical-industry/polycab-lv-is-7098-i-1c-a2xfay-a2xway	https://polycab.com/polycab-lv-is-7098-i-1c-a2xfay-a2xway/a-5043/p-54734
industries/cables-by-application/power-and-network/polycab-aerial-bunched-cable-1100v-ac-abc	https://polycab.com/polycab-aerial-bunched-cable-1100v-ac-abc/a-3907/p-55618
industries/cables-by-application/sugar-industry/polycab-02yy-k-1100v-ac-is-694	https://polycab.com/polycab-02yy-k-1100v-ac-is-694/a-5046/p-54810
industries/cables-by-application/pharmaceutical-industry/polycab-lv-is-7098-i-35c-a2xfy	https://polycab.com/polycab-lv-is-7098-i-35c-a2xfy/a-5043/p-54712
industries/cables-by-application/pharmaceutical-industry/polycab-lv-is-7098-i-4c-a2xfy	https://polycab.com/polycab-lv-is-7098-i-4c-a2xfy/a-5043/p-54728
industries/cables-by-application/power-and-network/polycab-bs-6724-mc-swa-lszhshaped-conductor1933kv-ac	https://polycab.com/polycab-bs-6724-mc-swa-lszh-shaped-conductor-1933kv-ac/a-3907/p-55463
industries/cables-by-application/renewable-energy/polycab-mv-is-7098-ii-1c-2xway2xfay-3866kve	https://polycab.com/polycab-mv-is-7098-ii-1c-2xway2xfay-3866kv-e/a-3908/p-55059
industries/cables-by-application/residential/polycab-al-xhhw-2-type-mc-al-armoured-pvc-jacket-ul-1569-600v	https://polycab.com/polycab-al-xhhw-2-type-mc-al-armoured-pvc-jacket-ul-1569-600v/a-5040/p-54957
industries/cables-by-application/residential/polycab-cu-xhhw-2-type-mc-steel	https://polycab.com/polycab-cu-xhhw-2-type-mc-steel-armoured-pvc-jacket-ul-1569-600v/a-5040/p-54955
industries/cables-by-application/sugar-industry/polycab-hffr-04xzz-k04xzxz-k-1100v-ac-is-17048	https://polycab.com/polycab-hffr-04xzz-k04xzxz-k-1100v-ac-is-17048/a-5044/p-54818
industries/cables-by-application/sugar-industry/polycab-lv-al-iec-60502-1-061kv-mc-4-swa	https://polycab.com/polycab-lv-al-iec-60502-1-061kv-mc-4-swa/a-5046/p-55293
industries/cables-by-application/sugar-industry/polycab-lv-cu-iec-60502-1-061kv-mc-2-ua	https://polycab.com/polycab-lv-cu-iec-60502-1-061kv-mc-2-ua/a-5046/p-55265
industries/cables-by-application/sugar-industry/polycab-lv-cu-iec-60502-1-061kv-mc-35-ua	https://polycab.com/polycab-lv-cu-iec-60502-1-061kv-mc-35-ua/a-5046/p-55277
industries/cables-by-application/sugar-industry/polycab-lv-is-7098-i-1c-2xfay-2xway	https://polycab.com/polycab-lv-is-7098-i-1c-2xfay-2xway/a-5043/p-54732
industries/cables-by-application/sugar-industry/polycab-lv-is-7098-i-3c-2xy	https://polycab.com/polycab-lv-is-7098-i-3c-2xy/a-5043/p-54748
industries/cables-by-standards/bs-6004/polycab-6241y6242y6243y-bs-6004-mc-300500v-ac	https://polycab.com/polycab-6241y6242y6243y-bs-6004-mc-300500v-ac/a-3904/p-55479
industries/cables-by-standards/is-694/polycab-fr-lf-1100v-ac-is-694	https://polycab.com/polycab-fr-lf-1100v-ac-is-694/a-3901/p-54919
industries/cables-by-application/utility/polycab-mv-1t-al-xlpe-as-nzs-19-33kv-atr	https://polycab.com/polycab-mv-1t-al-xlpe-as-nzs-1933kv-atr/a-3908/p-55201
industries/cables-by-application/utility/polycab-mv-3c-al-xlpe-as-nzs-3866kv	https://polycab.com/polycab-mv-3c-al-xlpe-as-nzs-3866kv/a-3908/p-55157
industries/cables-by-application/utility/polycab-mv-3c-al-xlpe-atr-as-nzs-3.8-6.6kv	https://polycab.com/polycab-mv-3c-al-xlpe-atr-as-nzs-3866kv/a-3908/p-55159
industries/cables-by-application/utility/polycab-mv-3c-cu-xlpe-as-nzs-3866kv	https://polycab.com/polycab-mv-3c-cu-xlpe-as-nzs-3866kv/a-3908/p-55155
industries/cables-by-application/utility/polycab-mv-al-iec-60502-2-18-30kv	https://polycab.com/polycab-mv-al-iec-60502-2-1830kv/a-3908/p-55421
industries/cables-by-application/utility/polycab-mv-cu-ul-1072-5kv-xlpe-100-or-133	https://polycab.com/polycab-mv-cu-ul-1072-5kv-xlpe-100-or-133/a-3908/p-55397
industries/cables-by-application/utility/polycab-mv-is-7098-ii-3c-a2xwy2xfy-3.8-6.6kve	https://polycab.com/polycab-mv-is-7098-ii-3c-a2xwya2xfy-3866kv-e/a-3908/p-55107
industries/cables-by-application/utility/polycab-mv-sc-al-xlpe-atr-as-nzs-3.8-6.6kv	https://polycab.com/polycab-mv-sc-al-xlpe-atr-as-nzs-3866kv/a-3908/p-55129
industries/cables-by-application/water-treatment-and-waste-disposal/polycab-h05bq-f-bsen-50525-2-21-mc-300500v-ac	https://polycab.com/polycab-h05bq-f-bsen-50525-2-21-mc-300500v-ac/a-5043/p-54826
industries/cables-by-application/water-treatment-and-waste-disposal/polycab-lv-25-cu-iec-60502-1-061kv-mc-swa	https://polycab.com/polycab-lv-25-cu-iec-60502-1-061kv-mc-swa/a-5043/p-55313
industries/cables-by-application/water-treatment-and-waste-disposal/polycab-lv-cu-iec-60502-1-061kv-mc-3-sfa	https://polycab.com/polycab-lv-cu-iec-60502-1-061kv-mc-3-sfa/a-5046/p-55285
industries/cables-by-application/water-treatment-and-waste-disposal/polycab-lv-cu-iec-60502-1-061kv-mc-35-sfa	https://polycab.com/polycab-lv-cu-iec-60502-1-061kv-mc-35-sfa/a-5046/p-55273
industries/cables-by-application/water-treatment-and-waste-disposal/polycab-lv-is-7098-i-35c-2xfy	https://polycab.com/polycab-lv-is-7098-i-35c-2xfy/a-5043/p-54708
industries/cables-by-application/water-treatment-and-waste-disposal/polycab-lv-is-7098-i-3c-a2xwy	https://polycab.com/polycab-lv-is-7098-i-3c-a2xwy/a-5043/p-54722
industries/cables-by-standards/ansiicea-s-93-639/polycab-mv-sc-al-epr-iceanema-35kv	https://polycab.com/polycab-mv-sc-al-epr-iceanema-35kv/a-3908/p-55221
industries/cables-by-standards/as-nzs-5000/polycab-solar-as-nzs-5000-xlpo-twist-at	https://polycab.com/polycab-solar-as-nzs-5000-xlpo-twist-at/a-5034/p-55527
industries/cables-by-standards/asnzs-14291/polycab-mv-3c-al-xlpe-atr-as-nzs-1933kv	https://polycab.com/polycab-mv-3c-al-xlpe-atr-as-nzs-1933kv/a-3908/p-55153
industries/cables-by-standards/asnzs-14291/polycab-mv-3c-cu-xlpe-as-nzs-63511kv	https://polycab.com/polycab-mv-3c-cu-xlpe-as-nzs-63511kv/a-3908/p-55161
industries/cables-by-standards/bs-7835/polycab-mv-al-bs-7835-193336kv	https://polycab.com/polycab-mv-al-bs-7835-1933-36-kv/a-5049/p-54947
industries/cables-by-standards/bs-7835/polycab-mv-cu-bs-7835-1272224kv	https://polycab.com/polycab-mv-cu-bs-7835-12722-24-kv/a-3908/p-55009
industries/cables-by-standards/bs-7870-4-10/polycab-mv-cu-bs-7870-4-10-63511kv-triplex	https://polycab.com/polycab-mv-cu-bs-7870-4-10-63511kv-triplex/a-3908/p-55035
industries/cables-by-standards/bsen-50288-7/polycab-bms-500-mc-c4	https://polycab.com/polycab-bms-500-mc-c4/a-3901/p-54798
industries/cables-by-standards/bsen-50525-2-31/polycab-h05v-uh05v-rh05v-k-bsen-50525-2-31-sc-300500v-ac	https://polycab.com/polycab-h05v-uh05v-rh05v-k-bsen-50525-2-31-sc-300500v-ac/a-5040/p-55325
industries/cables-by-standards/bsen-50525-3-11/polycab-h05z1z1-f-bsen-50525-3-11-300500v-ac	https://polycab.com/polycab-h05z1z1-f-bsen-50525-3-11-300500v-ac/a-5051/p-54911
industries/cables-by-standards/iec-60092-376/polymarine-instrumentation-pair-250v-fs-br-isos-iec-60092-376	https://polycab.com/polymarine-instrumentation-pair-250v-fs-br-isos-iec-60092-376/a-5049/p-55041
industries/cables-by-standards/iec-60502-1/polycab-lv-25-cu-iec-60502-1-061kv-mc-swa	https://polycab.com/polycab-lv-25-cu-iec-60502-1-061kv-mc-swa/a-5043/p-55313
industries/cables-by-standards/iec-60502-1/polycab-lv-al-iec-60502-1-061kv-mc-4-sfa	https://polycab.com/polycab-lv-al-iec-60502-1-061kv-mc-4-sfa/a-5046/p-55291
industries/cables-by-standards/iec-60502-1/polycab-lv-cu-iec-60502-1-061kv-sc-ua	https://polycab.com/polycab-lv-cu-iec-60502-1-061kv-sc-ua/a-5046/p-55253
industries/cables-by-standards/iec-60840/polycab-ehv-cu-al-cor-220kv	https://polycab.com/polycab-ehv-cu-al-cor-220kv/a-3908/p-55357
industries/cables-by-standards/ieee-1580/polycab-hydro-type-lsxlpo-sc-ieee-1580-061kv-or-2kv	https://polycab.com/polycab-hydro-type-lsxlpo-sc-ieee-1580-061kv-or-2kv/a-5037/p-55317
industries/cables-by-standards/is-17048/polycab-hffr-04xz-k-sc-1100v-ac-is-17048	https://polycab.com/polycab-hffr-04xz-k-sc-1100v-ac-is-17048/a-5044/p-54806
industries/cables-by-standards/is-7098-i/polycab-lv-is-7098-i-35c-a2xy	https://polycab.com/polycab-lv-is-7098-i-35c-a2xy/a-5046/p-54746
industries/cables-by-standards/is-9968-1/polycab-rr-c-mc-1100v-ac-is-9968-1	https://polycab.com/polycab-rr-c-mc-1100v-ac-is-9968-1/a-5038/p-55576
industries/cables-by-standards/is-7098-ii/polycab-mv-is-7098-ii-1c-2xway2xfay-6666kvue	https://polycab.com/polycab-mv-is-7098-ii-1c-2xway2xfay-6666kv-ue/a-3908/p-55061
industries/cables-by-standards/polycab-standard/polycab-classic-110-cy-screened-300500v-ac	https://polycab.com/polycab-classic-110-cy-screened-300500v-ac/a-5040/p-55650
industries/cables-by-standards/rs-485/polycab-rs-485-300500v-ac-armoured-cable	https://polycab.com/polycab-rs-485-300500v-ac-armoured-cable/a-5040/p-55654
industries/cables-by-type/mv-power-cable/polycab-mv-is-7098-ii-3c-a2xwya2xfy-3333kvue	https://polycab.com/polycab-mv-is-7098-ii-3c-a2xwya2xfy-3333kv-ue/a-3908/p-55105
industries/cables-by-standards/ul-1569/polycab-cu-xhhw-2-type-mc-steel-armoured-pvc-jacket-ul-1569-600v	https://polycab.com/polycab-cu-xhhw-2-type-mc-steel-armoured-pvc-jacket-ul-1569-600v/a-5040/p-54955
industries/cables-by-standards/ul-2250/polycab-hydro-type-tc-eritc-er-cic-tctype-sp-os	https://polycab.com/polycab-hydro-type-tc-eritc-er-cic-tc-type-sp-os/a-5037/p-55485
industries/cables-by-type/ehv-power-cable/polycab-ehv-cu-al-cor-220kv	https://polycab.com/polycab-ehv-cu-al-cor-220kv/a-3908/p-55357
industries/cables-by-type/instrumentation-cable/polycab-instrumentation-300-sttimf	https://polycab.com/polycab-instrumentation-300-st-timf/a-3905/p-54778
industries/cables-by-type/lv-power-cable/polycab-lv-al-iec-60502-1-061kv-mc-4-sfa	https://polycab.com/polycab-lv-al-iec-60502-1-061kv-mc-4-sfa/a-5046/p-55291
industries/cables-by-type/lv-power-cable/polycab-lv-cu-iec-60502-1-061kv-mc-3-swa	https://polycab.com/polycab-lv-cu-iec-60502-1-061kv-mc-3-swa/a-5046/p-55287
industries/cables-by-type/lv-power-cable/polycab-lv-cu-iec-60502-1-061kv-sc-sfa	https://polycab.com/polycab-lv-cu-iec-60502-1-061kv-sc-sfa/a-5046/p-55251
industries/cables-by-type/lv-power-cable/polycab-lv-is-7098-i-1c-2xy	https://polycab.com/polycab-lv-is-7098-i-1c-2xy/a-5046/p-54736
industries/cables-by-type/lv-power-cable/polycab-lv-is-7098-i-35c-2xfy	https://polycab.com/polycab-lv-is-7098-i-35c-2xfy/a-5043/p-54708
industries/cables-by-type/mv-power-cable/polycab-mv-35kv-al-ul-1072-epr-133	https://polycab.com/polycab-mv-35kv-al-ul-1072-epr-133/a-3908/p-55441
industries/cables-by-type/mv-power-cable/polycab-mv-3c-al-xlpe-atr-as-nzs-1933kv copy	https://polycab.com/polycab-mv-3c-al-xlpe-atr-as-nzs-1933kv/a-3908/p-55153
industries/cables-by-type/mv-power-cable/polycab-mv-al-bs-7870-4-10-1933kv-triplex	https://polycab.com/polycab-mv-al-bs-7870-4-10-1933kv-triplex/a-3908/p-55029
industries/cables-by-type/mv-power-cable/polycab-mv-cu-bs-7870-4-10-1933kv-triplex	https://polycab.com/polycab-mv-cu-bs-7870-4-10-1933kv-triplex/a-3908/p-55033
industries/cables-by-type/mv-power-cable/polycab-mv-is-7098-ii-1c-2xway2xfay-3333kvue	https://polycab.com/polycab-mv-is-7098-ii-1c-2xway2xfay-3333kv-ue/a-3908/p-55057
industries/cables-by-type/mv-power-cable/polycab-mv-1t-al-xlpe-as-nzs-1933kv	https://polycab.com/polycab-mv-1t-al-xlpe-as-nzs-1933kv/a-3908/p-55199
industries/cables-by-type/others/aerial-bunched-cable/polycab-aerial-bunched-cable-1933kv-ac-abc	https://polycab.com/polycab-aerial-bunched-cable-1933kv-ac-abc/a-3907/p-55620
industries/cables-by-type/mv-power-cable/polycab-mv-sc-al-xlpe-as-nzs-63511kv	https://polycab.com/polycab-mv-sc-al-xlpe-as-nzs-63511kv/a-3908/p-55133
industries/cables-by-type/others/control-cable/polycab-lv-is-7098-i-mc-25-2xwy	https://polycab.com/polycab-lv-is-7098-i-mc-25-2xwy/a-5043/p-54764
industries/cables-by-type/others/control-cable/polycab-classic-100-sy-300500v-ac	https://polycab.com/polycab-classic-100-sy-300500v-ac/a-5040/p-55554
industries/cables-by-type/others/control-cable/polycab-lv-15-cu-iec-60502-1-061kv-mc-sfa	https://polycab.com/polycab-lv-15-cu-iec-60502-1-061kv-mc-sfa/a-5043/p-55305
industries/cables-by-type/others/domestic-appliance-and-lighting-cable/polycab-3192a3182a3183a3184a3185a-bs-6004-mc-300500v-ac	https://polycab.com/polycab-3192a3182a3183a3184a3185a-bs-6004-mc-300500v-ac/a-3904/p-55477
industries/cables-by-type/others/domestic-appliance-and-lighting-cable/polycab-cu-xhhw-2-type-mc-steel-armoured-pvc-jacket-ul-1569-600v	https://polycab.com/polycab-cu-xhhw-2-type-mc-steel-armoured-pvc-jacket-ul-1569-600v/a-5040/p-54955
industries/cables-by-type/others/domestic-appliance-and-lighting-cable/polycab-01y-r-sc-1100v-ac-is-694	https://polycab.com/polycab-01y-r-sc-1100v-ac-is-694/a-5040/p-55628
industries/cables-by-type/others/fire-protection-cable/polycab-firealarm-shielded-unarmoured-cable	https://polycab.com/polycab-firealarm-shielded-unarmoured-cable/a-5047/p-54792
industries/cables-by-type/others/fire-protection-cable/polycab-ignis-200	https://polycab.com/polycab-ignis-200/a-5047/p-54864
industries/cables-by-type/others/high-temperature-cable/polycab-h05ss-k-bsen-50525-2-41-sc-300500v-ac	https://polycab.com/polycab-h05ss-k-bsen-50525-2-41-sc-300500v-ac/a-5050/p-54941
industries/cables-by-type/others/industrial-cable/polycab-h05ss-k-bsen-50525-2-41-sc-300500v-ac	https://polycab.com/polycab-h05ss-k-bsen-50525-2-41-sc-300500v-ac/a-5050/p-54941
industries/cables-by-type/others/industrial-cable/polycab-6241y6242y6243y-bs-6004-mc-300500v-ac	https://polycab.com/polycab-6241y6242y6243y-bs-6004-mc-300500v-ac/a-3904/p-55479
industries/cables-by-type/others/industrial-cable/polycab-al-type-tc-xhhw-2-cable-600v	https://polycab.com/polycab-al-type-tc-xhhw-2-cable-600v/a-5040/p-54963
industries/cables-by-type/others/marine-and-offshoreonshore-cable/polymarine-iec-60092-354-8715kv	https://polycab.com/polymarine-iec-60092-354-8715kv/a-5049/p-54900
industries/cables-by-type/others/industrial-cable/polycab-cu-xhhw-2-type-mc-steel-armoured-pvc-jacket-ul-1569-600v	https://polycab.com/polycab-cu-xhhw-2-type-mc-steel-armoured-pvc-jacket-ul-1569-600v/a-5040/p-54955
industries/cables-by-type/others/industrial-cable/polycab-rr-c-mc-1100v-ac-is-9968-1	https://polycab.com/polycab-rr-c-mc-1100v-ac-is-9968-1/a-5038/p-55576
industries/cables-by-type/others/industrial-cable/polycab-hffr-01z-k03xz-k-sc-1100v-ac-is-17048	https://polycab.com/polycab-hffr-01z-k03xz-k-sc-1100v-ac-is-17048/a-5044/p-54808
industries/cables-by-type/others/industrial-cable/polycab-hffr-04xz-k-sc-1100v-ac-is-17048	https://polycab.com/polycab-hffr-04xz-k-sc-1100v-ac-is-17048/a-5044/p-54806
industries/cables-by-type/others/marine-and-offshoreonshore-cable/polycab-h05bn4-f-bsen-50525-2-21-mc-300500v-ac	https://polycab.com/polycab-h05bn4-f-bsen-50525-2-21-mc-300500v-ac/a-5050/p-55588
industries/cables-by-type/others/marine-and-offshoreonshore-cable/polycab-hydro-type-lsxlpo-mc-ieee-1580-061kv-or-2kv	https://polycab.com/polycab-hydro-type-lsxlpo-mc-ieee-1580-061kv-or-2kv/a-5037/p-55319
industries/cables-by-type/others/rubber-cable/polycab-h05bb-f-bsen-50525-2-21-mc-300500v-ac	https://polycab.com/polycab-h05bb-f-bsen-50525-2-21-mc-300500v-ac/a-5050/p-55586
industries/cables-by-type/renewable-energy/polycab-solar-as-nzs-5000-rfh-twist	https://polycab.com/polycab-solar-as-nzs-5000-rfh-twist/a-5034/p-55519
industries/cables-by-type/renewable-energy/polycab-solar-h1z2z2-k-bsen-50618-at	https://polycab.com/polycab-solar-h1z2z2-k-bsen-50618-at/a-5034/p-55531
industries/cables-by-type/renewable-energy/polycab-solar-h1z2z2-k-bsen-50618	https://polycab.com/polycab-solar-h1z2z2-k-bsen-50618/a-5034/p-55529
industries/cables-by-application/automation-and-process-control/polycab-flexible-cords-type-sjtho3vv-f-ul-62-300v-ac	https://polycab.com/polycab-flexible-cords-type-sjtho3vv-f-ul-62-300v-ac/a-5040/p-54975
industries/cables-by-application/cement-industry/polycab-sir-s-1100v-ac-is-9968-1	https://polycab.com/polycab-sir-s-1100v-ac-is-9968-1/a-5050/p-54933
industries/cables-by-application/automation-and-process-control/polycab-01y-k-sc-1100v-ac-is-694	https://polycab.com/polycab-01y-k-sc-1100v-ac-is-694/a-5040/p-55626
industries/cables-by-application/automation-and-process-control/polycab-classic-100-sy-450750v-ac	https://polycab.com/polycab-classic-100-sy-450750v-ac/a-5040/p-55560
industries/cables-by-application/automation-and-process-control/polycab-cu-xhhw-2-type-mc-steel-armoured-pvc-jacket-ul-1569-600v	https://polycab.com/polycab-cu-xhhw-2-type-mc-steel-armoured-pvc-jacket-ul-1569-600v/a-5040/p-54955
industries/cables-by-application/automation-and-process-control/polycab-h05z-kh07z-k-bsen-50525-3-41-sc-300500vand450750v-ac	https://polycab.com/polycab-h05z-kh07z-k-bsen-50525-3-41-sc-300500v450750v-ac/a-5040/p-54915
industries/cables-by-application/automation-and-process-control/polycab-type-mc-cu-conductor-ul-1569-600v	https://polycab.com/polycab-type-mc-cu-conductor-ul-1569-600v/a-5040/p-54860
industries/cables-by-application/cement-industry/polycab-hffr-04xz-k-sc-1100v-ac-is-17048	https://polycab.com/polycab-hffr-04xz-k-sc-1100v-ac-is-17048/a-5044/p-54806
industries/cables-by-application/cement-industry/polycab-lv-25-cu-iec-60502-1-061kv-mc-swa	https://polycab.com/polycab-lv-25-cu-iec-60502-1-061kv-mc-swa/a-5043/p-55313
industries/cables-by-application/cement-industry/polycab-lv-al-iec-60502-1-061kv-mc-2-sfa	https://polycab.com/polycab-lv-al-iec-60502-1-061kv-mc-2-sfa/a-5046/p-55255
industries/cables-by-application/cement-industry/polycab-lv-al-iec-60502-1-061kv-mc-3-ua	https://polycab.com/polycab-lv-al-iec-60502-1-061kv-mc-3-ua/a-5046/p-55283
industries/cables-by-application/cement-industry/polycab-lv-cu-iec-60502-1-061kv-sc-awa	https://polycab.com/polycab-lv-cu-iec-60502-1-061kv-sc-awa/a-5046/p-55249
industries/cables-by-application/cement-industry/polycab-lv-is-7098-i-2c-a2xy	https://polycab.com/polycab-lv-is-7098-i-2c-a2xy/a-5046/p-54742
industries/cables-by-application/defence-and-armaments-industry/polycab-h05bn4-f-bsen-50525-2-21-mc-300500v-ac	https://polycab.com/polycab-h05bn4-f-bsen-50525-2-21-mc-300500v-ac/a-5050/p-55588
industries/cables-by-application/defence-and-armaments-industry/polycab-h07bn4-f-bsen-50525-2-21-mc-450750v-ac	https://polycab.com/polycab-h07bn4-f-bsen-50525-2-21-mc-450750v-ac/a-5050/p-55584
industries/cables-by-application/food-and-beverages/polycab-hffr-04xz-r-sc-1100v-ac-is-17048	https://polycab.com/polycab-hffr-04xz-r-sc-1100v-ac-is-17048/a-5042/p-55640
industries/cables-by-application/mass-transit-railways-and-marine/polycab-hydro-type-lsxlpo-061kv-or-2kv	https://polycab.com/polycab-hydro-type-lsxlpo-061kv-or-2kv/a-5037/p-55315
industries/cables-by-application/mass-transit-railways-and-marine/polycab-hydro-type-lsxlpo-mc-ieee-1580-061kv-or-2kv	https://polycab.com/polycab-hydro-type-lsxlpo-mc-ieee-1580-061kv-or-2kv/a-5037/p-55319
industries/cables-by-application/metal-industry/polycab-hffr-01zz-k03xzz-k-1100v-ac-is-17048-flat-cable	https://polycab.com/polycab-hffr-01zz-k03xzz-k-1100v-ac-is-17048-flat-cable/a-5044/p-55644
industries/cables-by-application/metal-industry/polycab-hffr-04xz-k-1100v-ac-is-17048	https://polycab.com/polycab-hffr-04xz-k-1100v-ac-is-17048/a-5044/p-54923
industries/cables-by-application/mining-drilling-and-tunneling/polycab-rr-e-mc-1100v-ac-is-9968-1	https://polycab.com/polycab-rr-e-mc-1100v-ac-is-9968-1/a-5038/p-55568
industries/cables-by-application/pharmaceutical-industry/polycab-hffr-04xzz-r04xzxz-r-1100v-ac-is-17048	https://polycab.com/polycab-hffr-04xzz-r04xzxz-r-1100v-ac-is-17048/a-5042/p-55642
industries/cables-by-application/pharmaceutical-industry/polycab-ignis-215	https://polycab.com/polycab-ignis-215/a-5047/p-54880
industries/cables-by-application/pharmaceutical-industry/polycab-lv-al-iec-60502-1-061kv-mc-4-ua	https://polycab.com/polycab-lv-al-iec-60502-1-061kv-mc-4-ua/a-5046/p-55295
industries/cables-by-application/pharmaceutical-industry/polycab-lv-cu-iec-60502-1-061kv-mc-35-sfa	https://polycab.com/polycab-lv-cu-iec-60502-1-061kv-mc-35-sfa/a-5046/p-55273
industries/cables-by-application/pharmaceutical-industry/polycab-lv-cu-iec-60502-1-061kv-mc-35-ua	https://polycab.com/polycab-lv-cu-iec-60502-1-061kv-mc-35-ua/a-5046/p-55277
industries/cables-by-application/pharmaceutical-industry/polycab-lv-is-7098-i-2c-2xwy	https://polycab.com/polycab-lv-is-7098-i-2c-2xwy/a-5043/p-54702
industries/cables-by-application/pharmaceutical-industry/polycab-lv-is-7098-i-mc-15-2xy	https://polycab.com/polycab-lv-is-7098-i-mc-15-2xy/a-5043/p-54760
industries/cables-by-application/renewable-energy/polycab-mv-is-7098-ii-1c-2xway2xfay-1111kvue	https://polycab.com/polycab-mv-is-7098-ii-1c-2xway2xfay-1111kv-ue/a-3908/p-55065
industries/cables-by-application/renewable-energy/polycab-mv-is-7098-ii-3c-a2xwya2xfy-6666kvue	https://polycab.com/polycab-mv-is-7098-ii-3c-a2xwya2xfy-6666kv-ue/a-3908/p-55109
industries/cables-by-application/service-entrance/polycab-al-se-style-r-ul-854-600v	https://polycab.com/polycab-al-se-style-r-ul-854-600v/a-5035/p-54854
industries/cables-by-application/sugar-industry/polycab-lv-25-cu-iec-60502-1-061kv-mc-swa	https://polycab.com/polycab-lv-25-cu-iec-60502-1-061kv-mc-swa/a-5043/p-55313
industries/cables-by-application/sugar-industry/polycab-lv-al-iec-60502-1-061kv-mc-2-sfa	https://polycab.com/polycab-lv-al-iec-60502-1-061kv-mc-2-sfa/a-5046/p-55255
industries/cables-by-application/sugar-industry/polycab-lv-al-iec-60502-1-061kv-mc-35-swa	https://polycab.com/polycab-lv-al-iec-60502-1-061kv-mc-35-swa/a-5046/p-55269
industries/cables-by-application/sugar-industry/polycab-lv-is-7098-i-2c-2xfy	https://polycab.com/polycab-lv-is-7098-i-2c-2xfy/a-5043/p-54700
industries/cables-by-application/sugar-industry/polycab-lv-is-7098-i-4c-a2xfy	https://polycab.com/polycab-lv-is-7098-i-4c-a2xfy/a-5043/p-54728
industries/cables-by-application/utility/polycab-mv-15kv-cu-ul-1072-epr-133	https://polycab.com/polycab-mv-15kv-cu-ul-1072-epr-133/a-3908/p-55433
industries/cables-by-application/utility/polycab-mv-1t-cu-xlpe-as-nzs-19-33kv	https://polycab.com/polycab-mv-1t-cu-xlpe-as-nzs-1933kv/a-3908/p-55197
industries/cables-by-application/utility/polycab-mv-al-bs-7870-4-10-12722kv	https://polycab.com/polycab-mv-al-bs-7870-4-10-12722kv/a-3908/p-55015
industries/cables-by-application/utility/polycab-mv-is-7098-ii-1c-2xway2xfay-6.6-6.6kvue	https://polycab.com/polycab-mv-is-7098-ii-1c-2xway2xfay-6666kv-ue/a-3908/p-55061
industries/cables-by-application/utility/polycab-mv-is-7098-ii-3c-2xwy2xfy-12722kve	https://polycab.com/polycab-mv-is-7098-ii-3c-2xwy2xfy-12722kv-e/a-3908/p-55099
industries/cables-by-application/utility/polycab-mv-sc-cu-xlpe-as-nzs-3.8-6.6kv	https://polycab.com/polycab-mv-sc-cu-xlpe-as-nzs-3866kv/a-3908/p-55125
industries/cables-by-application/water-treatment-and-waste-disposal/polycab-lv-25-cu-iec-60502-1-061kv-mc-ua	https://polycab.com/polycab-lv-25-cu-iec-60502-1-061kv-mc-ua/a-5043/p-55309
industries/cables-by-application/water-treatment-and-waste-disposal/polycab-lv-al-iec-60502-1-061kv-mc-4-swa	https://polycab.com/polycab-lv-al-iec-60502-1-061kv-mc-4-swa/a-5046/p-55293
industries/cables-by-application/water-treatment-and-waste-disposal/polycab-lv-al-iec-60502-1-061kv-mc-4-ua	https://polycab.com/polycab-lv-al-iec-60502-1-061kv-mc-4-ua/a-5046/p-55295
industries/cables-by-application/water-treatment-and-waste-disposal/polycab-lv-cu-iec-60502-1-061kv-mc-4-swa	https://polycab.com/polycab-lv-cu-iec-60502-1-061kv-mc-4-swa/a-5046/p-55299
industries/cables-by-application/water-treatment-and-waste-disposal/polycab-lv-is-7098-i-3c-a2xfy	https://polycab.com/polycab-lv-is-7098-i-3c-a2xfy/a-5043/p-54720
industries/cables-by-application/water-treatment-and-waste-disposal/polycab-lv-is-7098-i-4c-2xwy	https://polycab.com/polycab-lv-is-7098-i-4c-2xwy/a-5043/p-54726
industries/cables-by-standards/asnzs-14291/polycab-mv-3c-al-xlpe-as-nzs-63511kv	https://polycab.com/polycab-mv-3c-al-xlpe-as-nzs-63511kv/a-3908/p-55163
industries/cables-by-standards/asnzs-14291/polycab-mv-sc-al-xlpe-as-nzs-12722kv	https://polycab.com/polycab-mv-sc-al-xlpe-as-nzs-12722kv/a-3908/p-55139
industries/cables-by-standards/bs-6231/polycab-type-bk-bs-6231-switch-gear-and-control-gear-wiring-061kv-ac	https://polycab.com/polycab-type-bk-bs-6231-switch-gear-control-gear-wiring-061kv-ac/a-5040/p-54834
industries/cables-by-standards/bs-7846/polycab-ignis-230	https://polycab.com/polycab-ignis-230/a-5047/p-54870
industries/cables-by-standards/bs-7870-4-10/polycab-mv-cu-bs-7870-4-10-1933kv-triplex	https://polycab.com/polycab-mv-cu-bs-7870-4-10-1933kv-triplex/a-3908/p-55033
industries/cables-by-standards/bsen-50525-2-41/polycab-h05s-uh05s-k-bsen-50525-2-41-sc-300500v-ac	https://polycab.com/polycab-h05s-uh05s-k-bsen-50525-2-41-sc-300500v-ac/a-5050/p-54943
industries/cables-by-standards/bsen-50525-3-41/polycab-h05z-kh07z-k-bsen-50525-3-41-sc-300500vand450750v-ac	https://polycab.com/polycab-h05z-kh07z-k-bsen-50525-3-41-sc-300500v450750v-ac/a-5040/p-54915
industries/cables-by-standards/iec-60092-376/polymarine-instrumentation-pair-250v-fs-os-iec-60092-376	https://polycab.com/polymarine-instrumentation-pair-250v-fs-os-iec-60092-376/a-5049/p-55043
industries/cables-by-standards/iec-60502-1/polycab-lv-al-iec-60502-1-061kv-mc-35-swa	https://polycab.com/polycab-lv-al-iec-60502-1-061kv-mc-35-swa/a-5046/p-55269
industries/cables-by-standards/iec-60502-1/polycab-lv-al-iec-60502-1-061kv-mc-35-ua	https://polycab.com/polycab-lv-al-iec-60502-1-061kv-mc-35-ua/a-5046/p-55271
industries/cables-by-standards/is-694/polycab-festoon-flat-15sqmm-multicore-cable	https://polycab.com/polycab-festoon-flat-15sqmm-multicore-cable/a-5040/p-55499
industries/cables-by-standards/is-17048/polycab-hffr-01z-k03xz-k-1100v-ac-is-17048	https://polycab.com/polycab-hffr-01z-k03xz-k-1100v-ac-is-17048/a-5044/p-54925
industries/cables-by-standards/is-694/polycab-02yy-k-1100v-submersible	https://polycab.com/polycab-02yy-k-1100v-submersible/a-5043/p-55634
industries/cables-by-standards/is-7098-i/polycab-lv-is-7098-i-35c-a2xwy	https://polycab.com/polycab-lv-is-7098-i-35c-a2xwy/a-5043/p-54714
industries/cables-by-standards/is-7098-ii/polycab-mv-is-7098-ii-1c-a2xwaya2xfay-1111kvue	https://polycab.com/polycab-mv-is-7098-ii-1c-a2xwaya2xfay-1111kv-ue/a-3908/p-55081
industries/cables-by-standards/is-7098-ii/polycab-mv-is-7098-ii-3c-2xwy2xfy-3866kve	https://polycab.com/polycab-mv-is-7098-ii-3c-2xwy2xfy-3866kv-e/a-3908/p-55091
industries/cables-by-standards/is-7098-ii/polycab-mv-is-7098-ii-3c-a2xwya2xfy-1933kve copy	https://polycab.com/polycab-mv-is-7098-ii-3c-2xwy-2xfy-1933kv-e/a-3908/p-55087
industries/cables-by-standards/is-9968-1/polycab-rr-e-1100v-ac-is-9968-1	https://polycab.com/polycab-rr-e-1100v-ac-is-9968-1/a-5038/p-55566
industries/cables-by-standards/ul-1072/polycab-mv-35kv-al-ul-1072-epr-100	https://polycab.com/polycab-mv-35kv-al-ul-1072-epr-100/a-3908/p-55439
industries/cables-by-standards/ul-1072/polycab-mv-cu-ul-1072-5kv-xlpe-100-or-133	https://polycab.com/polycab-mv-cu-ul-1072-5kv-xlpe-100-or-133/a-3908/p-55397
industries/cables-by-standards/ul-1569/polycab-al-xhhw-2-type-mc-al-armoured-pvc-jacket-ul-1569-600v	https://polycab.com/polycab-al-xhhw-2-type-mc-al-armoured-pvc-jacket-ul-1569-600v/a-5040/p-54957
industries/cables-by-type/lv-power-cable/polycab-lv-al-iec-60502-1-061kv-mc-2-swa	https://polycab.com/polycab-lv-al-iec-60502-1-061kv-mc-2-swa/a-5046/p-55257
industries/cables-by-type/lv-power-cable/polycab-lv-al-iec-60502-1-061kv-mc-3-swa	https://polycab.com/polycab-lv-al-iec-60502-1-061kv-mc-3-swa/a-5046/p-55281
industries/cables-by-type/lv-power-cable/polycab-lv-al-iec-60502-1-061kv-mc-35-sfa	https://polycab.com/polycab-lv-al-iec-60502-1-061kv-mc-35-sfa/a-5046/p-55267
industries/cables-by-type/lv-power-cable/polycab-lv-cu-iec-60502-1-061kv-mc-2-swa	https://polycab.com/polycab-lv-cu-iec-60502-1-061kv-mc-2-swa/a-5046/p-55263
industries/cables-by-type/lv-power-cable/polycab-lv-is-7098-i-2c-a2xfy	https://polycab.com/polycab-lv-is-7098-i-2c-a2xfy/a-5043/p-54704
industries/cables-by-type/lv-power-cable/polycab-lv-is-7098-i-35c-2xwy	https://polycab.com/polycab-lv-is-7098-i-35c-2xwy/a-5043/p-54710
industries/cables-by-type/mv-power-cable/polycab-mv-1t-al-xlpe-as-nzs-3866kv	https://polycab.com/polycab-mv-1t-al-xlpe-as-nzs-3866kv/a-3908/p-55181
industries/cables-by-type/mv-power-cable/polycab-mv-35kv-cu-ul-1072-epr-100	https://polycab.com/polycab-mv-35kv-cu-ul-1072-epr-100/a-3908/p-55447
industries/cables-by-type/mv-power-cable/polycab-mv-al-bs-7870-4-10-63511kv-triplex copy	https://polycab.com/polycab-mv-al-bs-7870-4-10-63511kv-triplex/a-3908/p-55031
industries/cables-by-type/mv-power-cable/polycab-mv-cu-bs-7870-4-10-63511kv-triplex	https://polycab.com/polycab-mv-cu-bs-7870-4-10-63511kv-triplex/a-3908/p-55035
industries/cables-by-type/mv-power-cable/polycab-mv-is-7098-ii-1c-a2xwaya2xfay-63511kve	https://polycab.com/polycab-mv-is-7098-ii-1c-a2xwaya2xfay-63511kv-e/a-3908/p-55079
industries/cables-by-type/others/control-cable/polycab-classic-110-sy-screened-300500v-ac	https://polycab.com/polycab-classic-110-sy-screened-300500v-ac/a-5040/p-55606
industries/cables-by-type/others/control-cable/polycab-lv-25-cu-iec-60502-1-061kv-mc-ua	https://polycab.com/polycab-lv-25-cu-iec-60502-1-061kv-mc-ua/a-5043/p-55309
industries/cables-by-type/others/control-cable/polycab-type-bk-bs-6231-switch-gear-and-control-gear-wiring-061kv-ac	https://polycab.com/polycab-type-bk-bs-6231-switch-gear-control-gear-wiring-061kv-ac/a-5040/p-54834
industries/cables-by-type/others/domestic-appliance-and-lighting-cable/polycab-6181b6182b6183b6184b6185b-bs-7211-450750v-ac	https://polycab.com/polycab-6181b6182b6183b6184b6185b-bs-7211-450750v-ac/a-3904/p-55489
industries/cables-by-type/others/domestic-appliance-and-lighting-cable/polycab-h03z1z1h2-fh05z1z1h2-f-bsen-50525-3-11-300300vand300500v-ac	https://polycab.com/polycab-h03z1z1h2-fh05z1z1h2-f-bsen-50525-3-11-300300v300500v-ac/a-5040/p-55596
industries/cables-by-type/others/high-temperature-cable/polycab-h05s-uh05s-k-bsen-50525-2-41-sc-300500v-ac	https://polycab.com/polycab-h05s-uh05s-k-bsen-50525-2-41-sc-300500v-ac/a-5050/p-54943
industries/cables-by-type/others/high-temperature-cable/polycab-h07bb-f-bsen-50525-2-21-mc-450750v-ac	https://polycab.com/polycab-h07bb-f-bsen-50525-2-21-mc-450750v-ac/a-5050/p-55582
industries/cables-by-type/others/industrial-cable/polycab-6241b6242b6243b-bs-7211-mc-300500v-ac	https://polycab.com/polycab-6241b6242b6243b-bs-7211-mc-300500v-ac/a-3904/p-55491
industries/cables-by-type/others/industrial-cable/polycab-classic-100-sy-300500v-ac	https://polycab.com/polycab-classic-100-sy-300500v-ac/a-5040/p-55554
industries/cables-by-type/others/industrial-cable/polycab-h05v2-uh05v2-rh07v2-uh07v2-r-bsen-50525-2-31-sc-300500vand450750v-ac	https://polycab.com/polycab-01y-r-sc-1100v-ac-is-694/a-5040/p-55628
industries/cables-by-type/others/industrial-cable/polycab-h07bb-f-bsen-50525-2-21-mc-450750v-ac	https://polycab.com/polycab-h07bb-f-bsen-50525-2-21-mc-450750v-ac/a-5050/p-55582
industries/cables-by-type/others/industrial-cable/polycab-hffr-01zz-k03xzz-k-1100v-ac-is-17048-flat-cable	https://polycab.com/polycab-hffr-01zz-k03xzz-k-1100v-ac-is-17048-flat-cable/a-5044/p-55644
industries/cables-by-type/others/marine-and-offshoreonshore-cable/polycab-h05bq-f-bsen-50525-2-21-mc-300500v-ac	https://polycab.com/polycab-h05bq-f-bsen-50525-2-21-mc-300500v-ac/a-5043/p-54826
industries/cables-by-type/others/marine-and-offshoreonshore-cable/polycab-hydro-type-lsxlpo-061kv-or-2kv	https://polycab.com/polycab-hydro-type-lsxlpo-061kv-or-2kv/a-5037/p-55315
industries/cables-by-type/others/marine-and-offshoreonshore-cable/polymarine-iec-60092-353-0610kv-fs-uarmoured-cable	https://polycab.com/polymarine-iec-60092-353-0610kv-fs-uarmoured-cable/a-5049/p-54904
industries/cables-by-type/others/marine-and-offshoreonshore-cable/polymarine-instrumentation-pair-250v-fs-os-iec-60092-376	https://polycab.com/polymarine-instrumentation-pair-250v-fs-os-iec-60092-376/a-5049/p-55043
industries/cables-by-type/others/rubber-cable/polycab-h05bn4-f-bsen-50525-2-21-mc-300500v-ac	https://polycab.com/polycab-h05bn4-f-bsen-50525-2-21-mc-300500v-ac/a-5050/p-55588
industries/cables-by-type/renewable-energy/polycab-solar-as-nzs-5000-pvc	https://polycab.com/polycab-solar-as-nzs-5000-pvc/a-5034/p-55511
industries/cables-by-application/sugar-industry/polycab-lv-is-7098-i-mc-15-2xfy	https://polycab.com/polycab-lv-is-7098-i-mc-15-2xfy/a-5043/p-54756
industries/cables-by-application/automation-and-process-control/polycab-al-xhhw-2-type-mc-al-armoured-pvc-jacket-ul-1569-600v	https://polycab.com/polycab-al-xhhw-2-type-mc-al-armoured-pvc-jacket-ul-1569-600v/a-5040/p-54957
industries/cables-by-application/cement-industry/polycab-lv-al-iec-60502-1-061kv-mc-35-sfa	https://polycab.com/polycab-lv-al-iec-60502-1-061kv-mc-35-sfa/a-5046/p-55267
industries/cables-by-application/cement-industry/polycab-lv-cu-iec-60502-1-061kv-mc-35-ua	https://polycab.com/polycab-lv-cu-iec-60502-1-061kv-mc-35-ua/a-5046/p-55277
industries/cables-by-application/cement-industry/polycab-lv-is-7098-i-2c-2xfy	https://polycab.com/polycab-lv-is-7098-i-2c-2xfy/a-5043/p-54700
industries/cables-by-application/it-industry/polycab-lv-al-iec-60502-1-061kv-mc-35-ua	https://polycab.com/polycab-lv-al-iec-60502-1-061kv-mc-35-ua/a-5046/p-55271
industries/cables-by-application/oil-gas-and-petrochemical/polycab-al-xhhw-2-type-mc-al-armoured-pvc-jacket-ul-1569-600v	https://polycab.com/polycab-al-xhhw-2-type-mc-al-armoured-pvc-jacket-ul-1569-600v/a-5040/p-54957
industries/cables-by-application/pharmaceutical-industry/polycab-hffr-4xzz-k04xzxz-k-1100v-ac-is-17048-flat-cable	https://polycab.com/polycab-hffr-4xzz-k04xzxz-k-1100v-ac-is-17048-flat-cable/a-5044/p-55646
industries/cables-by-application/pharmaceutical-industry/polycab-lv-25-cu-iec-60502-1-061kv-mc-ua	https://polycab.com/polycab-lv-25-cu-iec-60502-1-061kv-mc-ua/a-5043/p-55309
industries/cables-by-application/pharmaceutical-industry/polycab-lv-al-iec-60502-1-061kv-mc-4-sfa	https://polycab.com/polycab-lv-al-iec-60502-1-061kv-mc-4-sfa/a-5046/p-55291
industries/cables-by-application/pharmaceutical-industry/polycab-lv-cu-iec-60502-1-061kv-mc-35-swa	https://polycab.com/polycab-lv-cu-iec-60502-1-061kv-mc-35-swa/a-5046/p-55275
industries/cables-by-application/renewable-energy/polycab-mv-is-7098-ii-1ca2xwaya2xfay-12722kve	https://polycab.com/polycab-mv-is-7098-ii-1ca2xwaya2xfay-12722kv-e/a-3908/p-55083
industries/cables-by-application/service-entrance/polycab-cu-se-style-u-ul-854-600v	https://polycab.com/polycab-cu-se-style-u-ul-854-600v/a-5035/p-54856
industries/cables-by-application/utility/polycab-mv-al-bs-7870-4-10-19-33kv-triplex	https://polycab.com/polycab-mv-al-bs-7870-4-10-1933kv-triplex/a-3908/p-55029
industries/cables-by-application/utility/polycab-mv-cu-bs-7870-4-10-12.7-22kv	https://polycab.com/polycab-mv-cu-bs-7870-4-10-12722kv/a-3908/p-55021
industries/cables-by-application/utility/polycab-mv-is-7098-ii-1c-a2xwaya2xfay-6.35-11kve	https://polycab.com/polycab-mv-is-7098-ii-1c-a2xwaya2xfay-63511kv-e/a-3908/p-55079
industries/cables-by-application/water-treatment-and-waste-disposal/polycab-lv-cu-iec-60502-1-061kv-mc-3-swa	https://polycab.com/polycab-lv-cu-iec-60502-1-061kv-mc-3-swa/a-5046/p-55287
industries/cables-by-application/water-treatment-and-waste-disposal/polycab-lv-is-7098-i-3c-2xfy	https://polycab.com/polycab-lv-is-7098-i-3c-2xfy/a-5043/p-54716
industries/cables-by-standards/asnzs-14291/polycab-mv-3c-cu-xlpe-as-nzs-3866kv	https://polycab.com/polycab-mv-3c-cu-xlpe-as-nzs-3866kv/a-3908/p-55155
industries/cables-by-type/others/industrial-cable/polycab-type-bk-bs-6231-switch-gear-and-control-gear-wiring-061kv-ac	https://polycab.com/polycab-type-bk-bs-6231-switch-gear-control-gear-wiring-061kv-ac/a-5040/p-54834
industries/cables-by-standards/bs-7870-4-10/polycab-mv-al-bs-7870-4-10-63511kv-triplex	https://polycab.com/polycab-mv-al-bs-7870-4-10-63511kv-triplex/a-3908/p-55031
industries/cables-by-standards/iec-60092-376/polymarine-instrumentation-pair-250v-os-iec-60092-376	https://polycab.com/polymarine-instrumentation-pair-250v-os-iec-60092-376/a-5049/p-55051
industries/cables-by-standards/iec-60502-1/polycab-lv-25-cu-iec-60502-1-061kv-mc-sfa	https://polycab.com/polycab-lv-25-cu-iec-60502-1-061kv-mc-sfa/a-5043/p-55311
industries/cables-by-standards/is-17048/polycab-hffr-4xzz-k04xzxz-k-1100v-ac-is-17048-flat-cable	https://polycab.com/polycab-hffr-4xzz-k04xzxz-k-1100v-ac-is-17048-flat-cable/a-5044/p-55646
industries/cables-by-standards/is-7098-i/polycab-lv-is-7098-i-2c-2xwy	https://polycab.com/polycab-lv-is-7098-i-2c-2xwy/a-5043/p-54702
industries/cables-by-standards/is-9968-1/polycab-sir-g-1100v-ac-is-9968-1	https://polycab.com/polycab-sir-g-1100v-ac-is-9968-1/a-5050/p-54929
industries/cables-by-type/lv-power-cable/polycab-lv-al-iec-60502-1-061kv-mc-3-sfa	https://polycab.com/polycab-lv-al-iec-60502-1-061kv-mc-3-sfa/a-5046/p-55279
industries/cables-by-type/lv-power-cable/polycab-lv-cu-iec-60502-1-061kv-mc-2-sfa	https://polycab.com/polycab-lv-cu-iec-60502-1-061kv-mc-2-sfa/a-5046/p-55261
industries/cables-by-type/lv-power-cable/polycab-lv-is-7098-i-2c-2xy	https://polycab.com/polycab-lv-is-7098-i-2c-2xy/a-5043/p-54740
industries/cables-by-type/mv-power-cable/polycab-mv-al-bs-7870-4-10-63511kv	https://polycab.com/polycab-mv-al-bs-7870-4-10-63511kv/a-3908/p-55019
industries/cables-by-type/others/building-wires/polycab-hffr-01z-r03xz-r-sc-1100v-ac-is-17048	https://polycab.com/polycab-hffr-01z-r03xz-r-sc-1100v-ac-is-17048/a-5042/p-55648
industries/cables-by-type/others/domestic-appliance-and-lighting-cable/polycab-h07v-uh07v-r-bsen-50525-2-31-sc-450750v-ac	https://polycab.com/polycab-h07v-uh07v-r-bsen-50525-2-31-sc-450750v-ac/a-5040/p-55331
industries/cables-by-type/others/fire-protection-cable/polycab-ignis-211	https://polycab.com/polycab-ignis-211/a-5047/p-54872
industries/cables-by-type/others/marine-and-offshoreonshore-cable/polycab-rr-reinforced1100v-ac-is-9968-1	https://polycab.com/polycab-rr-reinforced-1100v-ac-is-9968-1/a-5038/p-55578
industries/cables-by-type/others/rubber-cable/polycab-h07bb-f-bsen-50525-2-21-mc-450750v-ac	https://polycab.com/polycab-h07bb-f-bsen-50525-2-21-mc-450750v-ac/a-5050/p-55582